instance_index,original_test_index,decile1,decile3,fam_inc,lsat,ugpa,gender,race,fulltime,predicted_class,prediction_score,target_law
0,10892,3.0,3.0,5.0,30.5,2.8,0,0,1.0,0,0.1,0
1,2409,10.0,9.0,4.0,44.0,3.4,1,0,1.0,0,0.0,0
2,2559,7.0,7.0,3.0,42.0,3.4,1,0,1.0,0,0.0,0
3,6311,9.0,10.0,4.0,46.0,3.2,1,0,2.0,0,0.0,0
4,17175,4.0,3.0,3.0,32.0,3.0,1,0,1.0,0,0.04,1
5,14883,3.0,1.0,2.0,27.0,3.1,0,3,1.0,0,0.15,1
6,11083,9.0,9.0,4.0,43.0,2.8,1,0,1.0,0,0.0,0
7,1064,8.0,8.0,4.0,35.0,3.5,0,0,1.0,0,0.0,0
8,20381,8.0,10.0,4.0,38.0,2.1,1,0,2.0,0,0.06,0
9,11321,3.0,2.0,5.0,35.0,2.8,1,0,1.0,0,0.13569514968634194,1
10,6510,10.0,10.0,3.0,40.0,3.2,0,0,1.0,0,0.0,0
11,10978,1.0,1.0,3.0,48.0,2.8,1,0,1.0,0,0.2793989425540887,0
12,17910,10.0,10.0,4.0,40.0,3.0,1,0,1.0,0,0.0,0
13,17119,1.0,1.0,3.0,31.3,3.0,1,0,1.0,0,0.12,0
14,14851,2.0,4.0,5.0,42.0,3.1,0,1,1.0,0,0.0,0
15,1804,10.0,10.0,4.0,39.0,3.4,0,0,1.0,0,0.0,0
16,17128,10.0,9.0,3.0,38.0,3.0,1,0,1.0,0,0.0,0
17,20076,8.0,7.0,3.0,41.0,2.3,1,0,2.0,0,0.0,0
18,10643,7.0,7.0,3.0,42.0,2.9,0,0,1.0,0,0.0,0
19,19156,4.0,6.0,3.0,39.0,3.8,0,0,1.0,0,0.0,0
20,11811,7.0,5.0,2.0,28.5,3.9,1,0,2.0,0,0.12,0
21,14607,4.0,8.0,4.0,32.0,3.1,1,0,1.0,0,0.4868147824722216,0
22,12366,6.0,5.0,4.0,43.0,3.9,1,0,1.0,0,0.0,0
23,1821,2.0,2.0,2.0,45.0,3.4,0,2,1.0,0,0.01,0
24,11007,9.0,10.0,4.0,31.5,2.8,1,4,1.0,0,0.01,0
25,11351,9.0,10.0,4.0,40.0,2.8,1,0,1.0,0,0.0,0
26,18924,10.0,10.0,3.0,40.0,3.8,1,0,1.0,0,0.0,0
27,8171,8.0,9.0,2.0,42.0,3.6,1,0,1.0,0,0.0,0
28,11261,9.0,10.0,4.0,28.0,2.8,1,1,1.0,0,0.01,0
29,6431,9.0,5.0,3.0,41.0,3.2,1,0,1.0,0,0.0,0
30,9266,9.0,7.0,3.0,37.0,3.6,1,0,1.0,0,0.0,0
31,18000,2.0,1.0,1.0,27.0,2.6,0,3,2.0,0,0.41,1
32,16588,6.0,6.0,4.0,29.0,3.0,1,2,1.0,0,0.03796306474661977,0
33,2770,4.0,4.0,4.0,44.0,3.4,1,0,1.0,0,0.025481567584016335,0
34,6404,2.0,2.0,4.0,40.0,3.2,0,0,1.0,0,0.2271193856102609,0
35,4622,9.0,9.0,4.0,39.0,3.3,1,0,1.0,0,0.0,0
36,18863,5.0,6.0,5.0,43.0,3.8,0,0,1.0,0,0.01,0
37,1552,5.0,6.0,4.0,45.0,3.5,0,0,1.0,0,0.0,0
38,20146,8.0,8.0,4.0,48.0,2.3,0,0,2.0,0,0.0,0
39,6845,4.0,4.0,4.0,44.0,3.2,1,0,1.0,0,0.19359678023595947,0
40,4428,3.0,3.0,3.0,33.5,3.3,1,4,2.0,0,0.2337154006994203,1
41,19190,4.0,4.0,4.0,47.0,3.8,1,0,1.0,0,0.008866042469861085,0
42,2490,3.0,3.0,5.0,43.0,3.4,1,0,1.0,0,0.09007842432614226,0
43,9595,7.0,9.0,4.0,33.0,2.9,1,0,1.0,0,0.03,0
44,11918,5.0,3.0,4.0,39.0,3.9,1,2,1.0,0,0.03,0
45,2530,9.0,9.0,5.0,37.0,3.4,0,0,1.0,0,0.0,0
46,7169,5.0,3.0,4.0,44.0,3.2,1,0,1.0,0,0.02,0
47,19083,5.0,6.0,3.0,44.0,3.8,0,0,1.0,0,0.0,0
48,19869,4.0,3.0,2.0,37.0,2.5,1,0,1.0,0,0.19,0
49,13090,9.0,9.0,5.0,43.0,3.7,1,0,1.0,0,0.0,0
50,18319,3.0,3.0,4.0,36.0,2.6,0,0,1.0,0,0.34,1
51,3178,8.0,7.0,3.0,37.0,3.4,0,0,1.0,0,0.0,0
52,13349,9.0,8.0,4.0,35.0,3.7,1,0,1.0,0,0.0,0
53,8288,2.0,2.0,2.0,38.0,3.6,1,0,1.0,0,0.03,0
54,226,4.0,6.0,3.0,42.0,3.5,0,0,1.0,0,0.0,0
55,15984,2.0,1.0,5.0,41.0,3.1,1,0,1.0,0,0.15939894255408868,0
56,15770,7.0,6.0,4.0,38.0,3.1,0,0,1.0,0,0.0,0
57,6067,8.0,7.0,5.0,40.5,3.2,1,0,1.0,0,0.0,0
58,3852,10.0,10.0,2.0,36.0,3.3,0,0,1.0,0,0.0,0
59,9913,6.0,6.0,4.0,35.0,2.9,1,0,1.0,0,0.13301077051683,0
60,4364,7.0,7.0,4.0,41.0,3.3,1,0,1.0,0,0.0,0
61,1599,6.0,7.0,4.0,33.0,3.5,0,0,1.0,0,0.008866042469861085,0
62,5752,3.0,3.0,3.0,30.0,3.2,1,0,1.0,0,0.4155173635707959,0
63,12254,10.0,10.0,2.0,36.0,3.9,1,0,1.0,0,0.0,0
64,17874,9.0,5.0,2.0,31.0,3.0,1,1,1.0,0,0.04,0
65,9116,8.0,8.0,3.0,38.0,3.6,1,0,1.0,0,0.0,0
66,9045,6.0,8.0,4.0,33.0,3.6,1,0,1.0,0,0.01,0
67,16102,1.0,2.0,5.0,37.0,3.1,1,0,1.0,0,0.48,0
68,1635,9.0,10.0,4.0,40.0,3.5,0,0,1.0,0,0.0,0
69,6810,6.0,6.0,3.0,37.0,3.2,1,0,1.0,0,0.0,0
70,8079,7.0,6.0,4.0,36.0,3.6,0,4,1.0,0,0.01,0
71,10370,10.0,10.0,3.0,35.0,2.9,0,0,1.0,0,0.049779105069725584,0
72,6356,1.0,1.0,3.0,34.0,3.2,0,1,1.0,0,0.22455445649319827,1
73,15343,6.0,4.0,4.0,37.0,3.1,1,0,1.0,0,0.15,0
74,3283,8.0,9.0,3.0,29.0,3.4,1,0,1.0,0,0.0,0
75,6091,5.0,4.0,4.0,38.0,3.2,0,0,1.0,0,0.05495910145092085,0
76,6645,4.0,2.0,1.0,33.5,3.2,1,0,1.0,0,0.1,0
77,19285,2.0,2.0,4.0,40.0,3.8,0,0,1.0,0,0.008866042469861085,0
78,10230,4.0,3.0,4.0,35.0,2.9,1,0,1.0,0,0.028866042469861086,1
79,11352,5.0,3.0,3.0,29.0,2.8,1,0,1.0,0,0.4580803736125365,0
80,20222,9.0,10.0,3.0,35.0,2.3,1,0,1.0,0,0.0,0
81,8657,10.0,10.0,3.0,46.0,3.6,1,0,1.0,0,0.0,0
82,9716,7.0,5.0,3.0,27.0,2.9,0,2,1.0,0,0.08,0
83,16510,3.0,2.0,4.0,37.0,3.0,1,0,1.0,0,0.07,0
84,30,6.0,4.0,1.0,37.0,3.5,1,0,1.0,0,0.02,0
85,593,6.0,5.0,4.0,43.0,3.5,1,0,1.0,0,0.0,0
86,13023,8.0,9.0,4.0,40.0,3.7,0,0,1.0,0,0.0,0
87,10531,10.0,10.0,4.0,37.0,2.9,1,0,1.0,0,0.0,0
88,11921,9.0,10.0,4.0,47.0,3.9,0,0,1.0,0,0.0,0
89,18089,9.0,8.0,3.0,42.0,2.6,1,0,1.0,0,0.0,0
90,10500,2.0,2.0,3.0,25.0,2.9,1,0,1.0,0,0.4,0
91,7853,9.0,8.0,5.0,42.5,3.6,0,0,1.0,0,0.0,0
92,5129,9.0,9.0,3.0,39.0,3.3,1,0,1.0,0,0.0,0
93,6235,10.0,10.0,4.0,35.0,3.2,1,0,1.0,0,0.0,0
94,3496,10.0,10.0,3.0,42.0,3.4,0,0,1.0,0,0.0,0
95,12466,8.0,8.0,4.0,47.0,3.7,1,0,1.0,0,0.0,0
96,9885,4.0,5.0,4.0,35.0,2.9,1,0,1.0,0,0.0,0
97,10909,3.0,4.0,3.0,35.0,2.8,1,0,1.0,0,0.0432768359600231,0
98,2769,6.0,8.0,3.0,31.0,3.4,0,0,1.0,0,0.3,0
99,10269,3.0,1.0,3.0,35.0,2.9,1,0,1.0,0,0.35359259160899553,0
100,9504,3.0,3.0,4.0,35.0,2.9,1,0,1.0,0,0.09715916614726364,1
101,7292,3.0,3.0,3.0,37.0,3.2,0,0,1.0,0,0.0,0
102,12670,5.0,5.0,2.0,31.0,3.7,0,0,1.0,0,0.01,0
103,11664,6.0,3.0,2.0,39.0,2.8,1,0,1.0,0,0.03,0
104,818,7.0,8.0,4.0,38.0,3.5,0,0,1.0,0,0.0,0
105,7401,2.0,2.0,3.0,37.0,3.2,0,0,1.0,0,0.01,0
106,9312,6.0,7.0,3.0,48.0,3.6,0,0,1.0,0,0.0,0
107,4656,3.0,5.0,4.0,46.0,3.3,0,0,1.0,0,0.0,0
108,15457,5.0,4.0,4.0,32.0,3.1,1,0,1.0,0,0.34695310997740814,1
109,14448,4.0,2.0,4.0,41.0,2.7,1,0,1.0,0,0.22796306474661976,1
110,13410,3.0,2.0,3.0,44.0,3.7,1,0,1.0,0,0.17920726685479763,0
111,204,1.0,2.0,3.0,47.0,3.5,0,0,1.0,0,0.11,0
112,18144,4.0,4.0,3.0,35.0,2.6,0,0,1.0,0,0.4990011850822931,0
113,6193,2.0,6.0,4.0,35.0,3.2,0,0,1.0,0,0.07,0
114,711,5.0,5.0,3.0,36.0,3.5,1,0,1.0,0,0.0,0
115,1043,8.0,7.0,4.0,33.0,3.5,1,0,1.0,0,0.0,0
116,4531,10.0,10.0,4.0,35.0,3.3,1,0,1.0,0,0.0,0
117,3760,6.0,5.0,5.0,39.0,3.3,1,0,1.0,0,0.0,0
118,7201,4.0,4.0,4.0,48.0,3.2,0,0,1.0,0,0.018264985023949767,0
119,15612,1.0,2.0,4.0,40.0,3.1,1,0,1.0,0,0.4088660424698611,1
120,7018,5.0,7.0,2.0,36.0,3.2,1,0,1.0,0,0.01969015968564501,0
121,12664,8.0,8.0,3.0,43.0,3.7,1,0,1.0,0,0.0,0
122,16730,8.0,7.0,3.0,44.0,3.0,0,0,1.0,0,0.12791234938355842,0
123,19396,2.0,1.0,5.0,48.0,3.8,1,0,1.0,0,0.01,0
124,899,10.0,9.0,3.0,39.5,3.5,0,0,1.0,0,0.0,0
125,3764,10.0,10.0,5.0,44.0,3.3,1,0,1.0,0,0.0,0
126,18810,8.0,9.0,4.0,34.0,3.8,0,0,1.0,0,0.02,0
127,18822,7.0,8.0,4.0,38.0,3.8,1,0,1.0,0,0.0,0
128,586,8.0,8.0,4.0,39.0,3.5,1,0,1.0,0,0.0,0
129,1669,2.0,2.0,3.0,30.0,3.5,0,3,1.0,0,0.1688660424698611,0
130,9703,10.0,9.0,3.0,35.0,2.9,0,0,1.0,0,0.01592612949323953,0
131,17544,6.0,6.0,5.0,44.0,3.0,1,0,1.0,0,0.0,0
132,17877,6.0,4.0,4.0,41.0,3.0,0,0,1.0,0,0.05,0
133,10102,5.0,6.0,3.0,39.0,2.9,1,0,2.0,0,0.09,0
134,18759,9.0,8.0,3.0,37.0,3.8,1,0,2.0,0,0.0,0
135,12869,6.0,6.0,3.0,36.0,3.7,0,0,1.0,0,0.007963064746619765,0
136,5665,7.0,8.0,4.0,28.0,3.2,1,0,1.0,0,0.01,0
137,15765,3.0,3.0,4.0,35.5,3.1,0,2,1.0,0,0.08,0
138,14604,3.0,3.0,3.0,33.0,3.1,1,0,2.0,0,0.13826498502394977,0
139,17786,3.0,2.0,3.0,35.5,3.0,0,0,1.0,0,0.3792635611225043,0
140,4575,4.0,3.0,3.0,35.0,3.3,0,0,1.0,0,0.02796306474661977,0
141,12703,6.0,7.0,3.0,38.0,3.7,0,0,1.0,0,0.0,0
142,6207,2.0,3.0,4.0,34.0,3.2,1,0,1.0,0,0.08,0
143,17010,10.0,9.0,3.0,43.5,3.0,1,0,1.0,0,0.0,0
144,13422,10.0,10.0,4.0,32.0,3.7,0,0,1.0,0,0.0,0
145,16554,8.0,9.0,4.0,34.0,3.0,0,0,1.0,0,0.0,0
146,13181,9.0,8.0,3.0,41.0,3.7,0,0,1.0,0,0.0,0
147,9599,10.0,9.0,4.0,46.0,2.9,0,0,1.0,0,0.0,0
148,605,4.0,3.0,3.0,34.0,3.5,1,0,1.0,0,0.008866042469861085,0
149,11773,5.0,6.0,3.0,38.0,3.9,0,0,1.0,0,0.0,0
150,13159,7.0,7.0,4.0,41.0,3.7,0,0,1.0,0,0.0,0
151,1163,1.0,1.0,4.0,42.0,3.5,0,0,1.0,0,0.04,0
152,12040,7.0,6.0,3.0,47.0,3.9,1,0,1.0,0,0.01,0
153,13218,10.0,10.0,4.0,37.0,3.7,0,0,1.0,0,0.0,0
154,16066,4.0,4.0,4.0,36.0,3.1,1,0,1.0,0,0.01,0
155,1388,6.0,3.0,4.0,37.0,3.5,0,0,1.0,0,0.21601446766824395,0
156,9831,5.0,2.0,4.0,34.5,2.9,1,0,1.0,0,0.2388660424698611,1
157,11157,4.0,3.0,4.0,41.0,2.8,0,0,1.0,0,0.044959101450920864,0
158,945,7.0,7.0,4.0,33.0,3.5,0,0,1.0,0,0.0,0
159,17393,6.0,5.0,3.0,35.0,3.0,1,0,1.0,0,0.0,0
160,16370,4.0,3.0,4.0,31.0,3.1,1,0,1.0,0,0.06939894255408868,0
161,10921,6.0,3.0,4.0,37.0,2.8,1,0,1.0,0,0.03,0
162,3463,4.0,2.0,3.0,35.5,3.4,0,2,1.0,0,0.06,1
163,17364,3.0,3.0,4.0,38.0,3.0,1,0,1.0,0,0.0,0
164,19044,9.0,9.0,3.0,42.0,3.8,1,0,1.0,0,0.0,0
165,20110,8.0,8.0,4.0,34.0,2.3,1,1,1.0,0,0.0,0
166,9417,9.0,8.0,5.0,37.0,2.9,0,0,1.0,0,0.01,0
167,1773,5.0,5.0,3.0,37.0,3.4,0,0,1.0,0,0.01773208493972217,0
168,12123,7.0,5.0,4.0,41.0,3.9,0,0,1.0,0,0.03,0
169,4612,4.0,3.0,2.0,39.0,3.3,1,0,1.0,0,0.03,1
170,989,7.0,9.0,4.0,32.0,3.5,0,0,1.0,0,0.0,0
171,2374,10.0,8.0,5.0,36.5,3.4,1,0,1.0,0,0.0,0
172,18775,5.0,7.0,4.0,43.0,3.8,0,0,1.0,0,0.0,0
173,17713,3.0,2.0,3.0,35.0,3.0,0,1,2.0,0,0.15569514968634193,0
174,10403,1.0,2.0,4.0,31.0,2.9,1,1,1.0,0,0.29,1
175,12282,8.0,6.0,3.0,34.0,3.9,0,0,1.0,0,0.07,0
176,4958,4.0,2.0,4.0,36.0,3.3,0,0,1.0,0,0.3099355958005182,0
177,2627,9.0,8.0,2.0,43.0,3.4,1,0,1.0,0,0.0,0
178,19712,4.0,2.0,4.0,48.0,2.5,1,0,1.0,0,0.27,1
179,2672,10.0,10.0,3.0,44.0,3.4,0,0,1.0,0,0.0,0
180,13702,8.0,8.0,3.0,36.0,3.7,0,0,1.0,0,0.0,0
181,755,10.0,9.0,2.0,46.0,3.5,0,0,1.0,0,0.0,0
182,18482,9.0,10.0,4.0,46.0,2.6,0,0,1.0,0,0.0,0
183,18018,5.0,3.0,4.0,42.0,2.6,1,0,1.0,0,0.08,0
184,10293,7.0,8.0,5.0,37.0,2.9,1,0,1.0,0,0.01,0
185,6952,4.0,5.0,3.0,36.0,3.2,1,0,1.0,0,0.01,0
186,7463,2.0,2.0,3.0,36.0,2.4,1,3,1.0,0,0.46274731667269536,0
187,19231,5.0,6.0,4.0,43.0,3.8,1,0,1.0,0,0.0,0
188,5154,6.0,7.0,4.0,42.0,3.3,0,0,1.0,0,0.0,0
189,3453,6.0,7.0,3.0,34.0,3.4,0,0,1.0,0,0.03569514968634194,0
190,8693,6.0,5.0,3.0,40.0,3.6,1,1,1.0,0,0.0,0
191,240,9.0,9.0,4.0,39.0,3.5,0,0,1.0,0,0.0,0
192,4038,2.0,3.0,3.0,29.0,3.3,1,0,1.0,0,0.15,1
193,4506,10.0,7.0,3.0,29.0,3.3,1,0,1.0,0,0.02,0
194,7263,7.0,7.0,4.0,36.0,3.2,1,0,1.0,0,0.0,0
195,8573,8.0,7.0,3.0,40.0,3.6,1,0,1.0,0,0.0,0
196,14976,7.0,7.0,3.0,42.0,3.1,1,0,1.0,0,0.0,0
197,10988,8.0,8.0,3.0,40.0,2.8,1,0,1.0,0,0.0,0
198,13746,6.0,7.0,3.0,41.0,3.7,0,0,1.0,0,0.0,0
199,12994,1.0,2.0,4.0,36.0,3.7,0,0,1.0,0,0.260255992768036,1
200,16928,10.0,10.0,4.0,33.0,3.0,0,0,1.0,0,0.0,0
201,17886,2.0,6.0,3.0,33.0,3.0,0,0,1.0,0,0.09886604246986108,1
202,6074,9.0,6.0,4.0,33.5,3.2,0,0,1.0,0,0.14,0
203,5596,7.0,7.0,3.0,24.0,3.2,0,0,1.0,0,0.47,0
204,9250,3.0,1.0,3.0,33.0,3.6,0,0,1.0,0,0.46,0
205,5155,5.0,4.0,4.0,48.0,3.3,1,0,1.0,0,0.0,0
206,16859,8.0,9.0,4.0,36.0,3.0,0,0,1.0,0,0.0,0
207,1200,4.0,5.0,4.0,42.0,3.5,0,0,1.0,0,0.008866042469861085,0
208,11829,10.0,9.0,4.0,48.0,3.9,1,0,1.0,0,0.0,0
209,11611,9.0,9.0,2.0,34.5,2.8,0,0,1.0,0,0.0,0
210,10858,4.0,4.0,1.0,20.0,2.8,0,3,1.0,0,0.38,1
211,14538,6.0,4.0,4.0,36.0,2.7,1,0,1.0,0,0.07939894255408868,1
212,10292,3.0,2.0,4.0,35.0,2.9,1,0,1.0,0,0.2334272346260641,1
213,2775,7.0,6.0,2.0,34.0,3.4,0,0,1.0,0,0.15609305898105977,0
214,14692,3.0,2.0,4.0,44.0,3.1,1,0,1.0,0,0.12227148812972581,0
215,7152,9.0,8.0,3.0,36.5,3.2,1,0,1.0,0,0.38179601690146286,0
216,13773,4.0,4.0,4.0,37.0,2.7,0,0,1.0,0,0.03,0
217,13738,3.0,2.0,3.0,39.5,3.7,0,0,1.0,0,0.01,0
218,3124,8.0,7.0,4.0,43.0,3.4,0,0,1.0,0,0.0,0
219,3261,9.0,8.0,3.0,32.0,3.4,1,0,1.0,0,0.34390635135567293,0
220,14966,10.0,9.0,3.0,40.0,3.1,1,0,1.0,0,0.0,0
221,12829,5.0,4.0,2.0,41.0,3.7,0,0,1.0,0,0.0,0
222,797,6.0,7.0,3.0,37.0,3.5,1,0,1.0,0,0.0,0
223,14259,9.0,10.0,4.0,39.0,2.7,1,0,1.0,0,0.0,0
224,13038,3.0,4.0,2.0,44.0,3.7,0,0,1.0,0,0.01,0
225,19117,6.0,6.0,3.0,37.0,3.8,0,0,1.0,0,0.0,0
226,3369,3.0,4.0,5.0,43.0,3.4,1,0,1.0,0,0.01,0
227,12260,6.0,7.0,4.0,38.0,3.9,0,0,1.0,0,0.0,0
228,17895,8.0,7.0,3.0,40.0,3.0,1,2,1.0,0,0.0,0
229,6908,10.0,8.0,4.0,32.5,3.2,1,0,1.0,0,0.01,0
230,7347,5.0,4.0,3.0,45.0,3.2,1,0,1.0,0,0.01,0
231,7890,2.0,2.0,3.0,34.5,3.6,0,0,1.0,0,0.21182898964926725,0
232,16369,7.0,7.0,3.0,40.0,3.1,1,0,1.0,0,0.0,0
233,5599,5.0,6.0,4.0,33.0,3.2,1,0,1.0,0,0.01,0
234,3019,3.0,4.0,4.0,40.0,3.4,1,0,1.0,0,0.01,0
235,5679,10.0,10.0,4.0,36.0,3.2,0,0,1.0,0,0.0,0
236,19086,10.0,10.0,3.0,36.0,3.8,1,0,1.0,0,0.0,0
237,8119,1.0,1.0,3.0,42.0,3.6,0,0,1.0,0,0.10034468001754936,0
238,16640,2.0,3.0,4.0,35.0,3.0,1,0,1.0,0,0.02458902381190713,0
239,12174,10.0,10.0,3.0,41.0,3.9,0,0,2.0,0,0.0,0
240,4370,7.0,6.0,4.0,39.0,3.3,0,0,1.0,0,0.01,0
241,2238,10.0,9.0,4.0,29.0,3.4,0,0,1.0,0,0.0,0
242,7339,7.0,7.0,4.0,31.0,3.2,1,0,1.0,0,0.0,0
243,11292,4.0,5.0,4.0,42.0,2.8,0,0,1.0,0,0.0,0
244,19016,5.0,3.0,3.0,31.0,3.8,1,0,1.0,0,0.28,1
245,13879,2.0,4.0,4.0,32.0,2.7,0,3,1.0,0,0.15,0
246,5871,6.0,7.0,4.0,37.0,3.2,0,0,1.0,0,0.0,0
247,13725,5.0,8.0,3.0,46.0,3.7,1,2,1.0,0,0.04,0
248,8578,10.0,10.0,4.0,40.0,3.6,1,0,1.0,0,0.0,0
249,7103,7.0,7.0,4.0,41.0,3.2,1,0,1.0,0,0.0,0
250,7782,2.0,1.0,5.0,28.5,2.4,0,0,1.0,0,0.28178820866740173,1
251,16734,6.0,7.0,4.0,42.0,3.0,1,0,1.0,0,0.0,0
252,14127,3.0,2.0,4.0,38.0,2.7,0,0,1.0,0,0.15682910721648086,0
253,5220,4.0,6.0,2.0,38.0,3.3,1,0,1.0,0,0.01,0
254,17940,2.0,2.0,4.0,36.0,3.0,1,0,1.0,0,0.16208288214752625,0
255,11711,8.0,8.0,5.0,28.0,2.8,0,0,1.0,0,0.05,0
256,2043,10.0,10.0,3.0,31.0,3.4,0,0,1.0,0,0.01,0
257,12844,4.0,4.0,4.0,28.0,3.7,0,0,1.0,0,0.31,0
258,6529,3.0,2.0,3.0,37.0,3.2,0,0,1.0,0,0.1737154006994203,1
259,6136,8.0,8.0,5.0,36.0,3.2,1,0,1.0,0,0.0,0
260,14376,8.0,8.0,5.0,42.0,2.7,1,0,1.0,0,0.0,0
261,17522,7.0,3.0,3.0,30.0,3.0,0,0,2.0,0,0.22,0
262,12912,2.0,3.0,3.0,40.0,3.7,0,0,1.0,0,0.05,0
263,16417,2.0,1.0,4.0,35.0,3.0,0,2,1.0,0,0.08509409224043062,1
264,11989,10.0,10.0,3.0,36.0,3.9,1,0,1.0,0,0.0,0
265,17796,2.0,2.0,3.0,34.0,3.0,1,0,2.0,0,0.13682910721648084,0
266,4119,6.0,6.0,3.0,35.0,3.3,1,0,1.0,0,0.04682910721648085,0
267,15396,6.0,5.0,3.0,44.0,3.1,1,0,1.0,0,0.0,0
268,10286,10.0,10.0,3.0,44.0,2.9,1,0,1.0,0,0.0,0
269,3936,6.0,3.0,2.0,43.0,3.3,1,0,1.0,0,0.14,0
270,14236,10.0,10.0,3.0,33.0,2.7,1,0,2.0,0,0.07,0
271,1985,8.0,8.0,4.0,32.0,3.4,0,0,1.0,0,0.06,0
272,20017,10.0,10.0,5.0,38.0,2.5,1,0,1.0,0,0.0,0
273,17609,5.0,7.0,3.0,42.0,3.0,1,0,1.0,0,0.03509409224043062,0
274,1383,9.0,10.0,1.0,44.0,3.5,1,0,1.0,0,0.01,0
275,8132,1.0,4.0,4.0,44.0,3.6,1,0,1.0,0,0.0,0
276,13155,5.0,6.0,3.0,42.0,3.7,1,0,1.0,0,0.0,0
277,1465,9.0,10.0,4.0,31.0,3.5,1,0,1.0,0,0.0,0
278,10468,6.0,6.0,4.0,36.0,2.9,1,0,1.0,0,0.06694653080759819,1
279,6737,9.0,8.0,3.0,29.0,3.2,0,3,1.0,0,0.0,0
280,10683,9.0,10.0,4.0,33.0,2.9,1,0,1.0,0,0.0,0
281,15924,4.0,4.0,3.0,31.0,3.1,0,0,1.0,0,0.1964607296257011,0
282,8944,9.0,10.0,4.0,39.0,3.6,0,0,1.0,0,0.0,0
283,1813,8.0,7.0,5.0,48.0,3.4,0,0,1.0,0,0.0,0
284,14332,4.0,3.0,1.0,33.0,2.7,1,2,1.0,0,0.18,0
285,13330,4.0,5.0,4.0,41.0,3.7,0,0,1.0,0,0.008866042469861085,0
286,1352,3.0,2.0,2.0,39.0,3.5,0,0,1.0,0,0.03921433114267543,0
287,550,7.0,6.0,3.0,33.0,3.5,1,0,1.0,0,0.0,0
288,3078,4.0,7.0,3.0,30.0,3.4,0,1,1.0,0,0.04,0
289,17546,2.0,1.0,3.0,41.0,3.0,1,0,1.0,0,0.03,1
290,7674,8.0,8.0,4.0,33.5,2.4,1,0,1.0,0,0.0,0
291,11668,5.0,6.0,3.0,42.0,2.8,0,0,1.0,0,0.0,0
292,12658,2.0,2.0,3.0,35.0,3.7,0,0,1.0,0,0.39731139518992287,0
293,15670,10.0,9.0,3.0,38.0,3.1,0,0,2.0,0,0.0,0
294,12099,2.0,2.0,1.0,38.0,3.9,1,3,1.0,0,0.22,0
295,12426,8.0,9.0,4.0,41.0,3.7,1,0,1.0,0,0.0,0
296,12155,8.0,6.0,4.0,30.0,3.9,1,0,2.0,0,0.3593989425540887,0
297,9794,6.0,5.0,3.0,31.3,2.9,1,0,1.0,0,0.02,0
298,7497,6.0,6.0,2.0,34.0,2.4,1,0,1.0,0,0.0,0
299,18717,5.0,6.0,4.0,42.0,3.8,1,0,1.0,0,0.0,0
300,19019,10.0,8.0,4.0,42.0,3.8,1,0,1.0,0,0.0,0
301,1512,4.0,3.0,3.0,36.0,3.5,0,2,1.0,0,0.01,1
302,14350,4.0,4.0,3.0,33.5,2.7,1,1,1.0,0,0.05,0
303,17016,1.0,2.0,4.0,35.7,3.0,0,0,1.0,0,0.2595911026766997,1
304,3342,9.0,9.0,3.0,32.0,3.4,0,0,1.0,0,0.01,0
305,14807,9.0,9.0,4.0,40.0,3.1,1,0,1.0,0,0.0,0
306,1912,10.0,10.0,5.0,40.0,3.4,1,0,1.0,0,0.0,0
307,12230,5.0,6.0,2.0,41.0,3.9,0,0,1.0,0,0.0,0
308,8074,8.0,5.0,3.0,30.0,3.6,0,0,2.0,0,0.09,0
309,10832,9.0,8.0,3.0,47.0,2.8,0,0,1.0,0,0.0,0
310,18394,4.0,2.0,1.0,30.0,2.6,0,3,1.0,0,0.14,0
311,15389,4.0,5.0,3.0,35.0,3.1,0,0,1.0,0,0.039398942554088684,0
312,524,7.0,8.0,4.0,34.0,3.5,0,0,1.0,0,0.0,0
313,4388,7.0,7.0,4.0,40.0,3.3,0,0,2.0,0,0.43,0
314,3401,10.0,6.0,3.0,35.0,3.4,1,0,1.0,0,0.08,0
315,1294,7.0,6.0,4.0,38.5,3.5,0,0,1.0,0,0.0,0
316,3237,7.0,8.0,4.0,43.0,3.4,1,0,1.0,0,0.0,0
317,14425,6.0,4.0,4.0,36.0,2.7,1,0,2.0,0,0.16939894255408866,0
318,17599,9.0,9.0,2.0,31.0,3.0,1,0,1.0,0,0.0,0
319,4291,8.0,7.0,4.0,39.0,3.3,0,0,1.0,0,0.0,0
320,4796,9.0,8.0,4.0,46.0,3.3,0,0,1.0,0,0.0,0
321,11288,9.0,10.0,3.0,35.0,2.8,1,0,1.0,0,0.09299220351601373,0
322,5214,3.0,3.0,3.0,39.0,3.3,0,0,1.0,0,0.02,0
323,13431,8.0,5.0,2.0,38.0,3.7,1,0,1.0,0,0.0,0
324,2678,7.0,9.0,5.0,43.0,3.4,0,0,1.0,0,0.0,0
325,15468,4.0,2.0,3.0,31.0,3.1,1,0,1.0,0,0.19149662021001812,0
326,16003,10.0,10.0,4.0,44.0,3.1,0,0,1.0,0,0.0,0
327,17008,10.0,10.0,3.0,41.0,3.0,0,0,1.0,0,0.0,0
328,4049,6.0,5.0,4.0,31.0,3.3,0,0,1.0,0,0.027732084939722172,0
329,13302,9.0,9.0,4.0,39.0,3.7,0,0,1.0,0,0.0,0
330,18381,2.0,1.0,4.0,32.0,2.6,0,0,1.0,0,0.05,1
331,990,6.0,8.0,4.0,38.0,3.5,0,0,2.0,0,0.01,0
332,4682,10.0,9.0,4.0,39.0,3.3,0,1,1.0,0,0.0,0
333,471,3.0,4.0,2.0,39.0,3.5,1,0,1.0,0,0.0,0
334,6115,8.0,6.0,4.0,34.0,3.2,1,0,1.0,0,0.0,0
335,7310,4.0,2.0,3.0,41.0,3.2,0,0,1.0,0,0.06839032865209208,1
336,12390,9.0,8.0,4.0,34.0,3.9,0,0,1.0,0,0.01,0
337,9728,9.0,10.0,4.0,41.0,2.9,1,0,1.0,0,0.0,0
338,3663,6.0,4.0,4.0,35.0,3.3,0,0,1.0,0,0.06,0
339,2778,8.0,6.0,3.0,43.0,3.4,1,0,1.0,0,0.02,0
340,8544,10.0,10.0,4.0,42.0,3.6,1,0,1.0,0,0.0,0
341,3710,4.0,5.0,3.0,35.0,3.3,0,0,2.0,0,0.12569514968634196,0
342,8426,8.0,7.0,4.0,30.5,3.6,0,0,1.0,0,0.0,0
343,17086,7.0,4.0,4.0,36.0,3.0,1,0,1.0,0,0.04,0
344,18741,4.0,5.0,4.0,42.0,3.8,0,0,1.0,0,0.0,0
345,234,6.0,8.0,3.0,36.0,3.5,0,0,1.0,0,0.0,0
346,17332,5.0,4.0,4.0,38.0,3.0,0,0,1.0,0,0.06,0
347,4186,10.0,10.0,4.0,38.0,3.3,0,0,1.0,0,0.0,1
348,5659,5.0,4.0,3.0,36.0,3.2,1,0,1.0,0,0.02,0
349,889,8.0,6.0,2.0,35.0,3.5,1,0,1.0,0,0.0,1
350,15529,2.0,2.0,4.0,33.5,3.1,1,0,1.0,0,0.059668075162291306,0
351,4462,9.0,8.0,3.0,46.0,3.3,0,0,1.0,0,0.0,0
352,15441,2.0,1.0,4.0,37.0,3.1,0,0,1.0,0,0.06,0
353,19680,4.0,4.0,4.0,28.0,2.5,1,0,1.0,0,0.15959110267669968,1
354,5894,6.0,7.0,4.0,44.0,3.2,1,0,1.0,0,0.01,0
355,12065,1.0,1.0,1.0,26.5,3.9,1,0,1.0,0,0.46,1
356,8610,6.0,6.0,3.0,37.0,3.6,0,0,1.0,0,0.04,0
357,13527,3.0,5.0,3.0,42.0,3.7,0,3,1.0,0,0.0,0
358,9215,7.0,6.0,3.0,26.0,3.6,0,0,1.0,0,0.22,0
359,470,3.0,5.0,4.0,35.0,3.5,1,0,1.0,0,0.2181782044794674,0
360,18697,10.0,9.0,2.0,39.0,3.8,0,0,1.0,0,0.0,0
361,6437,3.0,2.0,4.0,32.0,3.2,0,0,1.0,0,0.2929422599040551,0
362,6772,9.0,3.0,5.0,35.0,3.2,1,0,1.0,0,0.14,0
363,12011,6.0,6.0,3.0,45.0,3.9,1,1,1.0,0,0.0,0
364,4197,8.0,7.0,4.0,28.0,3.3,0,2,1.0,0,0.06,0
365,20111,6.0,5.0,3.0,37.0,2.3,1,1,1.0,0,0.35,0
366,8511,6.0,6.0,4.0,40.0,3.6,1,0,1.0,0,0.0,0
367,15361,7.0,6.0,4.0,35.0,3.1,0,0,1.0,0,0.0,0
368,8604,3.0,2.0,3.0,36.0,3.6,0,0,1.0,0,0.05,0
369,4361,5.0,6.0,3.0,40.0,3.3,0,0,1.0,0,0.018543124459470085,0
370,11959,6.0,6.0,3.0,40.0,3.9,1,0,1.0,0,0.0,0
371,14644,3.0,2.0,3.0,25.5,3.1,0,0,1.0,0,0.4321075266493037,0
372,5850,8.0,7.0,4.0,37.0,3.2,1,0,1.0,0,0.01682910721648085,0
373,11389,3.0,2.0,1.0,35.0,2.8,0,0,1.0,0,0.2,0
374,1770,1.0,2.0,3.0,47.0,3.4,0,0,1.0,0,0.05,0
375,19512,9.0,7.0,2.0,35.0,3.8,1,0,1.0,0,0.02,0
376,9492,2.0,2.0,3.0,36.0,2.9,1,0,1.0,0,0.33796306474661975,0
377,5332,5.0,6.0,3.0,28.5,3.3,1,2,1.0,0,0.35,0
378,6117,3.0,3.0,3.0,36.0,3.2,1,0,1.0,0,0.08939894255408869,0
379,6351,7.0,8.0,2.0,45.0,3.2,0,0,1.0,0,0.0,0
380,19913,3.0,3.0,3.0,32.0,2.5,1,0,1.0,0,0.43569514968634193,0
381,16178,2.0,3.0,4.0,40.0,3.1,1,0,1.0,0,0.02,0
382,3486,5.0,8.0,4.0,34.0,3.4,0,0,1.0,0,0.11,0
383,6137,6.0,3.0,1.0,30.0,3.2,1,0,1.0,0,0.3,0
384,4389,9.0,8.0,4.0,35.0,3.3,1,0,1.0,0,0.0,0
385,19443,1.0,2.0,4.0,41.0,3.8,0,2,1.0,0,0.038866042469861084,0
386,1842,3.0,4.0,3.0,37.0,3.4,0,0,2.0,0,0.08,0
387,4133,2.0,2.0,3.0,25.5,3.3,1,2,1.0,0,0.2736582144329617,1
388,14938,10.0,8.0,1.0,33.0,3.1,0,0,1.0,0,0.01,1
389,18614,8.0,7.0,3.0,47.0,2.6,1,0,2.0,0,0.03,0
390,14994,5.0,6.0,3.0,36.0,3.1,1,0,1.0,0,0.02,0
391,15777,5.0,5.0,3.0,34.0,3.1,1,0,1.0,0,0.0,0
392,19817,9.0,8.0,4.0,43.0,2.5,1,0,1.0,0,0.01,0
393,2191,5.0,8.0,4.0,38.0,3.4,0,0,2.0,0,0.04,0
394,18509,3.0,3.0,3.0,32.0,2.6,0,3,1.0,0,0.2754641698794444,0
395,5759,6.0,7.0,3.0,38.0,3.2,0,0,1.0,0,0.0,0
396,6627,10.0,9.0,3.0,35.0,3.2,0,0,1.0,0,0.0,0
397,3168,5.0,5.0,4.0,44.0,3.4,0,0,1.0,0,0.0,0
398,7746,7.0,7.0,4.0,37.0,2.4,1,0,2.0,0,0.11,0
399,2044,10.0,10.0,3.0,45.0,3.4,1,0,1.0,0,0.008866042469861085,0
400,10234,6.0,3.0,3.0,39.0,2.9,1,0,1.0,0,0.05,0
401,12405,7.0,8.0,1.0,42.0,3.9,1,0,1.0,0,0.0,0
402,8812,6.0,9.0,5.0,43.0,3.6,1,0,1.0,0,0.01,0
403,13572,3.0,2.0,3.0,30.0,3.7,1,0,1.0,0,0.1788660424698611,0
404,10606,7.0,5.0,4.0,32.0,2.9,1,0,1.0,0,0.12,0
405,11916,10.0,10.0,4.0,48.0,3.9,1,2,1.0,0,0.0,0
406,3476,6.0,4.0,4.0,38.0,3.4,0,0,1.0,0,0.03,0
407,2210,9.0,7.0,3.0,38.0,3.4,1,0,1.0,0,0.008866042469861085,0
408,13772,4.0,5.0,3.0,39.0,2.7,0,0,1.0,0,0.10342723462606411,0
409,10156,3.0,3.0,3.0,37.0,2.9,1,3,2.0,0,0.12796306474661978,0
410,5336,4.0,3.0,3.0,38.0,3.3,1,0,1.0,0,0.01,0
411,18623,2.0,2.0,3.0,37.5,2.6,0,0,1.0,0,0.40455232535651797,0
412,12041,9.0,10.0,4.0,46.0,3.9,1,0,1.0,0,0.0,0
413,12893,9.0,10.0,4.0,44.0,3.7,1,0,1.0,0,0.0,0
414,9727,3.0,3.0,1.0,36.0,2.9,0,0,1.0,0,0.13,0
415,11812,7.0,9.0,5.0,36.0,3.9,1,0,1.0,0,0.05,0
416,1892,9.0,4.0,4.0,35.0,3.4,0,0,2.0,0,0.27,0
417,17835,8.0,9.0,4.0,44.0,3.0,0,0,1.0,0,0.044358044005009534,0
418,19436,1.0,2.0,4.0,46.0,3.8,1,0,1.0,0,0.03,0
419,2635,2.0,2.0,5.0,38.0,3.4,0,0,1.0,0,0.03,0
420,5347,8.0,6.0,4.0,35.0,3.3,1,0,1.0,0,0.03796306474661977,0
421,16616,10.0,10.0,3.0,34.0,3.0,1,0,1.0,0,0.0,0
422,6762,9.0,8.0,3.0,31.5,3.2,0,0,1.0,0,0.0,0
423,3330,2.0,2.0,3.0,30.5,3.4,0,0,1.0,0,0.44466077728674314,1
424,1695,4.0,3.0,3.0,28.0,3.5,1,0,1.0,0,0.08,1
425,11619,9.0,7.0,3.0,43.0,2.8,0,0,1.0,0,0.0,0
426,4766,6.0,5.0,4.0,36.0,3.3,1,0,1.0,0,0.01682910721648085,0
427,718,2.0,2.0,3.0,31.0,3.5,0,0,1.0,0,0.32469016637990433,0
428,19510,10.0,10.0,3.0,42.0,3.8,1,0,1.0,0,0.0,0
429,15075,10.0,8.0,4.0,36.5,3.1,0,0,2.0,0,0.0,0
430,17610,6.0,2.0,4.0,35.0,3.0,0,0,1.0,0,0.27,0
431,9998,8.0,8.0,5.0,31.0,2.9,0,0,1.0,0,0.04,0
432,1509,8.0,7.0,3.0,46.0,3.5,1,0,1.0,0,0.02,0
433,4472,9.0,9.0,3.0,45.0,3.3,1,0,1.0,0,0.0,0
434,14168,5.0,4.0,4.0,38.0,2.7,1,0,1.0,0,0.163595874162828,1
435,9096,3.0,5.0,4.0,35.0,3.6,0,0,1.0,0,0.09,0
436,6893,3.0,6.0,4.0,37.5,3.2,0,0,1.0,0,0.02,0
437,15645,4.0,1.0,4.0,42.0,3.1,1,0,1.0,0,0.10886604246986108,0
438,187,6.0,3.0,3.0,41.0,3.5,1,0,1.0,0,0.09,0
439,8223,2.0,1.0,2.0,36.0,3.6,0,3,1.0,0,0.38275523670972034,1
440,16774,5.0,5.0,5.0,40.0,3.0,0,0,1.0,0,0.03,0
441,16556,7.0,5.0,2.0,33.0,3.0,0,1,1.0,0,0.03,0
442,3024,10.0,10.0,3.0,41.0,3.4,1,0,1.0,0,0.0,0
443,16548,8.0,7.0,3.0,33.0,3.0,1,0,1.0,0,0.14934650006668485,0
444,1257,7.0,6.0,3.0,35.0,3.5,0,0,1.0,0,0.019214331142675428,0
445,17663,6.0,8.0,4.0,32.0,3.0,1,0,1.0,0,0.18,0
446,16141,2.0,2.0,3.0,44.0,3.1,1,0,1.0,0,0.15,0
447,7033,3.0,2.0,3.0,37.0,3.2,0,2,1.0,0,0.1737154006994203,0
448,16712,2.0,1.0,2.0,39.0,3.0,1,1,1.0,0,0.42,0
449,6333,1.0,1.0,2.0,41.0,3.2,1,0,1.0,0,0.06405612372767953,0
450,2504,7.0,6.0,4.0,37.0,3.4,0,0,1.0,0,0.0,0
451,6141,3.0,1.0,5.0,33.0,3.2,0,2,1.0,0,0.4131423400636911,0
452,16354,1.0,4.0,1.0,42.0,3.1,1,0,1.0,0,0.04,0
453,10019,10.0,10.0,4.0,37.0,2.9,0,0,1.0,0,0.0,0
454,15115,9.0,6.0,4.0,33.0,3.1,0,0,2.0,0,0.19,1
455,19354,10.0,9.0,3.0,33.0,3.8,0,0,1.0,0,0.0,0
456,2844,5.0,4.0,4.0,36.0,3.4,1,0,1.0,0,0.41323306497129325,0
457,9614,4.0,2.0,4.0,40.0,2.9,1,0,1.0,0,0.2232136525237385,0
458,11152,6.0,6.0,4.0,30.0,2.8,0,0,1.0,0,0.05,0
459,17271,6.0,8.0,4.0,38.0,3.0,0,0,1.0,0,0.1,0
460,17477,3.0,2.0,5.0,34.0,3.0,1,0,1.0,0,0.24831817871530126,0
461,15766,5.0,7.0,4.0,26.0,3.1,1,0,2.0,0,0.1,0
462,8309,2.0,1.0,3.0,39.0,3.6,0,0,1.0,0,0.06796306474661977,0
463,1831,6.0,4.0,2.0,30.0,3.4,1,0,1.0,0,0.07,0
464,8158,3.0,5.0,4.0,39.0,3.6,0,0,1.0,0,0.0,0
465,13314,10.0,10.0,5.0,47.0,3.7,1,0,1.0,0,0.0,0
466,12963,6.0,6.0,3.0,32.0,3.7,0,0,1.0,0,0.13,0
467,14266,6.0,2.0,4.0,29.0,2.7,0,2,1.0,0,0.29,1
468,3185,9.0,9.0,4.0,38.0,3.4,1,0,1.0,0,0.0,0
469,10326,10.0,10.0,4.0,33.0,2.9,1,0,1.0,0,0.0,0
470,5252,5.0,5.0,4.0,39.0,3.3,0,2,1.0,0,0.02,0
471,4537,3.0,2.0,4.0,31.0,3.3,1,0,1.0,0,0.11886604246986109,1
472,4863,7.0,8.0,2.0,31.0,3.3,1,1,1.0,0,0.0,0
473,3787,8.0,9.0,4.0,37.0,3.3,1,0,1.0,0,0.0,0
474,2975,4.0,2.0,3.0,32.0,3.4,0,0,1.0,0,0.06682910721648085,0
475,3924,10.0,9.0,3.0,34.0,3.3,0,3,1.0,0,0.0,0
476,10017,7.0,6.0,4.0,32.0,2.9,0,0,1.0,0,0.18,0
477,11864,10.0,10.0,3.0,38.0,3.9,1,0,1.0,0,0.0,0
478,13243,8.0,8.0,4.0,36.0,3.7,0,0,1.0,0,0.0,0
479,13468,4.0,6.0,3.0,45.0,3.7,1,0,1.0,0,0.0,0
480,6568,7.0,5.0,4.0,28.0,3.2,0,0,1.0,0,0.08,1
481,2505,4.0,4.0,3.0,31.0,3.4,1,0,1.0,0,0.48,0
482,11360,9.0,9.0,3.0,35.0,2.8,1,0,1.0,0,0.023320075492258452,0
483,14240,5.0,4.0,4.0,39.0,2.7,0,0,2.0,0,0.34,0
484,9356,6.0,8.0,4.0,34.0,3.6,1,0,1.0,0,0.028866042469861086,0
485,10883,10.0,9.0,4.0,34.0,2.8,1,0,1.0,0,0.0,0
486,591,10.0,9.0,4.0,47.0,3.5,1,0,1.0,0,0.0,0
487,17951,7.0,8.0,3.0,33.0,3.0,0,0,1.0,0,0.02,0
488,6590,6.0,8.0,5.0,41.0,3.2,1,0,1.0,0,0.0,1
489,12506,6.0,5.0,4.0,37.5,3.7,1,0,1.0,0,0.0,1
490,12079,7.0,9.0,2.0,41.0,3.9,0,0,1.0,0,0.0,0
491,10059,10.0,10.0,2.0,39.0,2.9,0,0,2.0,0,0.0,0
492,10160,7.0,5.0,5.0,45.0,2.9,1,0,1.0,0,0.0,0
493,3224,1.0,2.0,3.0,38.0,3.4,0,0,1.0,0,0.08435804400500953,0
494,8609,7.0,7.0,4.0,30.0,3.6,0,0,1.0,0,0.01,0
495,13,6.0,6.0,3.0,42.0,3.5,1,0,1.0,0,0.0,0
496,496,8.0,4.0,5.0,44.0,3.5,1,0,1.0,0,0.0,0
497,14013,5.0,6.0,3.0,45.0,2.7,1,0,1.0,0,0.01,0
498,5868,9.0,9.0,3.0,40.0,3.2,0,1,1.0,0,0.01,0
499,16007,7.0,3.0,3.0,36.0,3.1,1,2,1.0,0,0.08,0
500,19334,10.0,8.0,3.0,42.0,3.8,1,0,2.0,0,0.0,0
501,11441,2.0,3.0,4.0,33.5,2.8,0,0,1.0,0,0.08939894255408869,0
502,13659,8.0,8.0,4.0,35.0,3.7,0,0,1.0,0,0.0,0
503,11173,7.0,7.0,3.0,38.0,2.8,0,0,1.0,0,0.0,0
504,3494,6.0,7.0,4.0,32.0,3.4,1,0,1.0,0,0.0,0
505,2485,7.0,6.0,4.0,31.5,3.4,0,0,1.0,0,0.03736200730070845,0
506,20161,8.0,8.0,3.0,40.0,2.3,1,0,2.0,0,0.0,0
507,6203,9.0,10.0,4.0,45.0,3.2,0,0,1.0,0,0.03,0
508,8479,10.0,10.0,4.0,44.0,3.6,0,0,1.0,0,0.0,0
509,1213,10.0,10.0,2.0,37.0,3.5,0,0,1.0,0,0.0,0
510,4877,6.0,6.0,4.0,47.0,3.3,0,4,1.0,0,0.0,0
511,15079,7.0,8.0,3.0,44.0,3.1,1,0,2.0,0,0.0,0
512,7935,9.0,8.0,2.0,35.0,3.6,1,0,1.0,0,0.0,0
513,2514,8.0,9.0,4.0,39.0,3.4,0,0,1.0,0,0.0,0
514,1103,8.0,8.0,3.0,32.0,3.5,0,3,1.0,0,0.02,0
515,12095,10.0,1.0,4.0,42.0,3.9,1,0,1.0,0,0.03,0
516,5819,8.0,8.0,3.0,42.0,3.2,1,0,1.0,0,0.0,0
517,16425,7.0,7.0,4.0,41.0,3.0,0,0,1.0,0,0.0,0
518,7642,5.0,4.0,3.0,37.0,2.4,1,0,1.0,0,0.17,0
519,4183,3.0,2.0,3.0,41.0,3.3,1,0,1.0,0,0.02,0
520,15268,10.0,6.0,4.0,47.0,3.1,1,0,1.0,0,0.0,0
521,19100,10.0,9.0,4.0,33.0,3.8,1,0,1.0,0,0.01,0
522,5973,4.0,4.0,3.0,34.0,3.2,1,0,1.0,0,0.02,0
523,17004,3.0,3.0,4.0,41.0,3.0,0,0,1.0,0,0.01,0
524,3597,5.0,6.0,3.0,32.0,3.4,1,4,1.0,0,0.0,0
525,102,6.0,5.0,3.0,38.0,3.5,0,0,1.0,0,0.0,0
526,5619,6.0,3.0,3.0,39.0,3.2,1,0,1.0,0,0.19,0
527,17744,6.0,7.0,3.0,35.0,3.0,0,0,1.0,0,0.01,0
528,4823,8.0,8.0,4.0,43.0,3.3,1,0,1.0,0,0.0,0
529,16921,5.0,4.0,4.0,42.0,3.0,0,0,1.0,0,0.0,0
530,14801,6.0,6.0,4.0,32.7,3.1,0,0,1.0,0,0.0,0
531,7521,4.0,5.0,5.0,31.0,2.4,1,0,2.0,0,0.19,0
532,2843,8.0,7.0,3.0,43.0,3.4,0,0,1.0,0,0.0,0
533,12739,7.0,8.0,4.0,42.0,3.7,1,0,1.0,0,0.0,0
534,12530,4.0,3.0,2.0,46.0,3.7,1,0,1.0,0,0.02,0
535,19122,4.0,7.0,4.0,34.0,3.8,0,0,1.0,0,0.02,0
536,18898,9.0,10.0,3.0,39.0,3.8,1,0,1.0,0,0.0,0
537,19270,10.0,9.0,3.0,34.0,3.8,0,0,1.0,0,0.0,0
538,6456,2.0,1.0,4.0,42.0,3.2,1,0,1.0,0,0.32169221965001393,0
539,3434,7.0,5.0,4.0,26.0,3.4,0,2,1.0,0,0.2,0
540,5593,7.0,8.0,3.0,41.5,3.2,0,0,1.0,0,0.0,0
541,2595,3.0,3.0,3.0,25.5,3.4,0,1,2.0,0,0.24,0
542,12371,8.0,8.0,3.0,31.0,3.9,1,0,1.0,0,0.0,0
543,3921,6.0,7.0,3.0,34.0,3.3,1,0,1.0,0,0.028866042469861086,0
544,15919,3.0,2.0,3.0,35.0,3.1,1,0,1.0,0,0.10456119215620302,0
545,4022,9.0,9.0,4.0,46.0,3.3,0,0,1.0,0,0.0,0
546,13586,4.0,5.0,4.0,44.0,3.7,1,0,1.0,0,0.03,0
547,1627,9.0,9.0,3.0,37.0,3.5,1,0,1.0,0,0.0,0
548,14060,2.0,2.0,2.0,26.0,2.7,1,1,1.0,0,0.38,1
549,7665,1.0,1.0,4.0,31.0,2.4,1,4,1.0,0,0.2777320849397222,0
550,18127,1.0,3.0,2.0,24.0,2.6,0,4,1.0,0,0.48,1
551,15085,5.0,5.0,4.0,32.0,3.1,1,3,1.0,0,0.07,0
552,11749,10.0,10.0,4.0,42.0,3.9,1,0,2.0,0,0.0,0
553,19036,7.0,8.0,3.0,40.0,3.8,0,0,1.0,0,0.0,0
554,9747,4.0,2.0,4.0,35.0,2.9,1,0,1.0,0,0.06839032865209208,0
555,7015,4.0,6.0,3.0,32.0,3.2,1,0,1.0,0,0.22071740511712382,0
556,4050,10.0,7.0,4.0,44.0,3.3,1,0,1.0,0,0.02,0
557,11467,2.0,2.0,3.0,35.0,2.8,0,0,1.0,0,0.26,1
558,2465,3.0,3.0,4.0,36.5,3.4,0,0,1.0,0,0.10886604246986108,0
559,18180,4.0,4.0,3.0,38.0,2.6,1,0,1.0,0,0.21826498502394975,0
560,3429,2.0,1.0,4.0,38.5,3.4,0,0,1.0,0,0.01,1
561,15136,10.0,10.0,4.0,42.0,3.1,0,0,1.0,0,0.0,0
562,10207,5.0,4.0,4.0,36.0,2.9,0,0,1.0,0,0.17335907726438038,0
563,18648,5.0,6.0,1.0,41.0,3.8,0,0,1.0,0,0.0,0
564,6994,1.0,1.0,3.0,42.0,3.2,1,0,1.0,0,0.29190177747719687,0
565,8737,6.0,6.0,4.0,44.0,3.6,0,0,1.0,0,0.0,0
566,15335,8.0,10.0,3.0,44.0,3.1,1,0,1.0,0,0.0,0
567,19550,10.0,10.0,4.0,38.0,3.8,1,0,1.0,0,0.0,0
568,7675,10.0,8.0,3.0,41.0,2.4,1,0,1.0,0,0.0,0
569,13610,6.0,8.0,4.0,46.0,3.7,0,0,1.0,0,0.0,0
570,6997,10.0,10.0,2.0,48.0,3.2,1,0,1.0,0,0.0,0
571,19123,3.0,2.0,3.0,37.0,3.8,0,2,1.0,0,0.39452183599161117,0
572,11183,10.0,10.0,4.0,42.0,2.8,0,0,1.0,0,0.0,0
573,8635,6.0,7.0,5.0,45.0,3.6,1,0,1.0,0,0.01,0
574,11679,3.0,1.0,3.0,42.0,2.8,1,1,1.0,0,0.10886604246986108,0
575,10491,10.0,10.0,4.0,33.0,2.9,1,0,1.0,0,0.0,0
576,16409,9.0,7.0,3.0,38.0,3.0,1,0,1.0,0,0.01,0
577,11872,10.0,10.0,4.0,32.0,3.9,0,0,1.0,0,0.0,0
578,10854,9.0,7.0,4.0,34.0,2.8,1,0,2.0,0,0.04886604246986108,0
579,5916,1.0,2.0,4.0,26.5,3.2,1,0,1.0,0,0.4191247185526917,1
580,12435,2.0,2.0,2.0,37.5,3.7,0,0,1.0,0,0.23257340840705581,1
581,10148,5.0,6.0,4.0,40.0,2.9,1,0,1.0,0,0.039690159685645016,0
582,1942,10.0,10.0,3.0,34.0,3.4,1,0,1.0,0,0.0,0
583,13073,3.0,2.0,2.0,39.0,3.7,1,0,1.0,0,0.12,0
584,5734,1.0,2.0,5.0,39.0,3.2,0,0,1.0,0,0.09,0
585,6132,3.0,4.0,4.0,37.0,3.2,0,0,1.0,0,0.01,0
586,1165,8.0,7.0,3.0,35.0,3.5,1,0,1.0,0,0.21325780538821154,0
587,2355,4.0,2.0,3.0,41.0,3.4,0,0,1.0,0,0.11,0
588,20255,7.0,7.0,4.0,28.0,2.3,1,0,1.0,0,0.06,0
589,18640,8.0,7.0,3.0,37.0,3.8,0,0,1.0,0,0.0,0
590,10205,6.0,6.0,4.0,38.0,2.9,1,0,1.0,0,0.0,1
591,7363,9.0,9.0,4.0,34.0,3.2,1,0,2.0,0,0.0,0
592,1788,9.0,8.0,4.0,43.0,3.4,1,0,1.0,0,0.0,0
593,14940,10.0,9.0,5.0,42.0,3.1,1,0,1.0,0,0.0,0
594,6593,3.0,6.0,5.0,24.0,3.2,0,0,1.0,0,0.06,0
595,10378,4.0,3.0,3.0,33.0,2.9,1,0,1.0,0,0.02,0
596,5148,7.0,7.0,4.0,36.5,3.3,1,0,1.0,0,0.0,0
597,4080,3.0,7.0,3.0,39.0,3.3,0,0,1.0,0,0.0,0
598,19482,10.0,10.0,4.0,40.0,3.8,1,0,1.0,0,0.0,0
599,15592,5.0,5.0,5.0,40.0,3.1,1,0,1.0,0,0.07,0
600,13304,9.0,10.0,5.0,46.0,3.7,1,0,1.0,0,0.0,0
601,2782,7.0,8.0,4.0,32.5,3.4,0,0,1.0,0,0.01,0
602,18626,10.0,10.0,2.0,22.0,2.6,0,0,2.0,0,0.01,0
603,18122,5.0,3.0,3.0,40.0,2.6,1,0,1.0,0,0.12921433114267544,0
604,19505,8.0,7.0,4.0,39.0,3.8,0,0,1.0,0,0.0,0
605,7360,1.0,3.0,4.0,29.0,3.2,0,0,2.0,0,0.36,0
606,15212,6.0,6.0,3.0,30.0,3.1,1,0,1.0,0,0.02,0
607,7380,9.0,10.0,3.0,37.0,3.2,0,0,2.0,0,0.21,0
608,13510,4.0,3.0,4.0,36.0,3.7,1,0,1.0,0,0.01,0
609,16785,8.0,7.0,3.0,37.0,3.0,1,0,1.0,0,0.01644325017886451,0
610,15966,5.0,5.0,4.0,41.0,3.1,1,0,1.0,0,0.0,0
611,12710,5.0,4.0,4.0,47.0,3.7,1,0,1.0,0,0.0,0
612,4421,9.0,8.0,4.0,40.0,3.3,0,0,1.0,0,0.019398942554088684,0
613,3107,10.0,8.0,4.0,35.0,3.4,1,0,2.0,0,0.0,0
614,7159,3.0,4.0,3.0,40.0,3.2,1,0,1.0,0,0.0,0
615,822,1.0,1.0,4.0,42.0,3.5,0,0,1.0,0,0.04,0
616,12334,8.0,9.0,5.0,48.0,3.9,1,0,1.0,0,0.0,0
617,9662,7.0,5.0,4.0,36.0,2.9,1,0,1.0,0,0.0,0
618,14092,7.0,8.0,3.0,38.0,2.7,1,0,1.0,0,0.0,0
619,13245,9.0,10.0,4.0,41.0,3.7,0,0,1.0,0,0.0,0
620,1545,8.0,5.0,4.0,40.0,3.5,1,0,1.0,0,0.02,0
621,3000,2.0,4.0,4.0,37.0,3.4,1,0,1.0,0,0.12620662779085495,0
622,9683,6.0,5.0,3.0,40.0,2.9,1,0,1.0,0,0.0,0
623,18290,8.0,6.0,4.0,35.0,2.6,1,2,1.0,0,0.02,0
624,13129,6.0,8.0,4.0,35.0,3.7,1,0,1.0,0,0.0,0
625,19375,7.0,6.0,3.0,46.0,3.8,0,0,1.0,0,0.03,0
626,13980,10.0,10.0,3.0,39.0,2.7,1,0,1.0,0,0.0,0
627,3657,7.0,7.0,3.0,35.0,3.3,1,0,1.0,0,0.02682910721648085,0
628,15012,2.0,2.0,4.0,35.0,3.1,0,0,1.0,0,0.11377552329887845,0
629,4787,7.0,5.0,4.0,35.0,3.3,1,0,1.0,0,0.0072270165111986825,0
630,11391,10.0,10.0,4.0,43.0,2.8,0,0,1.0,0,0.0,0
631,4325,6.0,8.0,3.0,39.0,3.3,0,0,1.0,0,0.0,0
632,19616,8.0,8.0,3.0,32.0,2.5,1,0,1.0,0,0.0,0
633,464,2.0,1.0,3.0,30.0,3.5,0,0,1.0,0,0.40273793870596947,1
634,6009,9.0,8.0,3.0,37.5,3.2,1,0,1.0,0,0.01,0
635,18892,7.0,7.0,4.0,39.0,3.8,0,0,1.0,0,0.0,0
636,362,6.0,8.0,4.0,35.0,3.5,0,0,1.0,0,0.0,0
637,7358,8.0,9.0,3.0,37.0,3.2,0,0,1.0,0,0.01,0
638,18747,10.0,9.0,3.0,40.0,3.8,0,0,1.0,0,0.0,0
639,15677,5.0,2.0,3.0,34.0,3.1,0,3,1.0,0,0.03,0
640,18242,2.0,4.0,4.0,39.0,2.6,1,0,1.0,0,0.05939894255408868,0
641,9292,5.0,3.0,5.0,37.0,3.6,0,0,1.0,0,0.01,0
642,16804,8.0,8.0,4.0,43.0,3.0,1,0,1.0,0,0.0,0
643,15266,4.0,4.0,5.0,38.0,3.1,1,0,1.0,0,0.01,0
644,16280,10.0,10.0,4.0,31.0,3.1,1,0,2.0,0,0.0,0
645,8925,10.0,9.0,4.0,41.0,3.6,1,0,1.0,0,0.0,0
646,14,5.0,3.0,4.0,34.0,3.5,0,0,1.0,0,0.2730461689584679,0
647,20145,3.0,3.0,5.0,41.0,2.3,0,0,1.0,0,0.06,0
648,2305,3.0,4.0,2.0,42.0,3.4,0,0,1.0,0,0.0,0
649,6459,9.0,10.0,3.0,39.0,3.2,0,0,1.0,0,0.02,0
650,4600,5.0,6.0,3.0,36.0,3.3,1,0,1.0,0,0.10226050010114335,0
651,9707,10.0,10.0,5.0,41.0,2.9,1,0,1.0,0,0.0,0
652,10911,1.0,1.0,5.0,35.0,2.8,1,0,1.0,0,0.481656802876499,1
653,15764,5.0,6.0,5.0,41.5,3.1,1,0,1.0,0,0.05,0
654,16324,4.0,2.0,5.0,40.0,3.1,1,0,1.0,0,0.1,0
655,19026,4.0,6.0,4.0,37.0,3.8,0,0,1.0,0,0.0,0
656,20051,7.0,7.0,4.0,41.5,2.5,1,0,2.0,0,0.06,0
657,2606,3.0,2.0,3.0,31.0,3.4,0,1,1.0,0,0.4521541792638091,1
658,2155,8.0,9.0,4.0,40.0,3.4,0,0,1.0,0,0.008866042469861085,0
659,1237,8.0,9.0,4.0,34.0,3.5,1,0,1.0,0,0.0,0
660,17848,10.0,8.0,3.0,39.0,3.0,1,0,1.0,0,0.0,0
661,18761,1.0,2.0,3.0,43.5,3.8,1,0,1.0,0,0.03,0
662,10147,3.0,3.0,3.0,32.0,2.9,1,0,1.0,0,0.12886604246986108,0
663,20118,2.0,4.0,3.0,35.0,2.3,1,0,1.0,0,0.15,0
664,2142,6.0,4.0,3.0,39.0,3.4,0,0,1.0,0,0.0,0
665,15882,9.0,7.0,5.0,35.0,3.1,1,0,1.0,0,0.03,0
666,9690,4.0,7.0,4.0,34.5,2.9,1,0,1.0,0,0.1,0
667,2097,10.0,10.0,3.0,38.0,3.4,1,0,1.0,0,0.0,0
668,18549,5.0,3.0,4.0,42.0,2.6,1,0,1.0,0,0.08,0
669,19089,10.0,10.0,4.0,35.0,3.8,1,0,1.0,0,0.0,0
670,7406,4.0,3.0,3.0,32.0,3.2,0,0,1.0,0,0.02682910721648085,0
671,5131,1.0,1.0,5.0,47.0,3.3,1,2,1.0,0,0.16,1
672,7220,1.0,1.0,3.0,36.0,3.2,1,0,1.0,0,0.03,0
673,1033,10.0,9.0,5.0,47.0,3.5,1,0,1.0,0,0.0,0
674,18693,3.0,2.0,2.0,31.0,3.8,0,0,1.0,0,0.14,0
675,8857,7.0,6.0,4.0,38.0,3.6,0,0,1.0,0,0.0,0
676,15145,9.0,8.0,3.0,47.0,3.1,0,0,1.0,0,0.0,0
677,10638,8.0,7.0,4.0,31.5,2.9,1,0,1.0,0,0.0,0
678,6266,8.0,6.0,4.0,27.0,3.2,1,0,1.0,0,0.16,0
679,5668,2.0,3.0,5.0,33.0,3.2,1,0,1.0,0,0.02,0
680,11707,10.0,9.0,3.0,41.0,2.8,1,0,1.0,0,0.0,0
681,14659,8.0,7.0,4.0,40.0,3.1,0,0,1.0,0,0.03,0
682,9247,6.0,6.0,4.0,44.0,3.6,1,0,1.0,0,0.0,0
683,1999,6.0,7.0,3.0,36.0,3.4,0,0,1.0,0,0.0,0
684,1432,4.0,5.0,1.0,38.0,3.5,1,0,1.0,0,0.1,0
685,1781,10.0,9.0,3.0,34.0,3.4,1,0,1.0,0,0.0,0
686,10508,2.0,2.0,4.0,32.0,2.9,1,0,1.0,0,0.1847921719631006,1
687,13678,10.0,10.0,4.0,36.0,3.7,1,0,1.0,0,0.0,0
688,19037,3.0,3.0,3.0,34.5,3.8,0,0,1.0,0,0.12,0
689,5415,5.0,5.0,4.0,38.0,3.3,0,0,1.0,0,0.0,0
690,12309,6.0,4.0,2.0,31.0,3.9,0,0,1.0,0,0.08,0
691,14227,7.0,5.0,1.0,26.0,2.7,1,1,1.0,0,0.01,0
692,15866,3.0,3.0,3.0,29.5,3.1,0,1,1.0,0,0.06,0
693,12647,7.0,9.0,4.0,34.0,3.7,0,0,1.0,0,0.0,0
694,5104,7.0,1.0,3.0,41.0,3.3,1,0,1.0,0,0.19,0
695,2549,8.0,8.0,2.0,25.0,3.4,0,0,1.0,0,0.07,0
696,18247,7.0,6.0,5.0,36.0,2.6,0,0,1.0,0,0.07,0
697,12075,5.0,5.0,4.0,47.0,3.9,0,0,1.0,0,0.0,0
698,13621,7.0,6.0,3.0,42.0,3.7,0,0,1.0,0,0.0,0
699,16905,10.0,10.0,4.0,40.0,3.0,0,0,1.0,0,0.0,0
700,18207,2.0,1.0,4.0,40.0,2.6,1,0,1.0,0,0.4,1
701,2072,4.0,8.0,3.0,44.0,3.4,1,0,1.0,0,0.0,0
702,14573,1.0,1.0,5.0,42.0,2.7,1,0,1.0,0,0.3988660424698611,0
703,17391,10.0,10.0,4.0,36.0,3.0,0,0,1.0,0,0.0,0
704,5331,9.0,7.0,4.0,41.0,3.3,1,0,1.0,0,0.0,0
705,2931,2.0,2.0,3.0,33.0,3.4,1,0,1.0,0,0.1333352964225707,0
706,4397,9.0,9.0,4.0,41.0,3.3,0,0,1.0,0,0.019398942554088684,0
707,17582,10.0,9.0,4.0,33.0,3.0,1,0,1.0,0,0.0,0
708,16812,7.0,4.0,4.0,38.0,3.0,1,0,1.0,0,0.02,0
709,16282,10.0,10.0,4.0,34.0,3.1,1,0,1.0,0,0.0,0
710,18124,6.0,4.0,3.0,39.0,2.6,1,0,2.0,0,0.15,1
711,15709,3.0,3.0,3.0,34.0,3.1,1,0,1.0,0,0.21,0
712,613,10.0,10.0,3.0,45.0,3.5,0,0,1.0,0,0.008866042469861085,0
713,16584,4.0,4.0,4.0,32.5,3.0,0,0,1.0,0,0.49135092389184465,0
714,7963,7.0,8.0,4.0,35.0,3.6,1,0,1.0,0,0.0,0
715,11825,7.0,8.0,2.0,42.0,3.9,1,0,1.0,0,0.0,0
716,1243,5.0,5.0,5.0,37.0,3.5,0,0,1.0,0,0.0,0
717,3856,9.0,10.0,3.0,42.0,3.3,1,0,1.0,0,0.008866042469861085,0
718,719,5.0,3.0,4.0,37.0,3.5,1,0,1.0,0,0.07080663963134454,0
719,14558,5.0,6.0,3.0,34.0,2.7,1,0,1.0,0,0.01,0
720,16642,5.0,4.0,2.0,39.0,3.0,0,1,1.0,0,0.19,0
721,17044,5.0,5.0,4.0,35.0,3.0,0,0,1.0,0,0.2,0
722,4418,6.0,5.0,2.0,33.0,3.3,1,0,1.0,0,0.029398942554088682,0
723,2192,10.0,10.0,4.0,34.0,3.4,1,0,1.0,0,0.0,0
724,108,9.0,6.0,4.0,42.0,3.5,0,0,1.0,0,0.01,0
725,14292,4.0,5.0,1.0,36.0,2.7,1,1,1.0,0,0.02,0
726,8787,7.0,6.0,4.0,39.0,3.6,0,0,1.0,0,0.0,0
727,15118,5.0,6.0,1.0,38.0,3.1,1,0,1.0,0,0.0,0
728,9701,7.0,3.0,3.0,46.0,2.9,0,0,1.0,0,0.02,1
729,10862,3.0,3.0,4.0,32.0,2.8,1,0,1.0,0,0.48183736017163475,0
730,12974,10.0,6.0,4.0,46.0,3.7,0,0,1.0,0,0.01,0
731,8903,10.0,10.0,4.0,36.0,3.6,1,0,2.0,0,0.0,0
732,8146,8.0,7.0,2.0,34.0,3.6,0,0,1.0,0,0.03,0
733,8386,6.0,8.0,3.0,37.0,3.6,0,0,1.0,0,0.0,0
734,6339,9.0,10.0,3.0,40.0,3.2,0,0,1.0,0,0.01,0
735,4964,9.0,9.0,3.0,36.0,3.3,0,1,1.0,0,0.006615525114155251,0
736,9396,7.0,6.0,3.0,32.0,3.6,1,0,1.0,0,0.06,1
737,14753,9.0,7.0,3.0,34.0,3.1,1,0,1.0,0,0.04,0
738,11148,8.0,8.0,4.0,31.5,2.8,1,2,1.0,0,0.01,0
739,11610,7.0,7.0,2.0,43.0,2.8,1,0,1.0,0,0.0,0
740,44,3.0,3.0,3.0,38.0,3.5,1,0,1.0,0,0.0,0
741,15274,8.0,7.0,4.0,35.0,3.1,1,0,2.0,0,0.14,0
742,10490,8.0,5.0,4.0,37.0,2.9,0,0,1.0,0,0.01,0
743,8860,6.0,5.0,4.0,36.0,3.6,0,0,1.0,0,0.01,0
744,6870,8.0,8.0,4.0,40.0,3.2,0,0,1.0,0,0.0,0
745,3674,6.0,5.0,2.0,36.0,3.3,1,0,1.0,0,0.0,0
746,16221,3.0,3.0,4.0,40.0,3.1,0,0,1.0,0,0.05,0
747,16356,2.0,2.0,3.0,43.0,3.1,1,0,1.0,0,0.11886604246986109,0
748,400,2.0,2.0,5.0,32.0,3.5,0,4,1.0,0,0.45491617472402784,0
749,11796,4.0,4.0,4.0,42.0,3.9,1,0,1.0,0,0.0,0
750,19608,10.0,10.0,4.0,38.0,2.5,1,0,1.0,0,0.0,0
751,716,9.0,9.0,4.0,39.0,3.5,0,0,1.0,0,0.0,0
752,13163,10.0,10.0,4.0,33.0,3.7,1,0,1.0,0,0.0,0
753,2759,6.0,6.0,5.0,36.0,3.4,0,0,1.0,0,0.0,0
754,17899,10.0,10.0,4.0,44.0,3.0,1,0,1.0,0,0.0,0
755,13036,8.0,9.0,3.0,44.0,3.7,1,0,1.0,0,0.0,0
756,137,8.0,6.0,3.0,33.0,3.5,1,0,1.0,0,0.009398942554088683,0
757,17446,3.0,3.0,4.0,41.0,3.0,1,0,1.0,0,0.01,0
758,15605,7.0,8.0,4.0,30.0,3.1,1,0,2.0,0,0.01,0
759,3851,6.0,7.0,3.0,40.0,3.3,0,0,1.0,0,0.0,0
760,8139,2.0,1.0,4.0,34.0,3.6,1,1,1.0,0,0.23,0
761,17368,6.0,6.0,4.0,43.0,3.0,1,0,1.0,0,0.0,0
762,10541,5.0,4.0,4.0,33.0,2.9,1,0,1.0,0,0.1258191524472692,0
763,721,8.0,9.0,4.0,41.0,3.5,1,0,1.0,0,0.009690159685645013,0
764,2829,1.0,1.0,5.0,30.0,3.4,0,3,1.0,0,0.16,0
765,17142,6.0,9.0,4.0,39.0,3.0,0,0,2.0,0,0.02,0
766,8778,1.0,1.0,3.0,32.0,3.6,0,2,1.0,0,0.39,0
767,19310,8.0,5.0,1.0,34.0,3.8,1,4,2.0,0,0.06,0
768,11798,9.0,9.0,4.0,44.0,3.9,1,0,1.0,0,0.0,0
769,16879,4.0,4.0,3.0,29.0,3.0,0,1,1.0,0,0.2828215702412385,0
770,4913,8.0,7.0,4.0,36.0,3.3,1,0,1.0,0,0.0,0
771,5860,7.0,6.0,5.0,37.0,3.2,1,0,1.0,0,0.0,0
772,5925,7.0,6.0,3.0,36.0,3.2,1,1,1.0,0,0.0,0
773,13070,8.0,8.0,4.0,37.0,3.7,0,0,1.0,0,0.0,0
774,15579,8.0,7.0,3.0,35.0,3.1,1,0,1.0,0,0.0,0
775,4473,9.0,9.0,3.0,42.0,3.3,1,0,1.0,0,0.0,0
776,2095,7.0,8.0,3.0,46.0,3.4,0,2,1.0,0,0.0,0
777,209,3.0,5.0,3.0,47.0,3.5,1,0,1.0,0,0.0,0
778,1119,7.0,8.0,4.0,46.0,3.5,1,0,1.0,0,0.0,0
779,14475,6.0,4.0,4.0,40.0,2.7,1,0,1.0,0,0.09886604246986108,0
780,8526,10.0,10.0,5.0,44.0,3.6,0,0,1.0,0,0.0,0
781,8402,5.0,3.0,4.0,31.0,3.6,1,0,2.0,0,0.15,1
782,2953,8.0,7.0,3.0,30.0,3.4,0,0,1.0,0,0.01,0
783,13536,8.0,8.0,4.0,40.0,3.7,0,0,1.0,0,0.0,0
784,19101,5.0,4.0,4.0,32.0,3.8,0,0,1.0,0,0.008866042469861085,0
785,4359,2.0,5.0,3.0,34.0,3.3,0,3,1.0,0,0.14,0
786,16586,2.0,2.0,4.0,38.0,3.0,1,0,1.0,0,0.07886604246986108,0
787,9270,4.0,6.0,4.0,33.0,3.6,0,0,2.0,0,0.21,0
788,6766,4.0,4.0,4.0,30.5,3.2,0,0,1.0,0,0.15111899385980665,0
789,10261,4.0,6.0,3.0,39.0,2.9,1,0,1.0,0,0.03,0
790,18371,10.0,10.0,4.0,31.0,2.6,1,0,1.0,0,0.04939894255408868,0
791,16035,10.0,9.0,3.0,33.0,3.1,1,0,1.0,0,0.0,0
792,5666,10.0,8.0,3.0,30.0,3.2,0,0,1.0,0,0.0,0
793,8641,4.0,2.0,5.0,38.0,3.6,0,0,1.0,0,0.04,0
794,17131,10.0,10.0,3.0,41.0,3.0,0,0,1.0,0,0.0,0
795,3654,3.0,3.0,2.0,38.0,3.3,1,3,1.0,0,0.02,0
796,4647,8.0,8.0,5.0,45.0,3.3,1,0,1.0,0,0.0,0
797,6209,1.0,2.0,4.0,41.0,3.2,0,0,1.0,0,0.0,0
798,5769,8.0,8.0,4.0,40.0,3.2,1,0,1.0,0,0.0,0
799,7842,5.0,6.0,2.0,45.0,3.6,1,0,1.0,0,0.03,0
800,10851,7.0,7.0,4.0,37.0,2.8,1,0,1.0,0,0.01,0
801,18467,1.0,2.0,3.0,38.0,2.6,1,0,1.0,0,0.06,1
802,6847,9.0,8.0,3.0,42.0,3.2,1,0,1.0,0,0.0,0
803,17806,7.0,9.0,4.0,38.0,3.0,0,0,1.0,0,0.16,0
804,15279,4.0,4.0,3.0,41.0,3.1,1,0,1.0,0,0.0,0
805,5427,5.0,6.0,5.0,38.0,3.3,0,0,1.0,0,0.008866042469861085,0
806,1437,6.0,7.0,4.0,43.0,3.5,1,0,1.0,0,0.0,0
807,14634,5.0,7.0,4.0,39.0,3.1,1,0,1.0,0,0.16581239369677075,0
808,740,1.0,2.0,4.0,31.0,3.5,0,0,1.0,0,0.48,1
809,15695,5.0,5.0,2.0,35.0,3.1,1,0,1.0,0,0.08,0
810,11377,9.0,8.0,4.0,36.0,2.8,1,0,1.0,0,0.0,0
811,10312,10.0,9.0,2.0,45.0,2.9,1,0,2.0,0,0.0,0
812,11874,10.0,9.0,4.0,38.0,3.9,1,0,1.0,0,0.0,0
813,1271,3.0,3.0,4.0,42.0,3.5,0,0,1.0,0,0.01,0
814,12176,6.0,7.0,3.0,45.0,3.9,0,0,1.0,0,0.0,0
815,12967,10.0,9.0,5.0,38.0,3.7,1,0,1.0,0,0.0,0
816,5335,2.0,5.0,5.0,39.0,3.3,0,2,1.0,0,0.10886604246986108,0
817,7653,3.0,1.0,5.0,36.0,2.4,1,1,1.0,0,0.38,0
818,3251,6.0,6.0,5.0,42.5,3.4,1,0,1.0,0,0.0,0
819,11826,9.0,9.0,4.0,46.0,3.9,1,0,1.0,0,0.0,0
820,19898,6.0,5.0,5.0,35.0,2.5,1,0,1.0,0,0.04,0
821,5071,5.0,4.0,3.0,44.0,3.3,1,0,2.0,0,0.07,0
822,8606,7.0,7.0,4.0,47.0,3.6,1,0,1.0,0,0.0,0
823,9129,4.0,4.0,3.0,31.0,3.6,1,0,1.0,0,0.15,0
824,3690,6.0,5.0,3.0,34.5,3.3,1,0,1.0,0,0.01,0
825,923,5.0,5.0,3.0,41.0,3.5,1,0,1.0,0,0.04,0
826,16098,7.0,6.0,3.0,35.0,3.1,0,0,1.0,0,0.0,0
827,17842,8.0,7.0,3.0,41.0,3.0,1,0,1.0,0,0.0,0
828,14914,7.0,6.0,4.0,34.0,3.1,0,0,1.0,0,0.0,0
829,1923,8.0,10.0,4.0,43.0,3.4,0,0,2.0,0,0.01,0
830,11245,4.0,6.0,4.0,41.0,2.8,0,0,1.0,0,0.0,0
831,2585,7.0,7.0,3.0,37.0,3.4,1,0,1.0,0,0.0,0
832,13529,10.0,10.0,2.0,31.0,3.7,1,0,2.0,0,0.0,0
833,9487,5.0,3.0,3.0,33.0,2.9,0,3,1.0,0,0.03,0
834,7090,6.0,3.0,4.0,42.0,3.2,1,0,1.0,0,0.15,0
835,292,5.0,8.0,4.0,40.0,3.5,0,0,1.0,0,0.0,0
836,19030,3.0,2.0,4.0,41.0,3.8,1,2,1.0,0,0.12,0
837,13239,2.0,2.0,4.0,36.0,3.7,0,1,1.0,0,0.3488660424698611,0
838,3110,4.0,5.0,2.0,28.5,3.4,0,0,1.0,0,0.15,0
839,17079,5.0,5.0,3.0,36.0,3.0,1,0,1.0,0,0.16,0
840,7840,8.0,7.0,4.0,34.0,3.6,0,0,1.0,0,0.02,0
841,19034,3.0,5.0,3.0,34.0,3.8,0,0,1.0,0,0.05,0
842,3640,9.0,9.0,4.0,39.0,3.3,0,0,1.0,0,0.0,0
843,9878,6.0,6.0,5.0,37.0,2.9,1,0,1.0,0,0.0,0
844,2215,7.0,6.0,5.0,36.0,3.4,1,0,1.0,0,0.0,0
845,4109,9.0,9.0,3.0,33.0,3.3,1,0,2.0,0,0.0,0
846,12486,2.0,2.0,5.0,43.0,3.7,0,0,1.0,0,0.01,1
847,17415,9.0,9.0,4.0,35.0,3.0,1,0,1.0,0,0.0,0
848,2145,2.0,2.0,4.0,35.0,3.4,1,0,1.0,0,0.1067998125500951,1
849,1714,5.0,4.0,4.0,35.0,3.5,1,0,1.0,0,0.0,0
850,11211,7.0,6.0,5.0,39.0,2.8,1,0,2.0,0,0.01,0
851,17434,4.0,4.0,4.0,36.0,3.0,0,1,1.0,0,0.02,0
852,15096,7.0,7.0,3.0,39.0,3.1,1,0,1.0,0,0.0,0
853,17743,5.0,6.0,2.0,41.0,3.0,1,0,1.0,0,0.0,0
854,5426,8.0,8.0,2.0,32.0,3.3,0,1,1.0,0,0.0,0
855,5945,10.0,10.0,4.0,31.0,3.2,0,0,1.0,0,0.0,0
856,8529,9.0,10.0,4.0,38.0,3.6,0,0,1.0,0,0.0,0
857,9080,4.0,5.0,3.0,39.0,3.6,0,0,1.0,0,0.0,0
858,9170,6.0,7.0,5.0,45.0,3.6,0,0,1.0,0,0.01,0
859,8356,10.0,10.0,3.0,41.0,3.6,0,0,1.0,0,0.0,0
860,19457,3.0,3.0,3.0,42.0,3.8,1,0,1.0,0,0.02,0
861,9836,9.0,9.0,4.0,37.5,2.9,1,0,1.0,0,0.0,0
862,9619,3.0,3.0,3.0,42.0,2.9,1,0,1.0,0,0.02,0
863,6139,5.0,4.0,3.0,31.0,3.2,0,4,1.0,0,0.019398942554088684,0
864,12608,4.0,4.0,4.0,38.0,3.7,0,2,1.0,0,0.01,1
865,19114,2.0,1.0,4.0,39.0,3.8,0,0,1.0,0,0.22382514392078193,1
866,11735,7.0,10.0,3.0,44.0,3.9,1,0,1.0,0,0.0,0
867,12527,2.0,2.0,4.0,42.0,3.7,1,0,1.0,0,0.12,0
868,1994,4.0,3.0,4.0,36.0,3.4,1,0,1.0,0,0.007227016511198682,0
869,14913,9.0,7.0,4.0,37.0,3.1,1,0,1.0,0,0.042236484881959475,0
870,8120,9.0,9.0,3.0,38.0,3.6,1,0,1.0,0,0.0,0
871,7446,9.0,9.0,3.0,32.5,2.4,1,0,1.0,0,0.0,0
872,17669,3.0,4.0,3.0,36.0,3.0,1,0,1.0,0,0.0,0
873,321,2.0,1.0,3.0,48.0,3.5,1,0,1.0,0,0.11,1
874,12701,9.0,9.0,3.0,31.0,3.7,0,0,1.0,0,0.0,0
875,10486,4.0,6.0,4.0,37.0,2.9,0,0,1.0,0,0.0,0
876,11952,3.0,4.0,4.0,44.0,3.9,0,2,1.0,0,0.0,0
877,19560,8.0,6.0,3.0,40.0,3.8,1,0,1.0,0,0.02,0
878,6310,3.0,2.0,5.0,37.0,3.2,0,0,1.0,0,0.4968291072164808,0
879,7392,8.0,9.0,4.0,42.0,3.2,1,0,1.0,0,0.0,0
880,5813,9.0,8.0,3.0,31.0,3.2,1,0,1.0,0,0.0,0
881,11889,8.0,9.0,4.0,41.0,3.9,0,0,1.0,0,0.0,0
882,7891,8.0,8.0,4.0,42.0,3.6,1,0,1.0,0,0.0,0
883,784,4.0,4.0,4.0,33.0,3.5,0,0,2.0,0,0.09939894255408868,0
884,16311,9.0,8.0,4.0,36.0,3.1,1,0,1.0,0,0.0,0
885,12374,9.0,9.0,3.0,40.0,3.9,0,0,1.0,0,0.0,0
886,15305,2.0,3.0,2.0,25.7,3.1,1,3,1.0,0,0.15,0
887,20022,3.0,4.0,4.0,26.0,2.5,1,0,1.0,0,0.3,0
888,2022,9.0,9.0,5.0,45.0,3.4,1,0,1.0,0,0.0,0
889,17287,1.0,2.0,4.0,31.5,3.0,1,0,1.0,0,0.3534550662817682,1
890,8838,7.0,9.0,4.0,43.0,3.6,1,2,2.0,0,0.0,0
891,12842,9.0,9.0,4.0,43.0,3.7,1,0,1.0,0,0.0,0
892,9113,1.0,2.0,4.0,41.0,3.6,0,0,1.0,0,0.028866042469861086,0
893,12468,8.0,7.0,3.0,30.5,3.7,0,0,1.0,0,0.03569514968634194,0
894,13743,5.0,3.0,3.0,41.0,3.7,1,0,1.0,0,0.08,0
895,9478,1.0,1.0,5.0,27.0,2.9,1,3,1.0,0,0.18592612949323953,1
896,15694,1.0,1.0,5.0,41.0,3.1,1,0,1.0,0,0.03,0
897,7742,2.0,2.0,3.0,25.0,2.4,1,3,1.0,0,0.48,0
898,13551,8.0,8.0,4.0,38.0,3.7,0,0,1.0,0,0.0,0
899,713,8.0,9.0,2.0,33.0,3.5,0,0,2.0,0,0.0,0
900,13127,10.0,10.0,3.0,41.0,3.7,0,0,1.0,0,0.0,0
901,14765,7.0,8.0,4.0,35.0,3.1,1,0,1.0,0,0.01,0
902,702,10.0,9.0,4.0,40.5,3.5,0,0,1.0,0,0.0,0
903,8928,9.0,7.0,2.0,42.0,3.6,1,0,1.0,0,0.0,0
904,19240,6.0,5.0,4.0,40.0,3.8,1,0,1.0,0,0.1,0
905,20243,6.0,7.0,5.0,33.0,2.3,1,0,1.0,0,0.15,1
906,1035,4.0,3.0,4.0,36.0,3.5,1,0,1.0,0,0.0670998429552251,0
907,13834,5.0,4.0,2.0,26.0,2.7,1,3,1.0,0,0.19,1
908,8183,8.0,9.0,2.0,39.0,3.6,1,0,2.0,0,0.0,0
909,20218,5.0,5.0,3.0,23.0,2.3,0,3,1.0,0,0.45,0
910,245,4.0,6.0,4.0,42.0,3.5,1,0,1.0,0,0.0,0
911,9349,7.0,7.0,3.0,47.0,3.6,1,0,1.0,0,0.0,0
912,17734,9.0,9.0,3.0,38.0,3.0,1,0,1.0,0,0.0,0
913,19932,2.0,1.0,2.0,35.0,2.5,1,4,1.0,0,0.41,1
914,1466,1.0,1.0,2.0,37.0,3.5,1,0,1.0,0,0.22514401986008278,0
915,19536,9.0,10.0,3.0,45.0,3.8,0,4,1.0,0,0.0,0
916,14428,3.0,3.0,4.0,34.0,2.7,1,3,2.0,0,0.09620662779085494,1
917,13104,5.0,4.0,3.0,41.0,3.7,0,0,1.0,0,0.0,0
918,11715,5.0,4.0,4.0,39.0,2.8,1,0,1.0,0,0.22231336257083215,0
919,16349,7.0,9.0,3.0,28.0,3.1,1,0,2.0,0,0.01,0
920,9740,1.0,2.0,2.0,31.0,2.9,1,3,1.0,0,0.3455881726403717,0
921,17170,5.0,5.0,3.0,32.5,3.0,0,0,1.0,0,0.02,0
922,171,5.0,4.0,3.0,32.0,3.5,0,0,1.0,0,0.04,0
923,19365,3.0,5.0,4.0,37.0,3.8,0,0,1.0,0,0.01,0
924,1655,2.0,4.0,5.0,37.0,3.5,1,0,1.0,0,0.16,0
925,12115,4.0,6.0,3.0,33.0,3.9,0,0,2.0,0,0.2,0
926,16827,7.0,5.0,4.0,38.0,3.0,0,0,1.0,0,0.0,0
927,15008,4.0,6.0,4.0,37.0,3.1,1,0,2.0,0,0.39,0
928,14065,8.0,5.0,2.0,35.0,2.7,1,1,1.0,0,0.08,0
929,3687,9.0,9.0,4.0,43.0,3.3,1,0,1.0,0,0.0,0
930,16135,10.0,10.0,5.0,45.0,3.1,1,0,1.0,0,0.09,0
931,4900,6.0,6.0,3.0,39.0,3.3,1,3,1.0,0,0.008866042469861085,0
932,12305,4.0,5.0,5.0,46.0,3.9,1,0,1.0,0,0.0,0
933,16465,8.0,10.0,3.0,32.0,3.0,0,0,2.0,0,0.0,0
934,8530,4.0,2.0,2.0,41.0,3.6,1,0,1.0,0,0.12,0
935,4827,10.0,10.0,4.0,37.0,3.3,0,0,1.0,0,0.0,0
936,2434,4.0,2.0,4.0,41.0,3.4,1,0,1.0,0,0.32,0
937,8556,7.0,6.0,4.0,42.0,3.6,0,0,1.0,0,0.0,0
938,17168,8.0,7.0,3.0,42.0,3.0,0,0,1.0,0,0.0,0
939,17441,9.0,8.0,4.0,41.0,3.0,1,0,1.0,0,0.0,0
940,1964,4.0,3.0,1.0,35.0,3.4,0,0,1.0,0,0.08,1
941,12365,6.0,8.0,3.0,48.0,3.9,1,0,1.0,0,0.01,0
942,15210,3.0,2.0,3.0,36.5,3.1,1,0,1.0,0,0.2872270165111987,0
943,9003,5.0,3.0,4.0,34.0,3.6,0,0,1.0,0,0.09682910721648084,0
944,11024,7.0,8.0,4.0,36.0,2.8,0,0,1.0,0,0.09,0
945,17078,5.0,4.0,4.0,36.0,3.0,1,0,1.0,0,0.2665981274095833,0
946,15928,3.0,4.0,4.0,32.0,3.1,1,0,1.0,0,0.4039601347102917,0
947,6667,10.0,2.0,5.0,40.0,3.2,0,0,1.0,0,0.02,0
948,18951,8.0,8.0,3.0,27.5,3.8,0,0,1.0,0,0.0,0
949,7354,7.0,7.0,3.0,35.0,3.2,0,1,1.0,0,0.0,0
950,12199,9.0,9.0,3.0,35.5,3.9,1,0,1.0,0,0.0,0
951,12591,8.0,10.0,3.0,25.5,3.7,1,0,1.0,0,0.07,0
952,4131,10.0,10.0,4.0,41.0,3.3,0,0,1.0,0,0.0,0
953,5058,4.0,5.0,4.0,41.0,3.3,1,0,1.0,0,0.13637723247930883,0
954,11750,5.0,5.0,4.0,42.0,3.9,0,0,1.0,0,0.0,0
955,4250,7.0,5.0,3.0,38.0,3.3,1,0,1.0,0,0.0,0
956,1091,8.0,9.0,2.0,42.0,3.5,0,0,1.0,0,0.0,0
957,3580,8.0,9.0,4.0,47.0,3.4,0,0,1.0,0,0.0,0
958,17499,2.0,2.0,4.0,38.0,3.0,0,0,1.0,0,0.07886604246986108,0
959,4638,1.0,2.0,3.0,29.0,3.3,0,3,1.0,0,0.21,1
960,7109,10.0,9.0,5.0,43.0,3.2,1,0,1.0,0,0.0,0
961,17979,6.0,6.0,4.0,40.0,3.0,1,1,1.0,0,0.02479217196310062,0
962,14685,5.0,2.0,5.0,27.5,3.1,0,0,1.0,0,0.2,1
963,3680,5.0,7.0,3.0,31.0,3.3,1,0,1.0,0,0.02,0
964,7227,8.0,5.0,2.0,39.0,3.2,1,0,1.0,0,0.16,0
965,18304,6.0,5.0,2.0,33.0,2.6,1,0,1.0,0,0.04,0
966,17972,3.0,2.0,3.0,38.0,3.0,0,3,1.0,0,0.06879788510817736,0
967,8596,7.0,8.0,3.0,44.0,3.6,1,0,1.0,0,0.0,0
968,18926,8.0,8.0,2.0,40.0,3.8,0,0,1.0,0,0.0,0
969,8181,1.0,3.0,4.0,41.5,3.6,1,0,1.0,0,0.05,0
970,11636,1.0,1.0,5.0,38.0,2.8,1,0,2.0,0,0.41077827083154744,0
971,18271,3.0,2.0,4.0,37.0,2.6,0,0,1.0,0,0.149375628097364,0
972,13389,10.0,10.0,4.0,47.0,3.7,0,0,1.0,0,0.0,0
973,11533,5.0,6.0,3.0,36.0,2.8,1,0,1.0,0,0.07,0
974,747,6.0,4.0,4.0,35.0,3.5,1,0,1.0,0,0.06,0
975,2544,4.0,5.0,4.0,29.0,3.4,0,0,1.0,0,0.07,0
976,3376,10.0,8.0,5.0,46.0,3.4,0,0,1.0,0,0.0,0
977,5701,8.0,8.0,3.0,45.0,3.2,1,0,1.0,0,0.0,0
978,15050,2.0,4.0,4.0,29.3,3.1,0,0,1.0,0,0.12,0
979,4235,7.0,9.0,5.0,40.0,3.3,1,0,1.0,0,0.017963064746619767,0
980,655,9.0,8.0,3.0,33.0,3.5,1,0,1.0,0,0.1359386196560444,0
981,2086,5.0,4.0,4.0,35.0,3.4,0,2,1.0,0,0.21645945130041636,0
982,10021,1.0,2.0,4.0,38.0,2.9,0,0,1.0,0,0.07,1
983,19606,4.0,5.0,4.0,30.3,2.5,0,0,1.0,0,0.02,0
984,18974,5.0,5.0,3.0,32.0,3.8,1,0,1.0,0,0.03,0
985,17484,10.0,10.0,3.0,33.0,3.0,1,0,1.0,0,0.0,0
986,13836,8.0,3.0,3.0,39.0,2.7,1,0,1.0,0,0.31,0
987,6418,9.0,9.0,3.0,38.0,3.2,0,0,1.0,0,0.0,0
988,1210,4.0,5.0,4.0,38.0,3.5,1,0,1.0,0,0.0,0
989,4021,9.0,9.0,2.0,33.0,3.3,1,1,1.0,0,0.0,0
990,2105,9.0,9.0,3.0,35.0,3.4,0,0,1.0,0,0.0,0
991,15816,5.0,4.0,3.0,41.0,3.1,1,0,1.0,0,0.01,0
992,11574,5.0,4.0,2.0,35.0,2.8,0,2,1.0,0,0.16796306474661976,0
993,11953,3.0,3.0,4.0,48.0,3.9,1,0,1.0,0,0.0,0
994,1327,8.0,6.0,5.0,46.0,3.5,1,0,1.0,0,0.0,0
995,2473,8.0,9.0,5.0,41.0,3.4,1,0,1.0,0,0.0,0
996,4299,3.0,2.0,3.0,39.0,3.3,1,0,1.0,0,0.08448338763315184,0
997,14372,6.0,7.0,4.0,35.0,2.7,1,0,1.0,0,0.0,0
998,19,1.0,1.0,3.0,30.0,3.5,0,0,1.0,0,0.19124982258038886,0
999,9063,5.0,4.0,3.0,42.0,3.6,0,0,1.0,0,0.0,0
1000,2701,8.0,6.0,4.0,34.0,3.4,0,0,1.0,0,0.03514046063591496,0
1001,12066,6.0,5.0,4.0,41.0,3.9,0,0,1.0,0,0.01,0
1002,16312,5.0,2.0,3.0,40.0,3.1,1,0,1.0,0,0.34,0
1003,19514,8.0,5.0,3.0,43.0,3.8,1,0,1.0,0,0.01,0
1004,2193,8.0,9.0,4.0,29.0,3.4,1,0,1.0,0,0.0,0
1005,18082,5.0,4.0,1.0,45.0,2.6,1,0,1.0,0,0.05,1
1006,6018,2.0,4.0,3.0,36.0,3.2,1,1,1.0,0,0.03,0
1007,18910,6.0,7.0,4.0,33.0,3.8,0,0,1.0,0,0.02,0
1008,10680,7.0,9.0,4.0,36.0,2.9,1,0,1.0,0,0.09,0
1009,6026,4.0,3.0,5.0,44.0,3.2,1,0,1.0,0,0.018866042469861087,0
1010,5910,3.0,3.0,3.0,35.5,3.2,0,0,1.0,0,0.08,0
1011,10014,9.0,10.0,4.0,38.0,2.9,0,0,1.0,0,0.0,0
1012,3730,8.0,7.0,4.0,45.0,3.3,1,0,1.0,0,0.0,0
1013,7028,8.0,7.0,2.0,37.0,3.2,0,0,1.0,0,0.01,0
1014,9685,9.0,8.0,5.0,32.0,2.9,0,0,1.0,0,0.0,0
1015,1284,2.0,5.0,3.0,38.0,3.5,0,0,1.0,0,0.008866042469861085,0
1016,7745,4.0,2.0,3.0,39.0,2.4,0,0,1.0,0,0.4492872985551097,0
1017,2136,4.0,3.0,5.0,33.5,3.4,1,0,1.0,0,0.018264985023949767,0
1018,4318,1.0,1.0,3.0,44.0,3.3,0,0,1.0,0,0.11,1
1019,4085,9.0,8.0,2.0,28.0,3.3,1,0,1.0,0,0.0,1
1020,11730,7.0,9.0,4.0,41.0,3.9,1,0,1.0,0,0.0,0
1021,11629,6.0,4.0,4.0,33.5,2.8,1,0,1.0,0,0.18,0
1022,13174,7.0,7.0,4.0,42.0,3.7,1,0,1.0,0,0.0,0
1023,3602,4.0,8.0,4.0,38.0,3.4,1,0,1.0,0,0.00839032865209208,0
1024,12803,9.0,9.0,3.0,37.0,3.7,1,0,1.0,0,0.0,0
1025,9730,8.0,10.0,4.0,39.0,2.9,1,0,1.0,0,0.05,0
1026,18994,9.0,9.0,3.0,45.0,3.8,1,0,1.0,0,0.0,0
1027,12678,6.0,8.0,3.0,39.0,3.7,0,0,2.0,0,0.0,0
1028,8538,5.0,5.0,4.0,34.0,3.6,0,0,1.0,0,0.01,0
1029,16699,4.0,5.0,3.0,40.0,3.0,1,0,1.0,0,0.0,0
1030,16038,6.0,6.0,3.0,36.0,3.1,0,0,1.0,0,0.02682910721648085,0
1031,11627,8.0,7.0,3.0,45.0,2.8,1,0,1.0,0,0.0,0
1032,12246,10.0,10.0,4.0,45.0,3.9,1,0,1.0,0,0.0,0
1033,20206,4.0,3.0,5.0,41.0,2.3,1,0,1.0,0,0.02,0
1034,4107,5.0,5.0,4.0,40.0,3.3,0,0,1.0,0,0.0,0
1035,3134,6.0,4.0,4.0,36.0,3.4,1,0,1.0,0,0.08796306474661977,0
1036,8039,7.0,4.0,4.0,40.0,3.6,1,2,1.0,0,0.01,1
1037,15615,10.0,10.0,4.0,42.0,3.1,1,0,1.0,0,0.0,0
1038,12097,9.0,10.0,4.0,37.0,3.9,1,0,1.0,0,0.0,0
1039,5015,1.0,2.0,2.0,40.0,3.3,1,0,1.0,0,0.08,1
1040,3863,4.0,2.0,5.0,30.0,3.3,0,0,1.0,0,0.24796306474661975,0
1041,15731,9.0,10.0,3.0,34.0,3.1,1,0,2.0,0,0.0,0
1042,18568,2.0,3.0,4.0,34.5,2.6,1,0,1.0,0,0.3995911026766997,0
1043,1135,7.0,8.0,4.0,44.0,3.5,0,0,1.0,0,0.01,0
1044,2266,8.0,8.0,3.0,34.0,3.4,1,0,1.0,0,0.0,0
1045,6096,9.0,8.0,4.0,36.0,3.2,0,0,1.0,0,0.04345506628176821,0
1046,7928,3.0,5.0,4.0,39.0,3.6,0,0,1.0,0,0.0,0
1047,7209,4.0,4.0,4.0,39.0,3.2,1,0,1.0,0,0.0,0
1048,224,8.0,7.0,3.0,38.0,3.5,1,0,1.0,0,0.4546170839988231,0
1049,2817,8.0,7.0,3.0,36.0,3.4,1,0,1.0,0,0.0,0
1050,5041,9.0,7.0,2.0,26.5,3.3,0,1,1.0,0,0.04,0
1051,4743,2.0,2.0,3.0,32.5,3.3,1,0,1.0,0,0.47896884048186306,1
1052,622,10.0,10.0,4.0,37.0,3.5,1,0,1.0,0,0.0,0
1053,1133,7.0,7.0,3.0,41.0,3.5,0,0,1.0,0,0.0,0
1054,11739,3.0,5.0,2.0,43.0,3.9,0,0,1.0,0,0.03,0
1055,2964,8.0,8.0,3.0,44.0,3.4,0,2,1.0,0,0.0,0
1056,1550,9.0,10.0,4.0,42.0,3.5,0,0,1.0,0,0.0,0
1057,4726,3.0,4.0,3.0,47.0,3.3,1,0,1.0,0,0.0,0
1058,8257,10.0,10.0,2.0,27.0,3.6,0,1,1.0,0,0.0,0
1059,1511,5.0,5.0,3.0,38.0,3.5,0,0,1.0,0,0.08,0
1060,10961,4.0,2.0,3.0,30.7,2.8,1,0,2.0,0,0.35,0
1061,13186,9.0,9.0,3.0,33.0,3.7,1,0,1.0,0,0.0,0
1062,6065,8.0,8.0,4.0,37.0,3.2,1,0,1.0,0,0.0,0
1063,4123,6.0,6.0,4.0,35.0,3.3,1,0,1.0,0,0.0,0
1064,1173,10.0,10.0,3.0,38.0,3.5,0,0,1.0,0,0.0,0
1065,14463,2.0,2.0,4.0,36.0,2.7,0,0,1.0,0,0.15195103111261557,0
1066,5936,7.0,6.0,4.0,32.0,3.2,1,0,1.0,0,0.24291755925862626,0
1067,3263,4.0,4.0,5.0,37.0,3.4,0,0,1.0,0,0.2,0
1068,788,7.0,8.0,4.0,47.0,3.5,0,0,1.0,0,0.0,0
1069,19259,5.0,4.0,3.0,41.0,3.8,0,0,1.0,0,0.0,0
1070,20120,8.0,9.0,4.0,37.0,2.3,1,0,1.0,0,0.0,0
1071,19050,8.0,8.0,4.0,43.0,3.8,0,0,1.0,0,0.0,0
1072,20188,10.0,10.0,4.0,33.5,2.3,1,0,1.0,0,0.02,0
1073,10731,9.0,9.0,3.0,32.5,2.8,1,0,1.0,0,0.01,0
1074,18243,3.0,2.0,3.0,41.0,2.6,1,4,1.0,0,0.393155929113187,0
1075,1095,7.0,8.0,4.0,41.0,3.5,1,0,1.0,0,0.0,0
1076,18895,2.0,2.0,4.0,35.0,3.8,0,0,1.0,0,0.2779774387536847,1
1077,17374,4.0,5.0,4.0,35.0,3.0,1,0,1.0,0,0.03,0
1078,9000,5.0,3.0,3.0,40.0,3.6,0,0,1.0,0,0.05,0
1079,3895,4.0,5.0,3.0,33.0,3.3,1,0,2.0,0,0.09773208493972216,0
1080,15053,8.0,8.0,4.0,45.0,3.1,1,0,1.0,0,0.0,0
1081,19452,9.0,10.0,4.0,44.0,3.8,1,0,1.0,0,0.0,0
1082,4060,2.0,2.0,2.0,42.0,3.3,0,0,2.0,0,0.04,0
1083,14500,5.0,5.0,4.0,42.0,2.7,1,0,1.0,0,0.006615525114155251,0
1084,16005,3.0,1.0,4.0,30.0,3.1,1,0,1.0,0,0.18262302902895933,0
1085,16452,1.0,3.0,4.0,31.0,3.0,0,1,1.0,0,0.26,0
1086,13596,1.0,1.0,4.0,46.0,3.7,0,0,1.0,0,0.13,0
1087,7097,5.0,4.0,4.0,33.0,3.2,1,0,1.0,0,0.22618543654487377,0
1088,12318,5.0,3.0,3.0,36.0,3.9,1,0,2.0,0,0.16,0
1089,13564,4.0,3.0,3.0,27.0,3.7,0,4,1.0,0,0.47,0
1090,9249,1.0,1.0,3.0,29.5,3.6,0,3,1.0,0,0.4425973622128535,0
1091,17787,1.0,1.0,5.0,39.5,3.0,0,0,1.0,0,0.43,1
1092,19896,7.0,2.0,4.0,29.7,2.5,1,0,2.0,0,0.19,0
1093,5377,7.0,7.0,5.0,42.0,3.3,1,0,1.0,0,0.0,0
1094,20171,3.0,1.0,2.0,31.0,2.3,1,2,2.0,0,0.48,1
1095,12389,6.0,7.0,3.0,41.0,3.9,1,2,1.0,0,0.0,0
1096,7036,2.0,2.0,4.0,44.0,3.2,1,0,1.0,0,0.08,0
1097,729,4.0,5.0,3.0,36.0,3.5,1,0,1.0,0,0.1783902930662751,0
1098,9758,7.0,8.0,4.0,27.0,2.9,1,0,1.0,0,0.05,0
1099,15104,8.0,7.0,4.0,38.0,3.1,1,0,1.0,0,0.14799973065531727,0
1100,14272,5.0,5.0,3.0,35.0,2.7,1,3,1.0,0,0.07,0
1101,1086,6.0,7.0,3.0,36.0,3.5,0,0,1.0,0,0.0,0
1102,15209,5.0,6.0,3.0,39.0,3.1,1,0,1.0,0,0.01592612949323953,0
1103,15111,8.0,7.0,3.0,34.0,3.1,1,0,1.0,0,0.0,0
1104,1444,8.0,8.0,4.0,47.0,3.5,0,0,1.0,0,0.0,0
1105,6242,6.0,3.0,2.0,46.0,3.2,1,0,1.0,0,0.01,0
1106,9361,8.0,9.0,3.0,43.0,3.6,0,0,1.0,0,0.0,0
1107,2139,8.0,9.0,2.0,19.0,3.4,0,3,1.0,0,0.32,0
1108,14725,4.0,1.0,4.0,42.0,3.1,1,0,1.0,0,0.10886604246986108,0
1109,16445,4.0,6.0,3.0,40.0,3.0,0,0,2.0,0,0.08,0
1110,11097,10.0,9.0,4.0,33.0,2.8,0,0,1.0,0,0.0,0
1111,19060,7.0,9.0,4.0,42.0,3.8,1,0,1.0,0,0.0,0
1112,16713,6.0,4.0,4.0,37.0,3.0,1,0,1.0,0,0.0,0
1113,13381,9.0,8.0,4.0,42.0,3.7,0,0,1.0,0,0.0,0
1114,2159,6.0,5.0,4.0,41.0,3.4,1,0,1.0,0,0.0,0
1115,16036,5.0,6.0,4.0,35.5,3.1,1,0,1.0,0,0.05722701651119868,0
1116,19487,8.0,8.0,3.0,38.0,3.8,0,3,1.0,0,0.0,0
1117,11721,3.0,3.0,3.0,32.0,2.8,1,2,1.0,0,0.46097828122382106,0
1118,15312,2.0,2.0,4.0,38.0,3.1,1,4,1.0,0,0.02661552511415525,0
1119,8186,3.0,3.0,4.0,34.0,3.6,1,0,2.0,0,0.05,0
1120,16027,9.0,9.0,4.0,42.0,3.1,1,0,1.0,0,0.0,0
1121,673,9.0,8.0,3.0,33.0,3.5,1,0,1.0,0,0.1359386196560444,0
1122,9034,5.0,3.0,4.0,36.0,3.6,1,0,1.0,0,0.01969015968564501,0
1123,6912,9.0,10.0,4.0,46.0,3.2,1,0,1.0,0,0.0,0
1124,1993,5.0,3.0,3.0,38.0,3.4,0,0,1.0,0,0.04,0
1125,17381,6.0,5.0,4.0,33.0,3.0,0,0,1.0,0,0.08102022173367014,0
1126,60,8.0,6.0,3.0,33.0,3.5,0,0,1.0,0,0.009398942554088683,0
1127,10092,2.0,1.0,4.0,28.3,2.9,0,0,1.0,0,0.2584571451465608,0
1128,8114,7.0,8.0,3.0,28.5,3.6,0,1,1.0,0,0.0,0
1129,3828,4.0,5.0,3.0,42.0,3.3,1,0,1.0,0,0.0,0
1130,7462,7.0,6.0,5.0,39.0,2.4,1,0,1.0,0,0.01,0
1131,11840,10.0,10.0,3.0,37.0,3.9,1,0,1.0,0,0.0,0
1132,6573,8.0,8.0,4.0,36.0,3.2,0,0,1.0,0,0.0,0
1133,3501,9.0,9.0,3.0,44.0,3.4,0,0,1.0,0,0.0,0
1134,5121,10.0,10.0,3.0,44.0,3.3,0,0,1.0,0,0.0,0
1135,5548,6.0,5.0,4.0,31.0,2.2,1,1,1.0,0,0.2888660424698611,0
1136,5991,6.0,6.0,3.0,24.0,3.2,0,0,1.0,0,0.31,0
1137,17813,9.0,10.0,2.0,39.0,3.0,1,1,1.0,0,0.0,0
1138,15523,3.0,1.0,5.0,39.0,3.1,0,0,1.0,0,0.48682910721648087,0
1139,5490,2.0,1.0,4.0,40.0,2.2,1,3,1.0,0,0.47796306474661976,0
1140,14797,4.0,5.0,4.0,41.0,3.1,1,0,1.0,0,0.017227016511198682,0
1141,19747,6.0,4.0,4.0,33.5,2.5,0,0,1.0,0,0.07,0
1142,18349,9.0,10.0,4.0,37.0,2.6,1,0,1.0,0,0.007963064746619765,0
1143,9007,7.0,4.0,4.0,47.0,3.6,1,0,1.0,0,0.0,0
1144,14870,5.0,5.0,3.0,33.0,3.1,1,0,1.0,0,0.06407449030985155,0
1145,13107,8.0,7.0,3.0,34.5,3.7,1,0,1.0,0,0.0,0
1146,15950,5.0,5.0,4.0,35.0,3.1,0,0,1.0,0,0.0,0
1147,1110,6.0,5.0,4.0,37.0,3.5,0,0,1.0,0,0.01,0
1148,12717,6.0,6.0,3.0,36.0,3.7,0,0,1.0,0,0.007963064746619765,0
1149,12597,9.0,9.0,4.0,28.0,3.7,1,0,1.0,0,0.0,0
1150,15413,10.0,8.0,3.0,34.0,3.1,1,0,2.0,0,0.0,0
1151,18396,9.0,8.0,4.0,45.0,2.6,1,0,1.0,0,0.0,0
1152,6332,9.0,9.0,4.0,41.0,3.2,1,0,1.0,0,0.0,0
1153,1039,3.0,3.0,3.0,30.0,3.5,1,0,1.0,0,0.02,0
1154,15281,3.0,4.0,4.0,40.0,3.1,1,0,1.0,0,0.0,0
1155,4810,8.0,8.0,3.0,41.0,3.3,1,0,1.0,0,0.0,0
1156,11978,3.0,2.0,2.0,40.0,3.9,1,0,1.0,0,0.4388660424698611,1
1157,17423,1.0,3.0,4.0,37.0,3.0,1,0,1.0,0,0.17682910721648085,0
1158,10530,8.0,6.0,4.0,32.0,2.9,0,0,1.0,0,0.07,0
1159,19296,9.0,8.0,4.0,44.0,3.8,0,0,1.0,0,0.0,0
1160,19252,2.0,2.0,3.0,44.0,3.8,1,0,1.0,0,0.1788660424698611,0
1161,2988,1.0,4.0,3.0,34.0,3.4,1,0,1.0,0,0.14,0
1162,12310,10.0,10.0,2.0,43.0,3.9,0,0,1.0,0,0.0,0
1163,17158,7.0,6.0,4.0,40.0,3.0,1,0,1.0,0,0.1627682867829276,0
1164,4496,6.0,6.0,4.0,42.0,3.3,1,0,1.0,0,0.0,0
1165,13297,5.0,8.0,3.0,36.0,3.7,0,0,1.0,0,0.0,0
1166,17531,8.0,6.0,3.0,42.0,3.0,1,0,1.0,0,0.0,0
1167,15324,2.0,2.0,3.0,42.0,3.1,1,0,2.0,0,0.08,0
1168,10317,4.0,7.0,3.0,29.0,2.9,1,0,1.0,0,0.29796306474661977,0
1169,12821,9.0,9.0,4.0,43.0,3.7,1,0,1.0,0,0.0,0
1170,8504,6.0,7.0,4.0,40.0,3.6,1,2,1.0,0,0.0,0
1171,10818,1.0,1.0,3.0,28.0,2.8,0,1,1.0,0,0.44240326454824097,1
1172,5282,9.0,9.0,3.0,39.5,3.3,1,0,1.0,0,0.0,0
1173,17608,1.0,2.0,2.0,29.0,3.0,0,3,1.0,0,0.1348773550397413,1
1174,14773,4.0,3.0,4.0,31.0,3.1,0,0,1.0,0,0.06939894255408868,0
1175,19567,6.0,6.0,4.0,36.0,3.8,0,0,1.0,0,0.0,0
1176,13575,9.0,4.0,4.0,30.5,3.7,0,2,2.0,0,0.29,1
1177,662,9.0,10.0,4.0,41.0,3.5,0,0,1.0,0,0.0,0
1178,17754,1.0,2.0,4.0,30.0,3.0,1,0,1.0,0,0.3990152251786004,0
1179,5507,7.0,7.0,4.0,36.0,2.2,1,0,1.0,0,0.02,0
1180,15243,5.0,6.0,4.0,37.0,3.1,1,0,1.0,0,0.07007059139592346,0
1181,15710,7.0,9.0,3.0,43.0,3.1,1,0,1.0,0,0.0,0
1182,7915,2.0,1.0,4.0,40.5,3.6,1,0,1.0,0,0.24997495298698522,0
1183,5039,4.0,4.0,4.0,39.0,3.3,1,0,1.0,0,0.0,0
1184,14154,9.0,6.0,4.0,41.0,2.7,1,0,1.0,0,0.02,0
1185,20151,10.0,10.0,4.0,32.0,2.3,1,0,1.0,0,0.0,0
1186,16440,9.0,9.0,3.0,40.0,3.0,0,0,1.0,0,0.0,0
1187,5152,7.0,7.0,3.0,38.0,3.3,0,0,1.0,0,0.0,0
1188,15908,8.0,7.0,4.0,34.0,3.1,0,0,2.0,0,0.19,0
1189,1626,8.0,8.0,2.0,38.0,3.5,1,0,1.0,0,0.008866042469861085,0
1190,18987,6.0,8.0,4.0,42.0,3.8,1,0,2.0,0,0.01,0
1191,17053,6.0,10.0,3.0,26.5,3.0,0,1,1.0,0,0.11,0
1192,14197,5.0,6.0,5.0,41.0,2.7,0,0,1.0,0,0.0,0
1193,14625,6.0,5.0,3.0,41.0,3.1,0,0,1.0,0,0.0,0
1194,12793,5.0,6.0,3.0,35.0,3.7,1,0,2.0,0,0.17,0
1195,8881,9.0,9.0,3.0,40.0,3.6,0,0,1.0,0,0.0,0
1196,11903,10.0,10.0,2.0,34.0,3.9,1,0,1.0,0,0.0,0
1197,7537,10.0,9.0,3.0,42.0,2.4,0,0,1.0,0,0.0,0
1198,2749,4.0,5.0,2.0,39.0,3.4,0,0,1.0,0,0.05,0
1199,19376,9.0,8.0,3.0,19.0,3.8,0,3,1.0,0,0.28,0
1200,16432,2.0,5.0,4.0,35.0,3.0,1,0,1.0,0,0.04,0
1201,5442,10.0,9.0,3.0,34.0,3.3,1,0,1.0,0,0.0,0
1202,2727,8.0,8.0,4.0,41.0,3.4,1,0,1.0,0,0.0,0
1203,14304,5.0,7.0,3.0,36.0,2.7,0,0,1.0,0,0.02,0
1204,9122,7.0,7.0,3.0,44.0,3.6,1,0,1.0,0,0.0,0
1205,1834,7.0,5.0,3.0,39.0,3.4,1,0,1.0,0,0.02,0
1206,9242,9.0,9.0,3.0,38.0,3.6,0,0,1.0,0,0.0,0
1207,11127,5.0,4.0,4.0,33.0,2.8,1,4,1.0,0,0.01,0
1208,3699,5.0,5.0,4.0,27.0,3.3,0,0,1.0,0,0.02,0
1209,12087,7.0,6.0,4.0,38.0,3.9,0,0,1.0,0,0.0,0
1210,4530,10.0,10.0,4.0,43.0,3.3,1,0,1.0,0,0.0,0
1211,6508,4.0,6.0,4.0,43.0,3.2,1,0,1.0,0,0.0,0
1212,1006,8.0,6.0,4.0,37.0,3.5,0,0,1.0,0,0.22792349024458786,0
1213,18075,7.0,7.0,4.0,47.0,2.6,1,0,1.0,0,0.13,0
1214,18526,10.0,10.0,4.0,37.0,2.6,0,0,1.0,0,0.01682910721648085,0
1215,16799,7.0,9.0,4.0,35.0,3.0,0,0,1.0,0,0.22,0
1216,14620,9.0,10.0,4.0,42.0,3.1,1,0,1.0,0,0.0,0
1217,11130,3.0,2.0,2.0,36.5,2.8,0,0,1.0,0,0.35,0
1218,13393,4.0,6.0,4.0,33.0,3.7,0,0,1.0,0,0.0,0
1219,5733,8.0,7.0,3.0,33.0,3.2,0,0,1.0,0,0.03713102749381085,0
1220,18448,10.0,10.0,5.0,39.0,2.6,0,0,1.0,0,0.0,0
1221,13417,4.0,3.0,4.0,33.0,3.7,0,0,1.0,0,0.01,0
1222,10300,1.0,1.0,5.0,38.0,2.9,1,0,1.0,0,0.4160618714866969,1
1223,13285,6.0,6.0,3.0,41.0,3.7,1,0,1.0,0,0.04,0
1224,11290,8.0,7.0,5.0,31.0,2.8,0,0,1.0,0,0.23,0
1225,291,2.0,2.0,2.0,37.0,3.5,0,0,1.0,0,0.3648631124335331,0
1226,5996,9.0,9.0,4.0,36.5,3.2,1,0,1.0,0,0.0,0
1227,15485,6.0,3.0,5.0,30.0,3.1,0,0,1.0,0,0.16,0
1228,14809,5.0,5.0,3.0,34.0,3.1,0,3,1.0,0,0.0,1
1229,6577,5.0,4.0,2.0,30.0,3.2,1,0,1.0,0,0.15061478024747038,0
1230,15962,5.0,2.0,4.0,29.7,3.1,1,0,2.0,0,0.15,0
1231,16592,6.0,5.0,4.0,40.0,3.0,1,0,1.0,0,0.0,0
1232,13386,5.0,8.0,1.0,37.0,3.7,1,0,1.0,0,0.0,0
1233,19188,10.0,10.0,3.0,41.0,3.8,0,0,1.0,0,0.0,0
1234,13049,3.0,3.0,2.0,31.0,3.7,1,0,1.0,0,0.1988660424698611,0
1235,5231,5.0,6.0,4.0,37.0,3.3,0,0,1.0,0,0.03569514968634194,0
1236,15340,8.0,8.0,3.0,42.0,3.1,1,0,1.0,0,0.0,0
1237,11847,9.0,8.0,4.0,34.0,3.9,0,0,1.0,0,0.01,0
1238,13584,10.0,10.0,4.0,36.0,3.7,0,0,1.0,0,0.0,0
1239,3806,9.0,9.0,4.0,37.0,3.3,1,0,1.0,0,0.0,0
1240,9630,2.0,3.0,4.0,39.5,2.9,0,0,1.0,0,0.34124644980837293,0
1241,12594,6.0,5.0,1.0,37.0,3.7,0,0,1.0,0,0.0,0
1242,8574,6.0,4.0,3.0,32.0,3.6,1,2,1.0,0,0.07,0
1243,14242,3.0,3.0,2.0,28.0,2.7,0,3,1.0,0,0.0960994400707279,1
1244,14810,4.0,6.0,3.0,35.0,3.1,0,0,1.0,0,0.008866042469861085,0
1245,1623,4.0,4.0,3.0,34.0,3.5,1,0,1.0,0,0.039398942554088684,0
1246,10615,10.0,6.0,4.0,40.0,2.9,1,0,1.0,0,0.09141813102838797,0
1247,11439,6.0,8.0,2.0,41.0,2.8,1,0,1.0,0,0.0,0
1248,2301,3.0,5.0,4.0,43.0,3.4,1,0,1.0,0,0.0,0
1249,13728,4.0,2.0,3.0,38.0,3.7,1,0,1.0,0,0.0,0
1250,10391,4.0,3.0,5.0,29.0,2.9,1,0,1.0,0,0.13,0
1251,6834,2.0,1.0,4.0,38.0,3.2,1,2,1.0,0,0.0795911026766997,0
1252,5683,6.0,6.0,4.0,46.0,3.2,0,0,1.0,0,0.0,0
1253,12682,7.0,7.0,3.0,41.0,3.7,0,0,1.0,0,0.0,0
1254,8937,8.0,10.0,5.0,38.0,3.6,0,0,1.0,0,0.0,0
1255,17502,5.0,5.0,3.0,39.0,3.0,1,2,2.0,0,0.1,0
1256,6268,4.0,3.0,3.0,38.0,3.2,0,0,1.0,0,0.0,0
1257,20197,4.0,3.0,4.0,41.0,2.3,1,0,1.0,0,0.04,0
1258,3914,6.0,3.0,3.0,29.5,3.3,0,0,1.0,0,0.13,0
1259,19742,1.0,1.0,4.0,24.0,2.5,0,3,1.0,0,0.29796306474661977,0
1260,19909,8.0,6.0,2.0,31.0,2.5,1,0,2.0,0,0.28,0
1261,13578,5.0,4.0,4.0,40.0,3.7,1,0,1.0,0,0.01,0
1262,18343,7.0,6.0,4.0,39.0,2.6,1,2,1.0,0,0.01,0
1263,4679,7.0,6.0,5.0,36.5,3.3,0,0,1.0,0,0.0,0
1264,1918,10.0,9.0,4.0,36.0,3.4,0,0,1.0,0,0.0,0
1265,4985,5.0,7.0,4.0,34.0,3.3,0,0,1.0,0,0.0,0
1266,15994,9.0,9.0,5.0,46.0,3.1,1,0,1.0,0,0.0,0
1267,14577,2.0,2.0,2.0,29.0,2.7,1,3,1.0,0,0.19,1
1268,1925,10.0,10.0,2.0,30.0,3.4,0,0,1.0,0,0.0,0
1269,13124,3.0,4.0,3.0,35.0,3.7,0,0,1.0,0,0.02,0
1270,17399,8.0,8.0,4.0,33.0,3.0,1,1,1.0,0,0.0,0
1271,11879,4.0,3.0,3.0,36.0,3.9,0,0,1.0,0,0.01,1
1272,9917,2.0,1.0,1.0,29.0,2.9,1,4,1.0,0,0.42,0
1273,5116,2.0,5.0,5.0,34.0,3.3,0,0,1.0,0,0.10799076102255274,1
1274,17460,4.0,3.0,4.0,38.0,3.0,1,0,1.0,0,0.0,0
1275,16598,8.0,4.0,3.0,44.0,3.0,1,0,1.0,0,0.09,0
1276,12538,5.0,6.0,3.0,42.0,3.7,0,0,1.0,0,0.0,0
1277,12063,10.0,10.0,2.0,37.0,3.9,0,0,1.0,0,0.0,0
1278,5259,2.0,3.0,3.0,20.0,3.3,0,3,1.0,0,0.31,1
1279,10943,3.0,1.0,4.0,38.0,2.8,1,0,1.0,0,0.27601446766824395,0
1280,4608,4.0,3.0,4.0,38.0,3.3,0,0,1.0,0,0.0,0
1281,20287,6.0,7.0,4.0,34.0,2.0,1,0,1.0,0,0.22,0
1282,11900,5.0,3.0,3.0,34.0,3.9,0,0,1.0,0,0.39,0
1283,10879,2.0,1.0,4.0,36.0,2.8,0,0,1.0,0,0.478564698644946,0
1284,12807,4.0,6.0,3.0,33.0,3.7,0,3,1.0,0,0.0,0
1285,19795,5.0,6.0,4.0,38.0,2.5,1,0,1.0,0,0.04,0
1286,12120,8.0,7.0,4.0,43.0,3.9,1,0,1.0,0,0.0,0
1287,15783,9.0,9.0,5.0,41.0,3.1,1,0,1.0,0,0.0,0
1288,3706,7.0,9.0,3.0,33.0,3.3,1,0,1.0,0,0.0,0
1289,3805,3.0,2.0,4.0,27.0,3.3,1,0,1.0,0,0.1,0
1290,4058,6.0,4.0,3.0,37.0,3.3,1,0,1.0,0,0.0,0
1291,85,6.0,9.0,2.0,45.0,3.5,1,0,1.0,0,0.0,1
1292,5691,3.0,2.0,4.0,29.0,3.2,1,0,1.0,0,0.3667085073673934,0
1293,6978,6.0,2.0,3.0,27.3,3.2,1,0,1.0,0,0.4,1
1294,7838,3.0,2.0,3.0,34.0,3.6,0,0,1.0,0,0.03,0
1295,4750,2.0,2.0,5.0,38.0,3.3,1,0,1.0,0,0.05,0
1296,8498,4.0,4.0,4.0,47.0,3.6,0,0,1.0,0,0.0,0
1297,5728,3.0,3.0,2.0,35.0,3.2,0,1,1.0,0,0.03,0
1298,1705,6.0,7.0,4.0,33.5,3.5,0,0,2.0,0,0.04,0
1299,6221,7.0,7.0,3.0,36.0,3.2,0,0,1.0,0,0.0,0
1300,2641,2.0,3.0,3.0,41.0,3.4,1,0,1.0,0,0.01,0
1301,7873,10.0,9.0,4.0,31.0,3.6,0,0,1.0,0,0.0,0
1302,9390,8.0,9.0,4.0,37.0,3.6,1,0,1.0,0,0.0,0
1303,17309,6.0,7.0,3.0,45.0,3.0,0,0,1.0,0,0.0,0
1304,14767,8.0,6.0,3.0,41.0,3.1,0,0,1.0,0,0.0,0
1305,5662,4.0,6.0,4.0,44.0,3.2,0,0,1.0,0,0.0,0
1306,10917,6.0,7.0,3.0,29.0,2.8,0,2,2.0,0,0.06,0
1307,3543,5.0,3.0,2.0,42.0,3.4,1,0,1.0,0,0.0,0
1308,16461,1.0,2.0,3.0,31.0,3.0,0,0,1.0,0,0.27,1
1309,16558,3.0,2.0,4.0,36.0,3.0,1,0,1.0,0,0.2488660424698611,0
1310,8784,9.0,9.0,2.0,33.0,3.6,0,0,1.0,0,0.0,0
1311,19432,4.0,6.0,3.0,44.0,3.8,1,0,1.0,0,0.0,0
1312,481,7.0,8.0,3.0,35.0,3.5,0,0,1.0,0,0.03682910721648085,0
1313,7459,2.0,4.0,3.0,43.0,2.4,1,3,1.0,0,0.13,0
1314,2967,2.0,3.0,4.0,35.0,3.4,1,0,1.0,0,0.2,1
1315,17695,4.0,2.0,5.0,32.0,3.0,0,0,1.0,0,0.2765981274095833,0
1316,10385,6.0,5.0,3.0,35.0,2.9,0,4,1.0,0,0.0,0
1317,12012,7.0,6.0,3.0,44.0,3.9,1,0,1.0,0,0.01,0
1318,3171,5.0,6.0,4.0,40.0,3.4,0,0,1.0,0,0.09829761869749594,0
1319,3946,4.0,3.0,3.0,34.0,3.3,1,0,1.0,0,0.01,0
1320,10915,4.0,3.0,4.0,40.0,2.8,1,0,1.0,0,0.053825143920781936,0
1321,10409,9.0,10.0,4.0,43.0,2.9,1,0,1.0,0,0.0,0
1322,12605,5.0,5.0,3.0,40.0,3.7,1,0,1.0,0,0.01,0
1323,13977,6.0,6.0,3.0,30.0,2.7,1,0,1.0,0,0.08,0
1324,1559,4.0,3.0,3.0,32.0,3.5,1,0,1.0,0,0.16,0
1325,17590,9.0,9.0,4.0,42.0,3.0,1,0,1.0,0,0.0,0
1326,7346,3.0,3.0,4.0,41.0,3.2,1,0,1.0,0,0.0,0
1327,15978,8.0,7.0,4.0,36.0,3.1,0,0,1.0,0,0.02538035753616945,0
1328,7647,8.0,7.0,3.0,43.0,2.4,0,0,1.0,0,0.03,0
1329,7923,4.0,4.0,4.0,38.0,3.6,0,0,1.0,0,0.02,0
1330,16293,3.0,3.0,5.0,37.0,3.1,0,0,1.0,0,0.0,0
1331,12553,4.0,4.0,3.0,32.0,3.7,1,0,1.0,0,0.04,0
1332,16551,7.0,6.0,4.0,40.0,3.0,0,0,1.0,0,0.1627682867829276,0
1333,438,2.0,4.0,4.0,32.0,3.5,0,2,1.0,0,0.10732318761642187,0
1334,1069,6.0,5.0,2.0,38.0,3.5,1,0,1.0,0,0.05,0
1335,2231,9.0,9.0,4.0,46.0,3.4,0,0,1.0,0,0.0,0
1336,9424,1.0,4.0,4.0,38.0,2.9,0,0,1.0,0,0.07,0
1337,4230,10.0,10.0,3.0,40.0,3.3,0,0,1.0,0,0.0,0
1338,1574,7.0,7.0,4.0,44.0,3.5,0,0,1.0,0,0.04,0
1339,5872,4.0,3.0,5.0,32.5,3.2,1,0,1.0,0,0.08,0
1340,2583,4.0,5.0,3.0,35.0,3.4,1,0,1.0,0,0.26525245400396247,0
1341,6698,6.0,6.0,5.0,39.0,3.2,1,0,1.0,0,0.0,0
1342,498,1.0,1.0,4.0,39.0,3.5,1,0,1.0,0,0.27171040414435055,0
1343,14327,4.0,4.0,4.0,45.0,2.7,1,0,1.0,0,0.029398942554088682,0
1344,16443,4.0,5.0,4.0,31.5,3.0,0,0,1.0,0,0.06886604246986108,0
1345,12517,5.0,6.0,3.0,37.0,3.7,1,0,1.0,0,0.0,0
1346,8951,1.0,6.0,4.0,42.0,3.6,0,0,1.0,0,0.0,0
1347,7888,8.0,9.0,4.0,37.0,3.6,1,0,1.0,0,0.0,0
1348,7886,2.0,2.0,2.0,30.0,3.6,0,0,1.0,0,0.07,0
1349,13990,1.0,1.0,3.0,27.0,2.7,0,3,1.0,0,0.3653653782811203,1
1350,17064,6.0,4.0,3.0,32.0,3.0,0,0,1.0,0,0.05,0
1351,13757,10.0,10.0,4.0,40.0,3.7,1,0,2.0,0,0.0,0
1352,9296,8.0,6.0,4.0,41.0,3.6,0,0,1.0,0,0.0,0
1353,4505,4.0,4.0,4.0,42.0,3.3,0,0,1.0,0,0.0,0
1354,330,5.0,6.0,5.0,40.0,3.5,1,0,1.0,0,0.0,0
1355,17433,4.0,1.0,3.0,37.0,3.0,1,0,1.0,0,0.14682910721648085,1
1356,19506,10.0,10.0,4.0,42.0,3.8,0,0,1.0,0,0.0,0
1357,2592,3.0,2.0,3.0,34.0,3.4,0,2,1.0,0,0.01,1
1358,4277,10.0,10.0,4.0,37.0,3.3,1,0,1.0,0,0.0,0
1359,18183,3.0,3.0,3.0,41.0,2.6,1,0,1.0,0,0.4,0
1360,144,8.0,4.0,3.0,28.0,3.5,0,0,1.0,0,0.35939894255408866,0
1361,7312,4.0,4.0,3.0,42.0,3.2,0,0,1.0,0,0.0,0
1362,10996,7.0,6.0,4.0,38.0,2.8,1,0,1.0,0,0.0,0
1363,18634,6.0,8.0,4.0,42.0,3.8,1,0,1.0,0,0.0,0
1364,1277,8.0,6.0,3.0,34.0,3.5,1,0,1.0,0,0.0,0
1365,8690,10.0,9.0,5.0,34.0,3.6,0,0,2.0,0,0.0,0
1366,7684,3.0,3.0,2.0,35.5,2.4,1,0,1.0,0,0.29,0
1367,11701,2.0,1.0,5.0,41.0,2.8,1,0,1.0,0,0.16778927120618078,0
1368,1442,7.0,7.0,3.0,39.0,3.5,0,0,1.0,0,0.016818119187898377,0
1369,17112,9.0,9.0,3.0,38.0,3.0,0,0,1.0,0,0.0,0
1370,7424,9.0,7.0,4.0,39.0,3.2,1,0,1.0,0,0.01,0
1371,2816,7.0,6.0,3.0,37.0,3.4,0,0,1.0,0,0.01,0
1372,15699,6.0,5.0,4.0,38.0,3.1,0,4,1.0,0,0.0,0
1373,4098,7.0,7.0,3.0,27.0,3.3,1,1,1.0,0,0.06,0
1374,9447,5.0,3.0,4.0,35.0,2.9,0,1,1.0,0,0.0,0
1375,13748,6.0,6.0,3.0,31.0,3.7,1,0,1.0,0,0.0,0
1376,8728,3.0,5.0,4.0,41.0,3.6,1,0,1.0,0,0.0,0
1377,1456,8.0,9.0,5.0,41.0,3.5,0,0,1.0,0,0.0,0
1378,541,6.0,7.0,4.0,33.0,3.5,0,0,1.0,0,0.008866042469861085,0
1379,556,5.0,6.0,4.0,38.0,3.5,1,0,1.0,0,0.0,0
1380,3646,8.0,9.0,3.0,29.0,3.3,1,0,1.0,0,0.0,0
1381,4648,7.0,7.0,4.0,38.0,3.3,0,0,1.0,0,0.0,0
1382,19758,5.0,3.0,4.0,40.0,2.5,1,0,1.0,0,0.03,0
1383,10033,8.0,10.0,4.0,48.0,2.9,0,0,1.0,0,0.0,0
1384,17604,7.0,8.0,4.0,37.0,3.0,0,0,1.0,0,0.01,0
1385,2746,4.0,7.0,3.0,37.0,3.4,0,0,2.0,0,0.28,0
1386,5654,7.0,7.0,4.0,42.0,3.2,0,0,1.0,0,0.12244511151255658,0
1387,13661,2.0,1.0,3.0,36.0,3.7,1,0,1.0,0,0.4098608665820669,0
1388,11802,5.0,3.0,4.0,42.0,3.9,1,0,1.0,0,0.04,0
1389,9276,5.0,8.0,3.0,40.0,3.6,0,0,1.0,0,0.01,0
1390,5822,10.0,3.0,5.0,35.0,3.2,1,0,1.0,0,0.14,0
1391,9295,5.0,4.0,3.0,27.0,3.6,1,1,1.0,0,0.11064307887381865,0
1392,11651,7.0,9.0,2.0,34.0,2.8,0,0,1.0,0,0.02,0
1393,19622,6.0,5.0,4.0,36.0,2.5,1,0,1.0,0,0.02,0
1394,5849,6.0,8.0,4.0,34.0,3.2,0,0,1.0,0,0.0,0
1395,7921,2.0,4.0,4.0,28.0,3.6,0,0,1.0,0,0.3,0
1396,15253,2.0,2.0,2.0,39.0,3.1,1,1,1.0,0,0.19990366190810324,0
1397,5664,4.0,2.0,3.0,33.0,3.2,0,0,1.0,0,0.01,1
1398,8049,2.0,1.0,4.0,27.0,3.6,1,0,1.0,0,0.3688660424698611,0
1399,12922,7.0,7.0,4.0,41.0,3.7,1,0,1.0,0,0.0,0
1400,7324,8.0,10.0,4.0,38.0,3.2,1,0,1.0,0,0.02,0
1401,13559,7.0,8.0,4.0,43.0,3.7,0,0,1.0,0,0.0,0
1402,12082,10.0,10.0,3.0,42.0,3.9,1,0,2.0,0,0.0,0
1403,10788,9.0,7.0,3.0,33.5,2.8,1,0,1.0,0,0.07511400385910974,0
1404,14877,4.0,5.0,2.0,42.0,3.1,1,0,1.0,0,0.01,0
1405,11868,8.0,6.0,5.0,42.0,3.9,1,0,1.0,0,0.0,0
1406,4492,5.0,5.0,4.0,37.0,3.3,0,0,1.0,0,0.0,0
1407,13385,5.0,4.0,5.0,45.5,3.7,1,0,1.0,0,0.0,0
1408,9056,2.0,2.0,2.0,30.7,3.6,0,0,1.0,0,0.2693989425540887,0
1409,3942,7.0,7.0,4.0,40.0,3.3,1,0,1.0,0,0.0,0
1410,14567,6.0,7.0,3.0,23.5,2.7,1,3,1.0,0,0.17,0
1411,8037,7.0,8.0,3.0,37.0,3.6,0,0,1.0,0,0.0,0
1412,9649,2.0,1.0,4.0,35.0,2.9,0,0,1.0,0,0.2824776311901758,0
1413,9360,8.0,6.0,3.0,31.0,3.6,0,3,1.0,0,0.0,0
1414,14068,6.0,5.0,3.0,37.0,2.7,1,0,2.0,0,0.19,0
1415,5022,6.0,5.0,4.0,30.0,3.3,0,0,1.0,0,0.01773208493972217,0
1416,10503,2.0,2.0,4.0,36.0,2.9,0,3,1.0,0,0.057732084939722164,0
1417,12614,4.0,3.0,3.0,30.0,3.7,0,0,1.0,0,0.4293989425540887,0
1418,17270,7.0,5.0,3.0,30.5,3.0,1,0,1.0,0,0.054180126488606824,1
1419,19709,5.0,3.0,3.0,38.0,2.5,1,0,2.0,0,0.08,0
1420,19131,8.0,9.0,3.0,37.0,3.8,1,0,1.0,0,0.0,0
1421,19387,10.0,5.0,3.0,36.0,3.8,0,0,1.0,0,0.01,0
1422,3191,7.0,7.0,3.0,34.0,3.4,1,0,1.0,0,0.0,0
1423,16853,5.0,3.0,4.0,37.5,3.0,1,0,1.0,0,0.04,0
1424,3216,5.0,9.0,3.0,32.0,3.4,0,0,2.0,0,0.04,0
1425,5905,3.0,2.0,5.0,28.0,3.2,1,0,1.0,0,0.15778927120618078,0
1426,12359,10.0,10.0,3.0,47.0,3.9,1,0,1.0,0,0.0,0
1427,940,5.0,6.0,4.0,40.0,3.5,1,0,1.0,0,0.0072270165111986825,0
1428,19835,9.0,7.0,4.0,39.0,2.5,1,0,1.0,0,0.34,1
1429,10050,5.0,6.0,4.0,39.0,2.9,1,0,1.0,0,0.0,0
1430,17262,9.0,8.0,4.0,39.0,3.0,1,0,1.0,0,0.0,0
1431,8822,8.0,8.0,2.0,37.0,3.6,0,0,1.0,0,0.0,0
1432,6041,9.0,8.0,2.0,45.0,3.2,0,0,1.0,0,0.07,0
1433,1772,3.0,6.0,3.0,39.0,3.4,0,1,1.0,0,0.0,0
1434,4967,6.0,7.0,1.0,46.0,3.3,1,0,1.0,0,0.0,0
1435,10581,3.0,3.0,4.0,38.0,2.9,1,0,1.0,0,0.007963064746619765,0
1436,1856,9.0,8.0,3.0,39.0,3.4,1,0,1.0,0,0.0,0
1437,20387,6.0,5.0,4.0,31.0,2.1,1,0,2.0,0,0.2688660424698611,1
1438,11150,8.0,5.0,5.0,37.0,2.8,1,0,1.0,0,0.0,0
1439,8681,10.0,10.0,4.0,42.0,3.6,1,2,1.0,0,0.0,0
1440,16962,4.0,4.0,3.0,36.0,3.0,1,0,1.0,0,0.0,0
1441,1269,7.0,9.0,4.0,36.0,3.5,0,0,1.0,0,0.0,0
1442,3143,3.0,3.0,5.0,40.0,3.4,1,0,1.0,0,0.01,0
1443,18947,9.0,9.0,3.0,43.0,3.8,1,0,1.0,0,0.0,0
1444,15611,3.0,3.0,3.0,35.0,3.1,1,0,1.0,0,0.07,0
1445,638,5.0,8.0,3.0,46.0,3.5,1,0,1.0,0,0.0,0
1446,5637,1.0,1.0,2.0,37.0,3.2,1,1,1.0,0,0.05,1
1447,11168,5.0,5.0,3.0,42.0,2.8,0,3,1.0,0,0.0,0
1448,13735,9.0,9.0,4.0,35.0,3.7,0,0,1.0,0,0.0,0
1449,15828,8.0,8.0,3.0,44.0,3.1,1,0,1.0,0,0.0,0
1450,11255,9.0,8.0,4.0,42.0,2.8,0,0,1.0,0,0.0,0
1451,12906,9.0,8.0,3.0,45.0,3.7,1,0,1.0,0,0.0,0
1452,6595,4.0,5.0,2.0,28.5,3.2,0,0,1.0,0,0.07,0
1453,15257,9.0,8.0,4.0,41.0,3.1,1,0,1.0,0,0.0,0
1454,17645,5.0,5.0,3.0,37.0,3.0,1,0,1.0,0,0.03,0
1455,14181,8.0,8.0,3.0,35.0,2.7,1,0,1.0,0,0.1516812316214314,0
1456,14123,10.0,10.0,3.0,40.0,2.7,1,0,1.0,0,0.0,0
1457,83,10.0,9.0,3.0,38.0,3.5,1,0,1.0,0,0.0,0
1458,16348,9.0,7.0,4.0,41.0,3.1,1,0,1.0,0,0.0,0
1459,6576,2.0,5.0,2.0,30.0,3.2,1,0,1.0,0,0.13,0
1460,12764,9.0,9.0,3.0,41.0,3.7,1,0,1.0,0,0.0,0
1461,17907,7.0,8.0,4.0,35.0,3.0,0,0,1.0,0,0.04,0
1462,9979,5.0,8.0,4.0,33.5,2.9,0,0,1.0,0,0.03,0
1463,2102,6.0,4.0,3.0,46.0,3.4,1,0,1.0,0,0.01,0
1464,9073,9.0,9.0,4.0,48.0,3.6,1,0,1.0,0,0.0,0
1465,5815,9.0,9.0,3.0,44.0,3.2,0,0,1.0,0,0.0,0
1466,17532,7.0,9.0,3.0,42.0,3.0,0,0,1.0,0,0.0,0
1467,8671,4.0,2.0,2.0,39.0,3.6,0,0,2.0,0,0.12,1
1468,11716,8.0,9.0,5.0,37.0,2.8,0,0,2.0,0,0.02,0
1469,6924,7.0,4.0,5.0,36.0,3.2,1,0,1.0,0,0.0,0
1470,4633,1.0,2.0,3.0,36.0,3.3,0,2,1.0,0,0.4395293446142808,1
1471,20383,5.0,4.0,3.0,36.0,2.1,1,0,1.0,0,0.06,1
1472,4132,7.0,6.0,3.0,31.0,3.3,0,0,1.0,0,0.04,0
1473,17953,6.0,9.0,3.0,37.0,3.0,0,0,1.0,0,0.09,0
1474,20162,8.0,5.0,4.0,40.0,2.3,1,0,1.0,0,0.05,0
1475,11047,10.0,10.0,3.0,46.0,2.8,1,0,1.0,0,0.0,0
1476,18305,6.0,6.0,4.0,26.0,2.6,1,0,1.0,0,0.14,0
1477,11736,8.0,7.0,4.0,38.0,3.9,0,0,1.0,0,0.0,0
1478,4786,4.0,5.0,2.0,38.0,3.3,0,0,1.0,0,0.02,0
1479,18306,10.0,10.0,4.0,42.0,2.6,1,0,1.0,0,0.0,0
1480,14826,4.0,3.0,4.0,38.0,3.1,1,0,1.0,0,0.0,1
1481,9257,9.0,8.0,4.0,34.0,3.6,1,2,1.0,0,0.0,0
1482,11081,8.0,8.0,4.0,43.0,2.8,0,0,2.0,0,0.01,0
1483,17508,10.0,10.0,4.0,46.0,3.0,1,4,1.0,0,0.0,0
1484,20351,3.0,3.0,3.0,45.0,2.1,1,0,1.0,0,0.15,0
1485,9571,5.0,5.0,5.0,41.0,2.9,1,0,1.0,0,0.05,0
1486,3934,10.0,9.0,4.0,32.0,3.3,0,0,1.0,0,0.0,0
1487,1293,6.0,7.0,5.0,42.0,3.5,0,0,1.0,0,0.03,0
1488,4417,5.0,8.0,3.0,35.0,3.3,0,0,1.0,0,0.0,0
1489,12896,8.0,7.0,4.0,38.0,3.7,1,0,1.0,0,0.018866042469861087,0
1490,20136,6.0,4.0,4.0,33.0,2.3,0,0,1.0,0,0.05,1
1491,5777,5.0,5.0,2.0,44.0,3.2,1,0,1.0,0,0.0,0
1492,7671,3.0,2.0,2.0,20.7,2.4,1,3,2.0,0,0.47,1
1493,8564,2.0,2.0,3.0,41.0,3.6,0,0,2.0,0,0.06,0
1494,2151,8.0,6.0,5.0,30.0,3.4,0,0,1.0,0,0.01,0
1495,293,5.0,3.0,3.0,33.0,3.5,1,0,1.0,0,0.13921433114267542,0
1496,13046,10.0,10.0,5.0,48.0,3.7,1,0,1.0,0,0.0,0
1497,12432,9.0,8.0,1.0,24.5,3.7,0,0,1.0,0,0.08,0
1498,4113,6.0,5.0,4.0,35.0,3.3,0,0,1.0,0,0.12123327698064676,0
1499,5294,3.0,2.0,4.0,33.0,3.3,1,4,1.0,0,0.3261604952786196,0
1500,19353,9.0,10.0,4.0,43.0,3.8,0,0,1.0,0,0.0,0
1501,7391,1.0,1.0,3.0,38.0,3.2,1,3,1.0,0,0.14040148236416583,0
1502,494,8.0,8.0,4.0,41.0,3.5,1,0,1.0,0,0.0,0
1503,6395,4.0,3.0,4.0,35.0,3.2,1,0,1.0,0,0.4186706916630694,1
1504,13589,9.0,10.0,3.0,43.0,3.7,0,0,1.0,0,0.0,0
1505,12867,8.0,9.0,3.0,42.0,3.7,0,0,1.0,0,0.0,0
1506,8151,3.0,3.0,2.0,33.0,3.6,0,0,1.0,0,0.14546416987944433,0
1507,669,3.0,5.0,4.0,39.0,3.5,1,0,1.0,0,0.01,0
1508,4543,10.0,9.0,4.0,35.0,3.3,1,0,1.0,0,0.0,0
1509,6194,1.0,3.0,4.0,35.0,3.2,1,0,1.0,0,0.3682649850239498,0
1510,16338,7.0,7.0,3.0,35.0,3.1,1,0,1.0,0,0.01,0
1511,4101,10.0,7.0,3.0,37.0,3.3,0,1,1.0,0,0.0,0
1512,5444,9.0,8.0,4.0,36.0,3.3,1,0,1.0,0,0.009398942554088683,0
1513,11342,6.0,3.0,4.0,29.0,2.8,1,3,1.0,0,0.21,0
1514,15141,7.0,5.0,3.0,32.0,3.1,1,0,1.0,0,0.03,0
1515,785,7.0,7.0,3.0,30.5,3.5,1,0,1.0,0,0.44,0
1516,15250,1.0,2.0,3.0,36.0,3.1,1,0,1.0,0,0.19639172212085146,1
1517,19175,6.0,5.0,3.0,25.0,3.8,0,0,2.0,0,0.17,0
1518,2541,6.0,7.0,4.0,35.0,3.4,1,0,1.0,0,0.0,0
1519,9767,9.0,5.0,4.0,37.0,2.9,1,0,1.0,0,0.06,0
1520,10717,4.0,4.0,4.0,40.0,2.9,1,0,1.0,0,0.0,0
1521,5250,9.0,9.0,4.0,41.0,3.3,1,0,1.0,0,0.019398942554088684,0
1522,9969,9.0,9.0,5.0,44.0,2.9,1,0,1.0,0,0.0,0
1523,11878,1.0,2.0,5.0,40.0,3.9,1,4,1.0,0,0.15,0
1524,15918,10.0,7.0,4.0,35.0,3.1,0,0,2.0,0,0.01,0
1525,17183,8.0,7.0,4.0,38.0,3.0,1,0,1.0,0,0.01565804889479028,0
1526,6326,10.0,10.0,4.0,39.0,3.2,0,0,1.0,0,0.0,0
1527,19988,10.0,8.0,3.0,34.0,2.5,1,0,1.0,0,0.0,0
1528,13914,2.0,2.0,1.0,25.0,2.7,0,3,2.0,0,0.39751119000944773,1
1529,16606,7.0,7.0,4.0,48.0,3.0,1,0,1.0,0,0.0,0
1530,2329,5.0,6.0,4.0,33.0,3.4,1,0,1.0,0,0.009591102676699693,0
1531,7711,6.0,6.0,3.0,29.0,2.4,1,0,1.0,0,0.01,0
1532,12257,10.0,10.0,4.0,37.0,3.9,0,1,1.0,0,0.0,0
1533,8166,1.0,7.0,4.0,32.0,3.6,0,0,1.0,0,0.04886604246986108,0
1534,9528,4.0,6.0,4.0,42.0,2.9,1,0,1.0,0,0.0,0
1535,12049,10.0,10.0,4.0,33.0,3.9,0,0,1.0,0,0.01,0
1536,13213,5.0,4.0,2.0,41.0,3.7,1,0,1.0,0,0.0,0
1537,12419,7.0,5.0,4.0,34.0,3.7,0,0,1.0,0,0.02,0
1538,5703,2.0,2.0,4.0,37.0,3.2,0,0,1.0,0,0.0,0
1539,11466,7.0,3.0,4.0,41.0,2.8,1,0,1.0,0,0.01,0
1540,3743,1.0,1.0,3.0,34.0,3.3,0,0,1.0,0,0.059124718552691656,0
1541,16890,6.0,7.0,3.0,38.5,3.0,1,0,1.0,0,0.0,0
1542,12964,4.0,6.0,3.0,32.0,3.7,0,0,2.0,0,0.09,0
1543,17866,5.0,3.0,4.0,35.0,3.0,0,0,1.0,0,0.05886604246986108,0
1544,8472,3.0,4.0,1.0,39.0,3.6,1,2,1.0,0,0.07,0
1545,1523,6.0,3.0,4.0,34.0,3.5,0,0,1.0,0,0.14609305898105976,0
1546,18740,1.0,1.0,3.0,38.0,3.8,1,0,1.0,0,0.2930102351779035,0
1547,4687,9.0,9.0,4.0,36.0,3.3,1,0,1.0,0,0.0,0
1548,1274,7.0,9.0,4.0,36.0,3.5,1,0,1.0,0,0.0,0
1549,3293,3.0,4.0,4.0,39.0,3.4,0,1,1.0,0,0.009398942554088683,0
1550,17181,7.0,8.0,3.0,31.0,3.0,1,0,1.0,0,0.11687271977720824,0
1551,3545,9.0,9.0,3.0,41.0,3.4,0,0,1.0,0,0.07275801981846905,0
1552,18214,4.0,2.0,4.0,35.0,2.6,0,1,1.0,0,0.19,0
1553,14206,7.0,4.0,4.0,33.0,2.7,0,0,1.0,0,0.13,0
1554,17503,7.0,7.0,4.0,42.0,3.0,0,0,1.0,0,0.0,0
1555,1899,7.0,6.0,3.0,37.0,3.4,0,0,1.0,0,0.01,0
1556,8088,4.0,3.0,5.0,41.0,3.6,0,0,1.0,0,0.0,0
1557,11217,5.0,3.0,4.0,28.0,2.8,1,0,1.0,0,0.32,0
1558,16320,6.0,3.0,5.0,32.0,3.1,0,0,1.0,0,0.09,0
1559,13198,6.0,6.0,2.0,40.0,3.7,0,0,1.0,0,0.0,0
1560,12272,6.0,5.0,3.0,47.0,3.9,0,0,1.0,0,0.04,0
1561,4658,10.0,10.0,3.0,43.0,3.3,1,0,1.0,0,0.0,0
1562,7370,6.0,4.0,5.0,31.5,3.2,1,0,1.0,0,0.028866042469861086,0
1563,18450,4.0,2.0,5.0,33.0,2.6,1,0,1.0,0,0.03,0
1564,3079,5.0,5.0,4.0,41.0,3.4,1,0,1.0,0,0.006615525114155251,0
1565,4366,6.0,8.0,4.0,42.0,3.3,0,0,1.0,0,0.0,0
1566,13478,1.0,1.0,4.0,38.0,3.7,0,3,1.0,0,0.15,0
1567,10923,4.0,6.0,4.0,40.0,2.8,1,0,1.0,0,0.0,0
1568,13499,8.0,6.0,4.0,38.0,3.7,1,0,1.0,0,0.0,0
1569,12384,10.0,9.0,3.0,34.0,3.9,1,0,1.0,0,0.0,0
1570,2163,6.0,5.0,3.0,41.0,3.4,0,0,1.0,0,0.0,0
1571,3203,8.0,9.0,5.0,48.0,3.4,1,0,1.0,0,0.0,0
1572,11202,4.0,4.0,4.0,37.0,2.8,0,0,1.0,0,0.01,1
1573,16681,8.0,6.0,4.0,36.0,3.0,1,0,1.0,0,0.1,0
1574,6559,7.0,7.0,4.0,45.0,3.2,1,0,1.0,0,0.0072270165111986825,0
1575,17459,2.0,5.0,2.0,42.0,3.0,0,0,1.0,0,0.01,0
1576,16909,8.0,8.0,3.0,30.5,3.0,1,0,1.0,0,0.01,0
1577,3471,9.0,10.0,3.0,36.0,3.4,1,0,1.0,0,0.0,0
1578,11226,1.0,2.0,4.0,35.0,2.8,1,0,2.0,0,0.4,1
1579,9224,7.0,6.0,2.0,36.0,3.6,1,0,1.0,0,0.03,0
1580,15971,5.0,3.0,5.0,33.0,3.1,1,0,1.0,0,0.06682910721648085,0
1581,7110,8.0,8.0,4.0,45.0,3.2,0,0,1.0,0,0.0,0
1582,8125,2.0,3.0,3.0,39.0,3.6,1,0,1.0,0,0.14,0
1583,2681,2.0,5.0,3.0,32.0,3.4,0,0,1.0,0,0.15,0
1584,12034,10.0,10.0,3.0,39.0,3.9,1,0,1.0,0,0.0,0
1585,4716,2.0,2.0,5.0,37.5,3.3,1,0,1.0,0,0.33,1
1586,14511,4.0,4.0,3.0,42.0,2.7,1,0,2.0,0,0.14,0
1587,9359,7.0,5.0,2.0,37.0,3.6,0,0,1.0,0,0.15,0
1588,19679,4.0,3.0,3.0,43.0,2.5,1,0,1.0,0,0.25,1
1589,628,9.0,6.0,3.0,36.0,3.5,0,0,1.0,0,0.02,0
1590,11493,3.0,2.0,5.0,35.0,2.8,1,0,1.0,0,0.13569514968634194,0
1591,2609,5.0,7.0,3.0,43.0,3.4,1,0,1.0,0,0.0,0
1592,17118,4.0,2.0,3.0,43.0,3.0,0,0,1.0,0,0.16,0
1593,18372,9.0,10.0,3.0,42.0,2.6,0,0,1.0,0,0.0,0
1594,13133,8.0,6.0,3.0,47.0,3.7,1,0,1.0,0,0.0,0
1595,17162,2.0,1.0,4.0,29.0,3.0,0,0,1.0,0,0.3,0
1596,17055,10.0,10.0,4.0,35.0,3.0,0,4,1.0,0,0.0,0
1597,10227,6.0,5.0,4.0,34.5,2.9,0,0,2.0,0,0.09,0
1598,7869,10.0,7.0,5.0,40.0,3.6,1,0,1.0,0,0.01,0
1599,8955,10.0,9.0,3.0,37.0,3.6,0,0,1.0,0,0.0,0
1600,12020,5.0,8.0,2.0,45.0,3.9,0,0,1.0,0,0.01,0
1601,2743,7.0,6.0,5.0,37.0,3.4,1,0,1.0,0,0.0,0
1602,2785,6.0,7.0,4.0,36.0,3.4,0,0,1.0,0,0.0,0
1603,16416,4.0,1.0,4.0,34.0,3.0,0,0,1.0,0,0.20796306474661974,1
1604,8197,8.0,8.0,3.0,38.0,3.6,0,0,1.0,0,0.0,0
1605,5614,8.0,8.0,4.0,38.0,3.2,1,0,1.0,0,0.01773208493972217,0
1606,8656,6.0,6.0,3.0,34.5,3.6,0,0,1.0,0,0.10939894255408868,0
1607,8997,8.0,6.0,4.0,37.0,3.6,0,0,1.0,0,0.007963064746619765,0
1608,18054,8.0,7.0,3.0,38.0,2.6,1,0,1.0,0,0.0,0
1609,19253,8.0,9.0,5.0,40.0,3.8,1,0,1.0,0,0.0,0
1610,15005,4.0,4.0,4.0,37.0,3.1,1,0,1.0,0,0.03,0
1611,13272,4.0,4.0,4.0,42.0,3.7,0,0,1.0,0,0.03,0
1612,4539,5.0,4.0,3.0,33.5,3.3,1,0,1.0,0,0.4925796947266343,0
1613,4010,8.0,8.0,3.0,41.0,3.3,0,0,1.0,0,0.0,0
1614,1080,3.0,4.0,5.0,42.0,3.5,1,0,1.0,0,0.0,0
1615,16971,9.0,10.0,4.0,37.0,3.0,0,0,1.0,0,0.01,0
1616,17833,2.0,1.0,2.0,43.0,3.0,1,3,1.0,0,0.08682910721648085,0
1617,4110,10.0,8.0,3.0,34.0,3.3,1,0,2.0,0,0.0,0
1618,17671,9.0,9.0,3.0,38.0,3.0,0,0,1.0,0,0.0,0
1619,20084,7.0,5.0,5.0,47.0,2.3,1,0,1.0,0,0.0,0
1620,15447,6.0,6.0,4.0,39.0,3.1,1,0,1.0,0,0.0,0
1621,4636,5.0,7.0,4.0,32.5,3.3,0,0,1.0,0,0.04,0
1622,16957,4.0,5.0,3.0,40.0,3.0,0,0,1.0,0,0.0,0
1623,6128,2.0,4.0,2.0,36.0,3.2,0,0,1.0,0,0.01,0
1624,17045,8.0,8.0,4.0,39.0,3.0,1,0,1.0,0,0.0,0
1625,9940,4.0,1.0,4.0,34.0,2.9,0,0,1.0,0,0.24796306474661975,0
1626,13846,4.0,1.0,4.0,42.0,2.7,0,0,1.0,0,0.09,1
1627,4450,3.0,6.0,4.0,37.0,3.3,0,0,1.0,0,0.02,0
1628,2456,9.0,9.0,3.0,44.0,3.4,0,0,1.0,0,0.0,0
1629,11258,4.0,6.0,2.0,35.0,2.8,0,0,1.0,0,0.11,0
1630,14084,10.0,10.0,3.0,33.5,2.7,1,0,1.0,0,0.08624641635274155,0
1631,4353,6.0,7.0,5.0,43.0,3.3,1,0,1.0,0,0.0,0
1632,2997,4.0,5.0,1.0,38.0,3.4,1,0,1.0,0,0.1275772077090034,0
1633,8537,3.0,3.0,4.0,41.0,3.6,0,0,1.0,0,0.0,0
1634,6439,3.0,2.0,4.0,36.0,3.2,0,0,1.0,0,0.49398055140686137,0
1635,19945,4.0,4.0,2.0,34.0,2.5,1,0,1.0,0,0.03,1
1636,12708,1.0,2.0,4.0,42.0,3.7,1,0,1.0,0,0.03,0
1637,14000,9.0,7.0,3.0,35.0,2.7,0,0,1.0,0,0.0,0
1638,13790,3.0,3.0,2.0,20.0,2.7,0,3,1.0,0,0.46,1
1639,8806,8.0,8.0,3.0,45.0,3.6,1,0,1.0,0,0.0,0
1640,16272,7.0,7.0,4.0,36.0,3.1,1,0,1.0,0,0.0,0
1641,9984,2.0,4.0,4.0,39.0,2.9,0,0,1.0,0,0.11137139130707642,0
1642,3304,9.0,9.0,4.0,34.0,3.4,0,0,1.0,0,0.0,0
1643,16000,7.0,8.0,5.0,38.0,3.1,1,0,2.0,0,0.0,0
1644,16001,9.0,9.0,4.0,32.0,3.1,0,0,1.0,0,0.0,0
1645,14876,9.0,10.0,4.0,26.5,3.1,1,0,1.0,0,0.01,0
1646,14171,7.0,7.0,3.0,38.0,2.7,0,0,1.0,0,0.0,0
1647,13604,9.0,10.0,4.0,39.0,3.7,0,0,2.0,0,0.0,0
1648,11848,6.0,9.0,2.0,31.0,3.9,1,0,1.0,0,0.03,0
1649,16164,3.0,2.0,4.0,27.0,3.1,0,0,1.0,0,0.14796306474661977,0
1650,134,4.0,4.0,1.0,26.0,3.5,0,0,1.0,0,0.16,1
1651,18145,7.0,3.0,2.0,34.0,2.6,1,0,2.0,0,0.23,0
1652,4057,10.0,9.0,4.0,37.0,3.3,1,0,1.0,0,0.0,0
1653,6584,9.0,8.0,2.0,26.5,3.2,0,0,1.0,0,0.02,0
1654,12917,6.0,6.0,3.0,42.0,3.7,0,0,1.0,0,0.0,0
1655,450,6.0,7.0,4.0,35.0,3.5,0,0,1.0,0,0.00839032865209208,0
1656,4,9.0,8.0,4.0,48.0,3.5,1,0,1.0,0,0.0,0
1657,19386,10.0,10.0,3.0,48.0,3.8,0,0,1.0,0,0.0,0
1658,5644,7.0,7.0,4.0,33.5,3.2,0,0,1.0,0,0.0,0
1659,3591,8.0,7.0,4.0,40.0,3.4,1,0,1.0,0,0.0,0
1660,12617,7.0,6.0,3.0,33.5,3.7,1,0,1.0,0,0.27,0
1661,201,4.0,4.0,4.0,41.0,3.5,0,0,1.0,0,0.0,0
1662,1031,8.0,6.0,4.0,47.0,3.5,1,0,1.0,0,0.0,0
1663,9737,6.0,8.0,4.0,39.0,2.9,0,0,1.0,0,0.0,0
1664,8057,9.0,9.0,3.0,45.0,3.6,1,0,1.0,0,0.0,0
1665,11957,9.0,9.0,4.0,48.0,3.9,0,0,1.0,0,0.0,0
1666,4094,6.0,5.0,3.0,29.5,3.3,1,1,1.0,0,0.09,0
1667,7592,7.0,4.0,3.0,41.0,2.4,1,0,1.0,0,0.22,0
1668,14351,6.0,7.0,2.0,32.0,2.7,1,0,1.0,0,0.09886604246986108,0
1669,10600,2.0,3.0,4.0,40.0,2.9,1,0,1.0,0,0.02,0
1670,18146,7.0,5.0,3.0,29.5,2.6,1,0,2.0,0,0.03,0
1671,13156,9.0,9.0,4.0,32.5,3.7,0,0,1.0,0,0.0,0
1672,10003,4.0,5.0,4.0,40.0,2.9,1,0,1.0,0,0.0,0
1673,18217,9.0,9.0,3.0,41.0,2.6,1,0,1.0,0,0.0,0
1674,5173,10.0,10.0,4.0,40.5,3.3,1,0,1.0,0,0.0,0
1675,17602,6.0,3.0,3.0,33.0,3.0,1,0,1.0,0,0.1,0
1676,11449,5.0,3.0,2.0,22.0,2.8,0,3,2.0,0,0.48,0
1677,9514,9.0,9.0,4.0,33.0,2.9,1,0,1.0,0,0.0,0
1678,17620,8.0,6.0,5.0,37.0,3.0,1,0,1.0,0,0.0,0
1679,294,8.0,5.0,4.0,38.5,3.5,1,0,1.0,0,0.01,0
1680,5295,3.0,2.0,4.0,38.0,3.3,1,0,1.0,0,0.3165796893709234,0
1681,12078,6.0,9.0,4.0,42.0,3.9,1,0,1.0,0,0.0,0
1682,19666,10.0,10.0,3.0,39.0,2.5,1,0,2.0,0,0.0,0
1683,19928,8.0,9.0,4.0,35.5,2.5,1,0,2.0,0,0.06,0
1684,4925,8.0,8.0,2.0,30.0,3.3,0,0,1.0,0,0.02,0
1685,20341,10.0,10.0,4.0,40.0,2.1,1,0,1.0,0,0.0,0
1686,18525,7.0,7.0,3.0,28.0,2.6,1,0,1.0,0,0.48,0
1687,7121,3.0,4.0,4.0,36.0,3.2,1,4,1.0,0,0.01,0
1688,1398,3.0,4.0,3.0,34.0,3.5,0,0,1.0,0,0.05184539493386029,0
1689,9383,4.0,3.0,3.0,28.5,3.6,0,2,1.0,0,0.45,0
1690,2946,6.0,8.0,4.0,41.0,3.4,1,0,1.0,0,0.0,0
1691,13052,2.0,3.0,3.0,26.3,3.7,1,0,1.0,0,0.35,0
1692,7528,4.0,4.0,4.0,31.0,2.4,1,1,1.0,0,0.07,0
1693,13067,2.0,2.0,3.0,40.0,3.7,0,0,1.0,0,0.028866042469861086,0
1694,15216,1.0,1.0,4.0,35.5,3.1,1,0,1.0,0,0.15396013471029169,1
1695,1496,2.0,1.0,3.0,35.0,3.5,1,0,1.0,0,0.1738705553688934,1
1696,13226,6.0,7.0,4.0,39.0,3.7,0,0,1.0,0,0.01,0
1697,19158,4.0,3.0,4.0,42.0,3.8,0,0,1.0,0,0.10005319369135146,0
1698,8678,5.0,8.0,3.0,42.0,3.6,1,0,1.0,0,0.0,0
1699,6251,6.0,7.0,2.0,31.5,3.2,1,0,2.0,0,0.12,0
1700,11500,1.0,1.0,1.0,39.0,2.8,1,3,1.0,0,0.3,0
1701,4818,6.0,6.0,4.0,38.0,3.3,1,0,1.0,0,0.0,0
1702,2651,8.0,8.0,3.0,31.0,3.4,1,2,2.0,0,0.02,0
1703,3954,8.0,6.0,4.0,45.0,3.3,1,0,1.0,0,0.0,0
1704,13448,8.0,4.0,4.0,42.0,3.7,1,0,1.0,0,0.04,0
1705,9457,6.0,6.0,3.0,33.5,2.9,0,0,1.0,0,0.03,0
1706,4629,5.0,6.0,2.0,27.0,3.3,1,0,1.0,0,0.25,0
1707,9031,5.0,2.0,3.0,46.0,3.6,0,0,1.0,0,0.17,0
1708,8673,9.0,9.0,4.0,43.0,3.6,1,0,1.0,0,0.0,0
1709,16405,8.0,9.0,4.0,38.0,3.0,1,0,1.0,0,0.01,0
1710,9374,10.0,10.0,3.0,40.0,3.6,0,0,1.0,0,0.0,0
1711,13443,7.0,8.0,1.0,28.0,3.7,0,3,1.0,0,0.0,0
1712,19916,6.0,1.0,4.0,43.0,2.5,1,0,1.0,0,0.13,0
1713,10518,6.0,6.0,5.0,41.0,2.9,1,0,1.0,0,0.0,0
1714,18376,10.0,10.0,1.0,26.0,2.6,0,3,1.0,0,0.0,0
1715,11363,8.0,9.0,3.0,38.0,2.8,1,0,1.0,0,0.0,0
1716,12798,2.0,3.0,2.0,42.0,3.7,0,0,1.0,0,0.48,0
1717,15287,6.0,6.0,3.0,34.5,3.1,0,0,1.0,0,0.017963064746619763,0
1718,1154,10.0,9.0,4.0,36.0,3.5,0,1,2.0,0,0.0,0
1719,2080,9.0,7.0,4.0,43.0,3.4,1,0,1.0,0,0.0,0
1720,19445,9.0,9.0,3.0,44.0,3.8,0,0,1.0,0,0.0,0
1721,1862,10.0,10.0,4.0,32.5,3.4,0,0,1.0,0,0.0,0
1722,2035,8.0,8.0,3.0,38.0,3.4,0,0,1.0,0,0.04653751875909729,0
1723,17825,8.0,7.0,4.0,37.0,3.0,0,0,2.0,0,0.0,1
1724,6105,10.0,10.0,2.0,30.0,3.2,1,0,1.0,0,0.0,0
1725,8077,7.0,4.0,5.0,45.0,3.6,1,0,1.0,0,0.0,0
1726,11437,7.0,9.0,3.0,40.0,2.8,1,0,2.0,0,0.03,0
1727,2091,6.0,7.0,5.0,39.0,3.4,0,0,1.0,0,0.0,0
1728,10392,3.0,3.0,1.0,31.0,2.9,1,3,1.0,0,0.27682910721648085,0
1729,5812,3.0,4.0,3.0,36.0,3.2,1,0,1.0,0,0.0,0
1730,12841,4.0,3.0,4.0,31.0,3.7,0,0,1.0,0,0.07,0
1731,20068,4.0,4.0,1.0,37.0,2.3,1,3,1.0,0,0.09,0
1732,9048,3.0,5.0,3.0,41.0,3.6,1,0,1.0,0,0.0,0
1733,10601,3.0,4.0,2.0,32.0,2.9,1,1,1.0,0,0.2772270165111987,0
1734,4515,2.0,2.0,5.0,35.0,3.3,1,0,1.0,0,0.4402470430391505,0
1735,7893,6.0,7.0,2.0,33.0,3.6,0,0,1.0,0,0.054048203690654543,1
1736,15867,5.0,3.0,4.0,40.0,3.1,0,0,2.0,0,0.12,0
1737,10704,9.0,10.0,4.0,37.0,2.9,0,0,1.0,0,0.02,0
1738,6259,9.0,9.0,4.0,33.0,3.2,0,0,1.0,0,0.0,0
1739,15583,6.0,5.0,4.0,36.0,3.1,1,0,1.0,0,0.027087783299311427,0
1740,20216,7.0,8.0,3.0,41.0,2.3,1,0,1.0,0,0.01,0
1741,1092,2.0,2.0,4.0,34.0,3.5,0,0,1.0,0,0.3684631522502486,0
1742,15938,5.0,6.0,4.0,39.0,3.1,0,0,1.0,0,0.017963064746619767,0
1743,3194,5.0,4.0,4.0,34.0,3.4,1,0,1.0,0,0.14684023208520375,0
1744,12767,10.0,10.0,2.0,42.0,3.7,1,0,1.0,0,0.0,0
1745,13943,7.0,5.0,4.0,31.0,2.7,1,0,1.0,0,0.2088660424698611,0
1746,14746,5.0,7.0,2.0,34.0,3.1,0,0,1.0,0,0.10773208493972217,0
1747,4224,6.0,8.0,3.0,36.0,3.3,1,0,1.0,0,0.0,0
1748,16206,9.0,9.0,3.0,41.0,3.1,0,0,1.0,0,0.0,0
1749,6615,9.0,10.0,3.0,38.0,3.2,0,0,1.0,0,0.08,1
1750,18940,6.0,8.0,4.0,31.0,3.8,0,0,1.0,0,0.0,0
1751,15954,8.0,8.0,3.0,45.0,3.1,1,0,1.0,0,0.0,0
1752,12217,4.0,3.0,3.0,37.0,3.9,0,0,1.0,0,0.02,0
1753,10459,7.0,5.0,1.0,37.0,2.9,1,4,1.0,0,0.06,0
1754,3327,8.0,7.0,4.0,41.0,3.4,0,0,1.0,0,0.0,0
1755,8893,2.0,5.0,3.0,37.0,3.6,1,3,1.0,0,0.01,0
1756,16866,6.0,8.0,4.0,39.0,3.0,1,0,1.0,0,0.01,0
1757,16884,7.0,5.0,3.0,33.0,3.0,0,0,1.0,0,0.07,0
1758,13029,7.0,6.0,4.0,37.0,3.7,1,0,1.0,0,0.0,0
1759,7526,7.0,8.0,4.0,38.0,2.4,1,0,2.0,0,0.01,1
1760,650,9.0,6.0,4.0,46.0,3.5,0,0,1.0,0,0.0,0
1761,14724,3.0,6.0,4.0,40.0,3.1,0,0,1.0,0,0.0,0
1762,9521,2.0,5.0,3.0,39.0,2.9,1,0,1.0,0,0.006615525114155251,0
1763,10314,1.0,1.0,3.0,43.0,2.9,1,0,1.0,0,0.17,0
1764,3892,4.0,5.0,3.0,45.0,3.3,1,0,1.0,0,0.0,0
1765,8417,7.0,8.0,4.0,42.0,3.6,1,0,1.0,0,0.0,0
1766,11204,10.0,10.0,2.0,40.0,2.8,1,0,1.0,0,0.0,0
1767,7080,4.0,4.0,3.0,39.0,3.2,1,0,1.0,0,0.07,0
1768,13034,10.0,10.0,4.0,42.5,3.7,1,4,1.0,0,0.0,0
1769,13009,2.0,2.0,4.0,42.0,3.7,0,0,1.0,0,0.12,0
1770,14824,6.0,6.0,4.0,42.0,3.1,1,0,1.0,0,0.0,0
1771,936,8.0,8.0,4.0,41.0,3.5,1,0,1.0,0,0.0,0
1772,19650,1.0,1.0,4.0,39.0,2.5,1,3,1.0,0,0.3688660424698611,0
1773,9718,1.0,1.0,1.0,36.0,2.9,1,0,1.0,0,0.29,0
1774,10517,6.0,9.0,4.0,30.0,2.9,1,0,1.0,0,0.06,1
1775,18465,5.0,4.0,3.0,36.0,2.6,1,0,1.0,0,0.11826498502394976,0
1776,14209,9.0,10.0,3.0,46.0,2.7,1,1,1.0,0,0.0,0
1777,4178,8.0,9.0,4.0,38.0,3.3,1,0,1.0,0,0.018866042469861087,0
1778,19687,5.0,6.0,4.0,40.5,2.5,1,0,1.0,0,0.03,0
1779,8490,5.0,4.0,3.0,40.0,3.6,0,2,1.0,0,0.0,0
1780,12137,10.0,9.0,4.0,45.0,3.9,0,0,1.0,0,0.0,0
1781,315,3.0,3.0,4.0,42.0,3.5,1,0,1.0,0,0.01,0
1782,17015,6.0,7.0,4.0,38.0,3.0,0,0,1.0,0,0.0,0
1783,13405,7.0,6.0,3.0,43.0,3.7,1,0,1.0,0,0.0,0
1784,17858,7.0,7.0,3.0,40.0,3.0,1,0,1.0,0,0.0,0
1785,233,3.0,1.0,5.0,42.0,3.5,1,0,1.0,0,0.01,0
1786,7404,6.0,6.0,4.0,33.0,3.2,1,0,1.0,0,0.21092529694480133,0
1787,16861,6.0,7.0,2.0,34.0,3.0,0,0,1.0,0,0.05,0
1788,17870,3.0,3.0,4.0,38.0,3.0,0,0,1.0,0,0.0,0
1789,11713,8.0,6.0,3.0,33.5,2.8,1,0,1.0,0,0.09855620215550609,0
1790,748,8.0,6.0,3.0,30.5,3.5,0,0,1.0,0,0.0,0
1791,20225,1.0,1.0,5.0,41.0,2.3,1,0,1.0,0,0.13,0
1792,18831,3.0,4.0,4.0,42.0,3.8,0,0,1.0,0,0.0,0
1793,554,5.0,5.0,4.0,41.0,3.5,0,0,1.0,0,0.0,0
1794,12301,5.0,6.0,3.0,36.0,3.9,1,0,1.0,0,0.10773208493972217,0
1795,9498,5.0,6.0,2.0,42.0,2.9,0,2,1.0,0,0.0,0
1796,6930,5.0,4.0,4.0,38.0,3.2,1,0,1.0,0,0.05495910145092085,0
1797,7892,2.0,2.0,3.0,31.0,3.6,0,3,1.0,0,0.4930505206181509,0
1798,9147,5.0,5.0,4.0,47.0,3.6,1,0,1.0,0,0.0,0
1799,7505,10.0,9.0,3.0,38.0,2.4,0,0,1.0,0,0.0,0
1800,15512,9.0,9.0,4.0,46.0,3.1,0,0,1.0,0,0.0,0
1801,10189,8.0,2.0,3.0,36.0,2.9,1,4,1.0,0,0.04886604246986108,0
1802,8770,2.0,2.0,3.0,36.0,3.6,0,0,1.0,0,0.057720719250309374,0
1803,14471,4.0,3.0,4.0,35.0,2.7,1,2,1.0,0,0.2888660424698611,0
1804,2848,8.0,8.0,3.0,41.0,3.4,1,0,1.0,0,0.01,0
1805,10195,6.0,5.0,3.0,32.0,2.9,0,0,1.0,0,0.19,0
1806,3933,9.0,7.0,3.0,40.0,3.3,0,0,1.0,0,0.0,0
1807,15965,4.0,5.0,4.0,40.0,3.1,1,0,1.0,0,0.0,0
1808,11413,5.0,3.0,4.0,35.0,2.8,1,0,1.0,0,0.0,0
1809,14669,5.0,6.0,4.0,34.0,3.1,0,0,2.0,0,0.22,1
1810,15844,9.0,9.0,4.0,35.0,3.1,0,0,2.0,0,0.0,0
1811,3523,7.0,5.0,4.0,39.0,3.4,0,0,1.0,0,0.0,0
1812,13170,3.0,2.0,4.0,40.0,3.7,1,0,1.0,0,0.01,0
1813,854,2.0,10.0,3.0,33.0,3.5,1,0,1.0,0,0.05,1
1814,19781,7.0,9.0,3.0,43.0,2.5,1,3,1.0,0,0.0,0
1815,18939,10.0,10.0,5.0,40.0,3.8,0,0,1.0,0,0.0,0
1816,12505,8.0,8.0,4.0,35.0,3.7,0,0,1.0,0,0.0,0
1817,8267,7.0,7.0,4.0,43.0,3.6,1,2,1.0,0,0.0,0
1818,1515,1.0,1.0,1.0,36.0,3.5,0,2,1.0,0,0.27551723216993923,1
1819,2597,5.0,5.0,5.0,33.0,3.4,1,0,1.0,0,0.06672213017051054,0
1820,14169,5.0,3.0,3.0,34.0,2.7,1,4,1.0,0,0.08,0
1821,7295,3.0,3.0,2.0,39.0,3.2,0,0,1.0,0,0.02,0
1822,6112,6.0,7.0,4.0,48.0,3.2,0,0,1.0,0,0.0,0
1823,10999,6.0,5.0,4.0,31.0,2.8,1,0,1.0,0,0.16509409224043062,0
1824,3242,5.0,3.0,4.0,36.0,3.4,0,0,1.0,0,0.24692574072036266,0
1825,12059,9.0,10.0,2.0,37.0,3.9,0,0,1.0,0,0.0,0
1826,2234,7.0,7.0,3.0,31.0,3.4,0,0,1.0,0,0.1388660424698611,0
1827,19580,2.0,2.0,2.0,41.0,3.8,1,0,1.0,0,0.04,0
1828,19326,8.0,8.0,5.0,43.5,3.8,1,0,1.0,0,0.0,0
1829,16892,9.0,10.0,4.0,38.0,3.0,0,0,1.0,0,0.0,0
1830,15151,9.0,9.0,3.0,26.0,3.1,0,4,1.0,0,0.0,0
1831,5821,5.0,4.0,4.0,39.0,3.2,1,0,1.0,0,0.15253712488819463,0
1832,14964,6.0,6.0,4.0,35.0,3.1,0,1,1.0,0,0.026598127409583255,0
1833,6451,10.0,10.0,4.0,39.5,3.2,1,0,1.0,0,0.0,0
1834,8935,10.0,8.0,3.0,36.0,3.6,1,0,1.0,0,0.0,0
1835,239,10.0,8.0,4.0,37.0,3.5,0,0,2.0,0,0.0,0
1836,11760,3.0,4.0,4.0,42.0,3.9,1,0,1.0,0,0.0,0
1837,2918,4.0,5.0,4.0,19.5,3.4,1,0,1.0,0,0.37,0
1838,3181,8.0,7.0,4.0,35.0,3.4,1,0,1.0,0,0.009398942554088683,0
1839,17946,4.0,3.0,4.0,37.5,3.0,0,0,1.0,0,0.02,0
1840,871,10.0,7.0,4.0,42.0,3.5,1,0,2.0,0,0.03,0
1841,19145,10.0,10.0,5.0,38.0,3.8,1,0,1.0,0,0.0,0
1842,10553,5.0,3.0,4.0,38.0,2.9,1,2,1.0,0,0.03,0
1843,7695,9.0,8.0,4.0,46.0,2.4,0,0,1.0,0,0.03,0
1844,3318,10.0,10.0,3.0,41.0,3.4,1,0,1.0,0,0.0,0
1845,5399,7.0,8.0,4.0,37.0,3.3,1,0,1.0,0,0.0,0
1846,10359,5.0,3.0,4.0,39.0,2.9,1,0,1.0,0,0.04,0
1847,15114,3.0,3.0,3.0,34.0,3.1,0,4,1.0,0,0.21,0
1848,19045,2.0,1.0,3.0,34.0,3.8,1,0,1.0,0,0.2549591014509208,0
1849,12381,10.0,10.0,4.0,45.0,3.9,0,0,1.0,0,0.0,0
1850,9999,3.0,3.0,4.0,37.0,2.9,0,0,1.0,0,0.02,0
1851,15444,8.0,7.0,5.0,33.0,3.1,1,0,1.0,0,0.0,0
1852,9850,10.0,9.0,1.0,34.0,2.9,1,0,1.0,0,0.0,0
1853,2406,9.0,9.0,4.0,31.0,3.4,1,1,1.0,0,0.0,0
1854,7225,3.0,7.0,4.0,44.0,3.2,1,0,1.0,0,0.0,0
1855,18163,5.0,5.0,4.0,27.7,2.6,1,0,1.0,0,0.01,1
1856,11070,3.0,5.0,3.0,40.0,2.8,0,0,1.0,0,0.11,1
1857,2999,2.0,2.0,4.0,39.5,3.4,0,0,1.0,0,0.01,1
1858,19492,10.0,10.0,3.0,44.0,3.8,0,0,1.0,0,0.0,0
1859,14032,2.0,2.0,3.0,32.3,2.7,0,1,2.0,0,0.22,1
1860,6064,9.0,9.0,1.0,47.0,3.2,1,0,1.0,0,0.01,0
1861,15516,5.0,5.0,4.0,31.0,3.1,1,0,1.0,0,0.11,0
1862,18171,10.0,10.0,3.0,39.5,2.6,1,0,2.0,0,0.0,0
1863,18192,6.0,6.0,5.0,40.0,2.6,1,0,1.0,0,0.02,0
1864,10914,8.0,8.0,2.0,39.0,2.8,0,0,1.0,0,0.0,0
1865,15537,5.0,5.0,2.0,29.0,3.1,0,4,1.0,0,0.06,0
1866,14360,2.0,4.0,4.0,33.5,2.7,1,0,1.0,0,0.05,0
1867,18882,2.0,2.0,3.0,45.0,3.8,0,0,1.0,0,0.12,0
1868,17631,5.0,2.0,4.0,39.0,3.0,1,0,1.0,0,0.16,0
1869,2654,3.0,1.0,2.0,28.0,3.4,0,0,1.0,0,0.47,1
1870,5671,8.0,5.0,4.0,35.0,3.2,1,0,1.0,0,0.0,0
1871,249,9.0,8.0,4.0,45.0,3.5,0,0,1.0,0,0.0,0
1872,5874,6.0,5.0,5.0,42.0,3.2,1,0,1.0,0,0.05,0
1873,17911,7.0,6.0,4.0,33.0,3.0,0,1,1.0,0,0.02,0
1874,10716,6.0,5.0,5.0,41.0,2.9,1,4,1.0,0,0.0,0
1875,15056,8.0,8.0,4.0,41.0,3.1,1,0,1.0,0,0.0,0
1876,16762,4.0,8.0,4.0,39.0,3.0,1,0,1.0,0,0.03,0
1877,19104,4.0,5.0,3.0,32.0,3.8,0,0,2.0,0,0.16,0
1878,4894,7.0,9.0,2.0,40.0,3.3,1,0,1.0,0,0.02,0
1879,3179,9.0,9.0,4.0,29.0,3.4,1,4,1.0,0,0.0,0
1880,4097,6.0,4.0,4.0,38.0,3.3,1,0,1.0,0,0.0,0
1881,14798,9.0,9.0,4.0,32.0,3.1,1,0,1.0,0,0.0,0
1882,9863,3.0,3.0,4.0,36.0,2.9,1,0,1.0,0,0.2272270165111987,0
1883,9562,1.0,1.0,1.0,35.0,2.9,1,1,1.0,0,0.33,0
1884,14323,2.0,2.0,5.0,41.0,2.7,1,0,1.0,0,0.13,0
1885,13653,3.0,3.0,3.0,36.0,3.7,1,0,1.0,0,0.01,0
1886,11789,7.0,7.0,3.0,43.0,3.9,1,0,1.0,0,0.0,0
1887,6609,7.0,7.0,4.0,31.0,3.2,1,1,1.0,0,0.0,0
1888,2002,7.0,7.0,3.0,46.0,3.4,0,0,1.0,0,0.0,0
1889,6358,10.0,10.0,5.0,41.0,3.2,0,0,1.0,0,0.0,0
1890,3339,4.0,2.0,4.0,32.5,3.4,0,0,1.0,0,0.06939894255408868,0
1891,2665,2.0,4.0,4.0,34.0,3.4,0,0,1.0,0,0.36,0
1892,7020,5.0,5.0,4.0,30.5,3.2,1,0,1.0,0,0.07,0
1893,1152,9.0,7.0,3.0,46.0,3.5,1,0,1.0,0,0.0,0
1894,12857,5.0,7.0,4.0,36.0,3.7,0,0,1.0,0,0.06,0
1895,4061,6.0,8.0,3.0,47.0,3.3,1,0,1.0,0,0.0,0
1896,1650,8.0,9.0,4.0,36.0,3.5,1,0,1.0,0,0.0,0
1897,15578,2.0,3.0,4.0,33.0,3.1,1,1,1.0,0,0.45,0
1898,16212,7.0,6.0,5.0,40.0,3.1,1,0,1.0,0,0.0,0
1899,17882,4.0,5.0,3.0,42.0,3.0,1,0,1.0,0,0.0,0
1900,18572,8.0,9.0,3.0,44.0,2.6,1,0,1.0,0,0.0,0
1901,3006,8.0,8.0,3.0,39.0,3.4,0,0,1.0,0,0.0,0
1902,18633,7.0,7.0,3.0,41.0,3.8,0,0,1.0,0,0.0,0
1903,14738,1.0,1.0,4.0,31.0,3.1,0,2,1.0,0,0.45796306474661974,1
1904,17872,8.0,5.0,4.0,40.0,3.0,1,0,1.0,0,0.0,0
1905,1811,7.0,8.0,4.0,46.0,3.4,1,0,1.0,0,0.0,0
1906,1159,8.0,8.0,2.0,37.0,3.5,0,0,1.0,0,0.0,0
1907,7561,10.0,6.0,3.0,42.0,2.4,1,0,1.0,0,0.03,0
1908,3265,9.0,9.0,2.0,37.0,3.4,0,0,1.0,0,0.0,0
1909,19028,1.0,1.0,3.0,45.0,3.8,1,0,1.0,0,0.08,1
1910,3311,1.0,2.0,4.0,35.0,3.4,0,0,1.0,0,0.1456326716484042,1
1911,13805,6.0,8.0,3.0,40.0,2.7,0,0,1.0,0,0.0,0
1912,9623,8.0,7.0,5.0,41.0,2.9,1,0,1.0,0,0.0,0
1913,14522,5.0,4.0,4.0,41.0,2.7,0,0,1.0,0,0.008866042469861085,0
1914,4308,7.0,7.0,2.0,42.0,3.3,0,0,1.0,0,0.0,0
1915,7621,9.0,9.0,4.0,36.5,2.4,1,0,1.0,0,0.0,0
1916,5002,8.0,7.0,4.0,47.0,3.3,0,0,1.0,0,0.0,0
1917,11222,8.0,8.0,4.0,48.0,2.8,1,0,1.0,0,0.0,0
1918,4006,7.0,6.0,3.0,32.0,3.3,0,0,1.0,0,0.01,1
1919,16533,3.0,3.0,4.0,38.0,3.0,0,0,1.0,0,0.0,0
1920,9032,9.0,9.0,4.0,45.0,3.6,0,0,1.0,0,0.0,0
1921,10812,7.0,7.0,2.0,33.0,2.8,1,0,1.0,0,0.11790117926714058,0
1922,4672,9.0,9.0,3.0,44.0,3.3,0,2,1.0,0,0.0,0
1923,17367,7.0,6.0,4.0,36.0,3.0,1,0,1.0,0,0.01,0
1924,8576,4.0,5.0,4.0,32.5,3.6,1,2,1.0,0,0.03,0
1925,9541,5.0,6.0,3.0,36.5,2.9,1,0,1.0,0,0.11,0
1926,11398,10.0,10.0,3.0,32.0,2.8,0,0,1.0,0,0.4088660424698611,0
1927,16101,4.0,8.0,4.0,41.0,3.1,1,2,1.0,0,0.01,0
1928,13875,4.0,3.0,5.0,43.0,2.7,1,0,1.0,0,0.03,1
1929,14932,6.0,3.0,3.0,32.0,3.1,1,0,1.0,0,0.07,0
1930,5223,10.0,9.0,4.0,41.0,3.3,0,0,1.0,0,0.0,0
1931,20159,10.0,10.0,5.0,45.0,2.3,1,0,1.0,0,0.0,0
1932,10768,1.0,1.0,2.0,30.0,2.8,0,4,1.0,0,0.3336582144329617,1
1933,6422,3.0,3.0,3.0,39.0,3.2,0,4,1.0,0,0.0,0
1934,7396,8.0,7.0,4.0,38.0,3.2,0,0,1.0,0,0.2377320849397222,0
1935,1854,8.0,8.0,4.0,40.0,3.4,1,0,1.0,0,0.0,0
1936,14418,7.0,5.0,5.0,35.0,2.7,1,0,1.0,0,0.0,0
1937,10057,2.0,5.0,4.0,33.0,2.9,0,0,1.0,0,0.17,0
1938,18433,2.0,2.0,3.0,38.0,2.6,1,0,1.0,0,0.3815308329553905,0
1939,12790,1.0,1.0,4.0,37.0,3.7,1,0,1.0,0,0.45939894255408864,1
1940,13812,6.0,4.0,4.0,27.5,2.7,0,0,1.0,0,0.1,1
1941,5303,7.0,5.0,4.0,35.0,3.3,1,0,1.0,0,0.0072270165111986825,0
1942,12795,3.0,2.0,4.0,42.0,3.7,1,0,1.0,0,0.01,0
1943,18436,7.0,10.0,3.0,32.0,2.6,1,0,1.0,0,0.02,0
1944,4425,2.0,1.0,3.0,42.5,3.3,0,0,1.0,0,0.4125213941585046,0
1945,5160,3.0,3.0,2.0,27.0,3.3,0,0,1.0,0,0.2688660424698611,0
1946,5083,4.0,3.0,3.0,37.0,3.3,1,0,2.0,0,0.12,0
1947,8111,5.0,4.0,3.0,36.0,3.6,1,0,1.0,0,0.11078924192677254,0
1948,14971,7.0,8.0,4.0,43.0,3.1,1,0,1.0,0,0.0,0
1949,12476,9.0,10.0,4.0,38.0,3.7,0,0,1.0,0,0.0,0
1950,12331,5.0,5.0,5.0,40.0,3.9,0,0,1.0,0,0.04,0
1951,11603,9.0,9.0,4.0,34.0,2.8,1,0,1.0,0,0.0,0
1952,10173,10.0,9.0,4.0,36.0,2.9,0,0,1.0,0,0.0,0
1953,13195,9.0,9.0,4.0,42.0,3.7,1,0,1.0,0,0.0,0
1954,9934,9.0,6.0,3.0,41.0,2.9,0,0,1.0,0,0.0,0
1955,4424,9.0,9.0,4.0,34.0,3.3,0,0,1.0,0,0.0,0
1956,18219,4.0,1.0,2.0,27.0,2.6,0,4,2.0,0,0.4,1
1957,12697,6.0,4.0,3.0,44.0,3.7,1,0,1.0,0,0.04,0
1958,11136,9.0,9.0,4.0,45.0,2.8,1,0,1.0,0,0.0,0
1959,9819,2.0,3.0,2.0,46.0,2.9,1,0,1.0,0,0.09,0
1960,19013,6.0,9.0,2.0,26.5,3.8,0,0,2.0,0,0.08,0
1961,11645,7.0,4.0,5.0,37.0,2.8,1,2,2.0,0,0.03,0
1962,5061,3.0,2.0,3.0,24.0,3.3,1,3,1.0,0,0.39,1
1963,3907,2.0,5.0,4.0,43.0,3.3,0,0,1.0,0,0.018866042469861087,0
1964,16237,3.0,4.0,3.0,34.0,3.1,1,0,1.0,0,0.03,0
1965,17692,9.0,8.0,5.0,35.5,3.0,0,0,1.0,0,0.01,0
1966,10396,6.0,3.0,4.0,28.0,2.9,0,1,1.0,0,0.22969015968564502,0
1967,20050,3.0,6.0,3.0,33.0,2.5,0,0,1.0,0,0.09,1
1968,10667,6.0,8.0,3.0,41.0,2.9,0,2,1.0,0,0.0,0
1969,16241,8.0,9.0,3.0,34.0,3.1,0,0,1.0,0,0.0,0
1970,14619,6.0,5.0,3.0,40.0,3.1,0,0,1.0,0,0.0,0
1971,19531,8.0,8.0,4.0,44.0,3.8,0,0,1.0,0,0.0,0
1972,20139,7.0,9.0,5.0,38.0,2.3,1,0,1.0,0,0.0,0
1973,12983,3.0,3.0,4.0,30.0,3.7,1,0,1.0,0,0.11,1
1974,9769,2.0,1.0,4.0,32.0,2.9,1,0,1.0,0,0.2182158065606757,0
1975,2722,6.0,6.0,5.0,42.0,3.4,0,0,1.0,0,0.0,0
1976,8361,9.0,10.0,2.0,46.0,3.6,1,0,1.0,0,0.0,0
1977,9171,3.0,2.0,4.0,37.0,3.6,0,0,1.0,0,0.09479217196310062,1
1978,8047,8.0,7.0,5.0,43.0,3.6,1,0,1.0,0,0.02,0
1979,17185,4.0,1.0,4.0,32.0,3.0,0,3,1.0,0,0.27,1
1980,2400,10.0,10.0,3.0,30.3,3.4,0,0,1.0,0,0.0,0
1981,18225,6.0,3.0,4.0,34.0,2.6,1,0,1.0,0,0.11,0
1982,4890,10.0,8.0,4.0,34.0,3.3,0,0,1.0,0,0.0,0
1983,7147,7.0,6.0,4.0,33.0,3.2,1,0,1.0,0,0.05959110267669969,0
1984,4896,4.0,3.0,4.0,40.0,3.3,0,0,1.0,0,0.05682910721648085,0
1985,4266,9.0,8.0,3.0,34.0,3.3,1,0,1.0,0,0.0,0
1986,13870,3.0,7.0,3.0,42.0,2.7,1,0,1.0,0,0.01,0
1987,6159,4.0,4.0,4.0,35.0,3.2,1,0,1.0,0,0.07939894255408868,0
1988,1764,2.0,2.0,4.0,39.0,3.4,1,0,1.0,0,0.0,0
1989,14409,3.0,3.0,4.0,44.0,2.7,0,0,1.0,0,0.05886604246986108,0
1990,7717,4.0,4.0,3.0,42.0,2.4,0,0,1.0,0,0.1,0
1991,15854,7.0,7.0,4.0,38.5,3.1,1,0,1.0,0,0.0,0
1992,6709,6.0,6.0,2.0,39.0,3.2,1,0,1.0,0,0.01,0
1993,10456,3.0,4.0,4.0,42.0,2.9,1,0,1.0,0,0.0,0
1994,1434,10.0,10.0,2.0,37.0,3.5,1,0,1.0,0,0.0,0
1995,13207,8.0,8.0,4.0,42.0,3.7,0,0,1.0,0,0.0,0
1996,5447,4.0,3.0,3.0,26.0,3.3,0,3,1.0,0,0.29,0
1997,18017,5.0,4.0,2.0,28.0,2.6,0,3,1.0,0,0.13,0
1998,5898,6.0,6.0,4.0,39.5,3.2,0,0,1.0,0,0.0,0
1999,15797,3.0,1.0,2.0,36.0,3.1,1,0,1.0,0,0.19495910145092085,0
2000,20390,4.0,7.0,1.0,35.5,2.1,1,0,1.0,0,0.14,0
2001,2877,8.0,9.0,4.0,41.0,3.4,1,0,1.0,0,0.15844524946778601,0
2002,5324,7.0,7.0,4.0,37.0,3.3,0,0,1.0,0,0.0,0
2003,19025,10.0,10.0,3.0,38.0,3.8,0,0,1.0,0,0.0,0
2004,2197,7.0,7.0,4.0,39.0,3.4,0,0,1.0,0,0.48956579317752047,0
2005,4276,4.0,5.0,2.0,34.0,3.3,0,0,1.0,0,0.14826498502394977,0
2006,9005,8.0,6.0,4.0,39.0,3.6,0,0,1.0,0,0.01,0
2007,9334,5.0,4.0,3.0,39.0,3.6,0,0,1.0,0,0.01,0
2008,5851,4.0,5.0,5.0,41.0,3.2,1,0,1.0,0,0.16609305898105975,0
2009,2287,7.0,8.0,4.0,40.0,3.4,1,0,1.0,0,0.0,0
2010,17928,3.0,2.0,3.0,29.5,3.0,0,0,1.0,0,0.2761880141289813,0
2011,5647,7.0,5.0,4.0,40.0,3.2,1,0,1.0,0,0.0,0
2012,19421,6.0,6.0,4.0,46.0,3.8,1,0,1.0,0,0.0,0
2013,8920,10.0,10.0,3.0,42.0,3.6,1,0,1.0,0,0.0,1
2014,3756,6.0,6.0,4.0,30.5,3.3,0,0,1.0,0,0.02,0
2015,12567,6.0,5.0,3.0,44.0,3.7,0,0,1.0,0,0.0,0
2016,16377,3.0,2.0,1.0,27.0,3.1,1,3,1.0,0,0.15796306474661978,1
2017,5068,3.0,5.0,3.0,33.0,3.3,0,0,1.0,0,0.32,0
2018,12752,4.0,3.0,3.0,37.0,3.7,0,0,1.0,0,0.0,0
2019,10739,7.0,3.0,3.0,41.0,2.8,1,0,2.0,0,0.02,0
2020,3456,3.0,4.0,3.0,40.0,3.4,1,0,1.0,0,0.0,0
2021,2905,2.0,3.0,3.0,37.0,3.4,1,0,1.0,0,0.059089102239733696,0
2022,998,5.0,5.0,3.0,33.0,3.5,1,0,1.0,0,0.2419268872515601,1
2023,8494,6.0,6.0,3.0,38.0,3.6,1,0,1.0,0,0.0,0
2024,2498,3.0,5.0,3.0,34.0,3.4,1,0,1.0,0,0.028797885108177365,0
2025,14164,8.0,6.0,5.0,42.0,2.7,1,0,1.0,0,0.0,0
2026,17325,9.0,9.0,2.0,39.0,3.0,0,0,2.0,0,0.0,0
2027,18887,10.0,9.0,4.0,32.0,3.8,0,0,1.0,0,0.0,0
2028,1128,7.0,6.0,4.0,46.0,3.5,1,0,1.0,0,0.0,0
2029,19174,10.0,10.0,3.0,37.0,3.8,1,0,1.0,0,0.0,0
2030,11827,10.0,10.0,2.0,39.0,3.9,1,0,1.0,0,0.0,0
2031,14868,8.0,6.0,4.0,31.0,3.1,1,0,1.0,0,0.02,0
2032,7427,2.0,2.0,3.0,40.0,3.2,0,0,1.0,0,0.01592612949323953,0
2033,2593,10.0,10.0,4.0,36.0,3.4,1,0,1.0,0,0.0,0
2034,4270,3.0,3.0,3.0,36.0,3.3,0,0,1.0,0,0.2,0
2035,2328,9.0,9.0,4.0,31.0,3.4,0,0,1.0,0,0.0,0
2036,19732,7.0,3.0,5.0,33.0,2.5,1,0,1.0,0,0.03,1
2037,19404,2.0,3.0,3.0,39.0,3.8,1,0,1.0,0,0.02,0
2038,6931,5.0,4.0,4.0,31.0,3.2,1,0,1.0,0,0.05,0
2039,17192,1.0,2.0,4.0,41.0,3.0,1,0,1.0,0,0.04,0
2040,11445,8.0,8.0,3.0,47.0,2.8,1,0,1.0,0,0.0,0
2041,19829,6.0,4.0,4.0,42.0,2.5,1,0,1.0,0,0.03,0
2042,8263,5.0,4.0,3.0,33.0,3.6,1,0,1.0,0,0.01,0
2043,8540,9.0,9.0,4.0,48.0,3.6,1,0,1.0,0,0.0,0
2044,4566,2.0,3.0,2.0,35.0,3.3,1,1,1.0,0,0.25,1
2045,15015,7.0,9.0,4.0,38.0,3.1,1,0,1.0,0,0.0,0
2046,6840,3.0,4.0,3.0,40.0,3.2,1,0,1.0,0,0.0,0
2047,3380,10.0,9.0,3.0,39.0,3.4,1,0,1.0,0,0.0,0
2048,16492,4.0,6.0,4.0,41.0,3.0,1,0,1.0,0,0.0,0
2049,9315,9.0,10.0,3.0,37.0,3.6,1,0,1.0,0,0.0,0
2050,11407,6.0,6.0,3.0,41.0,2.8,0,0,1.0,0,0.0,0
2051,4377,5.0,8.0,4.0,42.0,3.3,0,0,1.0,0,0.0,0
2052,14050,5.0,5.0,3.0,35.5,2.7,1,0,1.0,0,0.13,0
2053,2784,3.0,4.0,3.0,47.0,3.4,0,0,1.0,0,0.0,0
2054,18140,7.0,5.0,4.0,37.5,2.6,0,0,1.0,0,0.01,0
2055,6629,3.0,2.0,4.0,47.0,3.2,1,0,2.0,0,0.04,0
2056,18750,2.0,2.0,1.0,42.0,3.8,1,0,1.0,0,0.05,0
2057,15318,9.0,9.0,4.0,38.0,3.1,1,0,1.0,0,0.0,0
2058,5702,6.0,2.0,2.0,29.0,3.2,0,3,1.0,0,0.29,0
2059,1324,2.0,3.0,4.0,35.0,3.5,1,0,1.0,0,0.2088660424698611,1
2060,7043,10.0,10.0,3.0,30.5,3.2,1,0,2.0,0,0.0,0
2061,6479,4.0,4.0,3.0,35.0,3.2,0,0,1.0,0,0.01,0
2062,12952,5.0,4.0,4.0,36.0,3.7,1,0,1.0,0,0.0,0
2063,8989,5.0,5.0,4.0,46.0,3.6,0,0,1.0,0,0.0,0
2064,1292,4.0,8.0,4.0,34.0,3.5,1,0,1.0,0,0.05,0
2065,1806,5.0,3.0,5.0,35.0,3.4,1,0,1.0,0,0.17078986172986366,0
2066,11935,3.0,2.0,4.0,42.0,3.9,0,0,1.0,0,0.01,0
2067,8451,9.0,10.0,4.0,41.0,3.6,0,0,1.0,0,0.0,0
2068,4654,4.0,4.0,4.0,29.0,3.3,0,0,1.0,0,0.06886604246986108,0
2069,19625,1.0,1.0,5.0,37.0,2.5,1,0,1.0,0,0.4161614736027235,1
2070,1507,8.0,8.0,4.0,29.0,3.5,1,1,1.0,0,0.0,0
2071,20008,3.0,4.0,4.0,32.0,2.5,1,0,2.0,0,0.22,1
2072,6000,6.0,4.0,4.0,38.0,3.2,0,0,1.0,0,0.0,0
2073,18814,6.0,8.0,4.0,39.0,3.8,0,0,1.0,0,0.0,0
2074,1906,7.0,5.0,2.0,34.0,3.4,1,2,1.0,0,0.29,0
2075,4079,10.0,10.0,4.0,28.0,3.3,1,0,1.0,0,0.0,0
2076,11768,10.0,10.0,3.0,48.0,3.9,0,0,1.0,0,0.0,0
2077,15524,9.0,7.0,5.0,35.0,3.1,1,0,1.0,0,0.03,0
2078,11490,5.0,5.0,4.0,34.0,2.8,1,0,1.0,0,0.01,0
2079,7434,10.0,9.0,4.0,40.0,3.2,1,0,1.0,0,0.0,0
2080,2561,8.0,9.0,3.0,37.0,3.4,0,0,1.0,0,0.0,0
2081,14615,9.0,9.0,4.0,30.5,3.1,1,0,1.0,0,0.0,0
2082,3485,7.0,7.0,4.0,32.5,3.4,1,0,1.0,0,0.0,0
2083,5502,8.0,8.0,4.0,44.0,2.2,0,0,1.0,0,0.0,1
2084,19791,8.0,5.0,5.0,45.0,2.5,1,0,1.0,0,0.0,0
2085,2071,1.0,1.0,3.0,31.0,3.4,1,0,1.0,0,0.22428634074683668,0
2086,14093,6.0,6.0,3.0,35.0,2.7,0,0,1.0,0,0.01,0
2087,8707,4.0,3.0,4.0,38.0,3.6,0,0,1.0,0,0.038866042469861084,0
2088,5112,8.0,8.0,4.0,39.0,3.3,0,0,1.0,0,0.0,0
2089,2579,9.0,9.0,3.0,41.0,3.4,0,0,1.0,0,0.07275801981846905,0
2090,6879,6.0,8.0,5.0,37.0,3.2,0,0,1.0,0,0.0,0
2091,18840,1.0,3.0,3.0,45.0,3.8,0,0,1.0,0,0.26,0
2092,5552,4.0,5.0,3.0,33.0,2.2,0,0,1.0,0,0.16,0
2093,15808,9.0,9.0,4.0,41.0,3.1,0,0,1.0,0,0.0,0
2094,4214,5.0,4.0,3.0,35.0,3.3,0,0,1.0,0,0.02,0
2095,9870,4.0,5.0,4.0,40.0,2.9,0,0,1.0,0,0.0,0
2096,9891,10.0,10.0,4.0,39.0,2.9,1,0,1.0,0,0.0,0
2097,3512,5.0,5.0,3.0,37.5,3.4,0,0,1.0,0,0.0,0
2098,4601,2.0,2.0,2.0,40.0,3.3,0,0,1.0,0,0.053204200033661636,0
2099,15589,7.0,7.0,4.0,44.0,3.1,0,0,1.0,0,0.018866042469861087,0
2100,13712,9.0,9.0,4.0,34.0,3.7,0,0,1.0,0,0.0,0
2101,7707,3.0,7.0,4.0,38.0,2.4,1,0,2.0,0,0.11,0
2102,7206,1.0,4.0,5.0,32.0,3.2,1,0,1.0,0,0.15959110267669968,0
2103,19595,2.0,3.0,5.0,34.0,2.5,1,0,1.0,0,0.10959110267669969,0
2104,2752,4.0,3.0,3.0,31.0,3.4,0,0,1.0,0,0.17224224824417192,0
2105,5988,9.0,6.0,4.0,41.0,3.2,1,0,1.0,0,0.0,0
2106,15352,7.0,8.0,4.0,27.0,3.1,0,0,2.0,0,0.02,0
2107,7269,3.0,3.0,4.0,39.0,3.2,0,2,1.0,0,0.08886604246986109,1
2108,3558,9.0,10.0,2.0,42.0,3.4,1,0,1.0,0,0.028866042469861086,0
2109,10200,7.0,7.0,4.0,38.0,2.9,1,0,1.0,0,0.02,0
2110,5375,9.0,8.0,3.0,34.0,3.3,1,0,1.0,0,0.0,0
2111,4948,4.0,5.0,5.0,42.0,3.3,0,0,1.0,0,0.0,0
2112,19451,7.0,7.0,3.0,39.0,3.8,0,0,1.0,0,0.0,0
2113,13076,1.0,1.0,4.0,36.0,3.7,1,0,1.0,0,0.15,1
2114,11612,1.0,5.0,5.0,33.0,2.8,0,0,1.0,0,0.26,0
2115,5157,3.0,2.0,2.0,40.0,3.3,0,3,1.0,0,0.018866042469861087,0
2116,15701,8.0,4.0,2.0,42.0,3.1,1,0,1.0,0,0.05,0
2117,15013,2.0,1.0,4.0,30.5,3.1,0,0,1.0,0,0.1454035612289584,0
2118,11237,2.0,3.0,3.0,38.0,2.8,0,0,1.0,0,0.12959110267669968,1
2119,3606,9.0,9.0,3.0,32.0,3.4,1,0,1.0,0,0.01,0
2120,10973,6.0,6.0,3.0,32.5,2.8,1,0,1.0,0,0.05,0
2121,10268,3.0,3.0,4.0,33.0,2.9,1,0,1.0,0,0.4482707764503506,0
2122,4255,8.0,6.0,2.0,32.0,3.3,1,0,1.0,0,0.03,0
2123,9166,10.0,4.0,5.0,26.5,3.6,0,0,2.0,0,0.24,0
2124,16355,3.0,3.0,3.0,32.0,3.1,0,0,1.0,0,0.15,0
2125,17778,7.0,5.0,4.0,34.0,3.0,1,0,1.0,0,0.07717739588929519,0
2126,13525,9.0,6.0,3.0,31.0,3.7,0,0,1.0,0,0.02,0
2127,16289,9.0,9.0,3.0,36.0,3.1,0,0,1.0,0,0.0,0
2128,8102,8.0,8.0,4.0,37.5,3.6,1,0,1.0,0,0.01,0
2129,16460,4.0,1.0,4.0,33.5,3.0,0,0,1.0,0,0.09,0
2130,9101,3.0,2.0,4.0,43.0,3.6,1,0,1.0,0,0.019398942554088684,0
2131,2795,5.0,3.0,4.0,45.0,3.4,0,0,1.0,0,0.0,0
2132,6480,2.0,2.0,4.0,35.5,3.2,0,0,1.0,0,0.33285867002970787,0
2133,3692,5.0,3.0,4.0,30.0,3.3,0,0,1.0,0,0.07,0
2134,8384,8.0,7.0,3.0,38.0,3.6,0,0,1.0,0,0.031574626565076105,0
2135,3266,6.0,4.0,4.0,29.0,3.4,0,2,1.0,0,0.07,0
2136,6094,8.0,7.0,4.0,38.0,3.2,0,0,1.0,0,0.2377320849397222,0
2137,4423,6.0,5.0,3.0,47.0,3.3,0,1,1.0,0,0.0,0
2138,9337,10.0,7.0,4.0,30.0,3.6,1,0,2.0,0,0.06,0
2139,5247,4.0,2.0,4.0,36.0,3.3,1,0,1.0,0,0.3099355958005182,0
2140,11699,3.0,3.0,4.0,39.0,2.8,1,0,1.0,0,0.0,0
2141,1499,6.0,8.0,4.0,44.0,3.5,0,0,1.0,0,0.0,0
2142,1903,4.0,4.0,3.0,36.0,3.4,1,0,1.0,0,0.0,1
2143,9386,9.0,8.0,3.0,46.0,3.6,1,0,1.0,0,0.0,0
2144,1717,3.0,4.0,4.0,30.5,3.5,1,0,1.0,0,0.04,0
2145,9255,9.0,8.0,3.0,39.0,3.6,0,0,1.0,0,0.0,0
2146,8675,7.0,7.0,3.0,41.0,3.6,0,0,1.0,0,0.0,0
2147,16748,3.0,6.0,4.0,37.0,3.0,1,0,1.0,0,0.01,0
2148,683,3.0,6.0,4.0,35.0,3.5,0,0,1.0,0,0.08939894255408869,0
2149,15424,9.0,10.0,3.0,42.0,3.1,1,0,1.0,0,0.0,0
2150,15551,4.0,3.0,4.0,38.0,3.1,0,1,1.0,0,0.0,0
2151,9302,8.0,6.0,4.0,38.0,3.6,1,0,1.0,0,0.0,0
2152,16342,5.0,8.0,4.0,35.0,3.1,0,0,1.0,0,0.06,0
2153,4807,7.0,5.0,3.0,37.0,3.3,0,0,1.0,0,0.0,0
2154,10431,5.0,6.0,5.0,43.0,2.9,1,4,1.0,0,0.0,0
2155,5962,7.0,8.0,1.0,19.0,3.2,0,3,1.0,0,0.3,0
2156,9246,9.0,8.0,3.0,36.0,3.6,0,2,1.0,0,0.0,0
2157,11301,4.0,4.0,3.0,40.0,2.8,1,0,1.0,0,0.22375335982909722,0
2158,17622,7.0,4.0,2.0,46.0,3.0,1,0,1.0,0,0.03,0
2159,12277,10.0,10.0,2.0,37.0,3.9,0,0,1.0,0,0.0,0
2160,7016,5.0,4.0,3.0,33.5,3.2,1,0,1.0,0,0.163590057071278,0
2161,12776,1.0,1.0,4.0,29.5,3.7,1,3,1.0,0,0.49569514968634193,0
2162,12347,8.0,9.0,3.0,41.0,3.9,1,0,1.0,0,0.0,0
2163,8843,7.0,8.0,2.0,45.0,3.6,0,0,1.0,0,0.0,0
2164,14222,2.0,1.0,3.0,33.0,2.7,1,0,1.0,0,0.4237114081243132,1
2165,912,4.0,2.0,2.0,38.0,3.5,0,0,1.0,0,0.03,0
2166,1779,7.0,9.0,4.0,37.0,3.4,0,0,1.0,0,0.0,0
2167,9515,6.0,7.0,4.0,37.0,2.9,0,0,1.0,0,0.0,0
2168,19681,6.0,4.0,3.0,40.0,2.5,1,0,2.0,0,0.14,0
2169,18734,7.0,8.0,4.0,45.0,3.8,1,2,1.0,0,0.0,0
2170,5535,9.0,9.0,3.0,26.7,2.2,1,0,1.0,0,0.0,0
2171,4475,5.0,9.0,5.0,43.0,3.3,0,0,1.0,0,0.02,0
2172,15381,2.0,2.0,2.0,31.0,3.1,1,0,1.0,0,0.37767147628923625,0
2173,2381,7.0,9.0,3.0,41.0,3.4,0,4,1.0,0,0.007963064746619765,0
2174,8320,10.0,10.0,2.0,39.0,3.6,0,0,1.0,0,0.0,0
2175,10975,4.0,7.0,4.0,35.0,2.8,0,0,1.0,0,0.05,0
2176,19182,8.0,6.0,3.0,34.0,3.8,0,0,1.0,0,0.06,0
2177,15456,8.0,8.0,4.0,43.0,3.1,1,0,1.0,0,0.0,0
2178,11121,4.0,2.0,4.0,37.0,2.8,0,0,1.0,0,0.13,0
2179,15662,4.0,4.0,5.0,34.0,3.1,1,0,1.0,0,0.02,0
2180,10792,2.0,1.0,3.0,39.0,2.8,1,0,1.0,0,0.32796306474661974,0
2181,10093,5.0,5.0,4.0,36.0,2.9,1,0,1.0,0,0.0,0
2182,16750,9.0,2.0,4.0,27.0,3.0,0,1,1.0,0,0.45,0
2183,17569,3.0,2.0,4.0,39.0,3.0,0,0,1.0,0,0.02,1
2184,703,3.0,3.0,4.0,39.0,3.5,0,0,1.0,0,0.0,0
2185,8646,7.0,8.0,3.0,27.5,3.6,0,3,1.0,0,0.0,0
2186,11213,2.0,1.0,4.0,32.0,2.8,1,0,1.0,0,0.0641696925374747,0
2187,20105,6.0,5.0,2.0,33.0,2.3,0,3,1.0,0,0.08,0
2188,17731,3.0,2.0,3.0,36.0,3.0,1,0,1.0,0,0.15359005707127799,0
2189,18478,1.0,1.0,5.0,27.0,2.6,0,0,1.0,0,0.12725637112195318,0
2190,3036,5.0,4.0,3.0,37.0,3.4,0,0,2.0,0,0.3252194358685729,0
2191,12933,8.0,9.0,4.0,39.0,3.7,0,0,1.0,0,0.0,0
2192,9125,9.0,9.0,4.0,44.0,3.6,1,0,1.0,0,0.0,0
2193,19831,2.0,4.0,5.0,40.0,2.5,1,0,1.0,0,0.05,0
2194,10177,1.0,1.0,2.0,27.0,2.9,0,3,1.0,0,0.18899004523078836,0
2195,173,5.0,7.0,4.0,42.0,3.5,0,0,1.0,0,0.01,0
2196,927,8.0,10.0,4.0,32.0,3.5,0,0,1.0,0,0.0,0
2197,19237,9.0,9.0,4.0,46.0,3.8,1,0,1.0,0,0.0,0
2198,15559,8.0,7.0,3.0,42.0,3.1,1,0,1.0,0,0.0,0
2199,248,1.0,2.0,4.0,36.0,3.5,0,0,2.0,0,0.27286454565874485,1
2200,17136,8.0,9.0,4.0,38.0,3.0,1,1,1.0,0,0.01,0
2201,18426,5.0,4.0,3.0,33.0,2.6,1,0,1.0,0,0.2,0
2202,14730,6.0,6.0,4.0,35.0,3.1,0,0,1.0,0,0.026598127409583255,0
2203,8744,8.0,7.0,1.0,42.0,3.6,0,0,1.0,0,0.0,0
2204,11203,8.0,8.0,4.0,40.0,2.8,1,0,1.0,0,0.0,0
2205,1051,9.0,8.0,4.0,44.0,3.5,0,0,1.0,0,0.0,0
2206,6518,6.0,7.0,4.0,35.0,3.2,1,0,1.0,0,0.0,0
2207,18973,10.0,10.0,3.0,38.0,3.8,1,0,1.0,0,0.0,0
2208,16848,4.0,3.0,3.0,40.0,3.0,0,0,1.0,0,0.05,0
2209,12022,5.0,5.0,4.0,48.0,3.9,1,0,1.0,0,0.0,0
2210,12564,4.0,7.0,4.0,41.0,3.7,1,0,1.0,0,0.07,0
2211,3993,6.0,5.0,3.0,37.0,3.3,0,0,1.0,0,0.0,0
2212,357,5.0,4.0,3.0,44.0,3.5,0,2,1.0,0,0.0,0
2213,12394,8.0,8.0,4.0,37.0,3.9,1,1,1.0,0,0.0,0
2214,5286,5.0,3.0,3.0,32.0,3.3,1,2,1.0,0,0.0190891022397337,0
2215,7630,4.0,2.0,3.0,33.0,2.4,1,0,1.0,0,0.34736200730070843,0
2216,786,9.0,8.0,4.0,41.0,3.5,0,0,1.0,0,0.0,0
2217,11470,6.0,3.0,4.0,37.0,2.8,1,0,2.0,0,0.18,1
2218,9706,7.0,8.0,5.0,32.5,2.9,1,0,1.0,0,0.03,0
2219,6739,7.0,8.0,2.0,33.0,3.2,0,0,1.0,0,0.02,0
2220,7449,10.0,8.0,4.0,44.0,2.4,1,0,1.0,0,0.0,0
2221,14340,5.0,4.0,3.0,37.0,2.7,1,0,1.0,0,0.1872270165111987,0
2222,324,3.0,3.0,4.0,42.0,3.5,0,0,1.0,0,0.01,0
2223,5514,7.0,2.0,5.0,48.0,2.2,1,0,1.0,0,0.12,1
2224,2032,7.0,8.0,3.0,35.0,3.4,1,0,2.0,0,0.0,0
2225,1543,4.0,2.0,2.0,39.0,3.5,1,2,1.0,0,0.05,0
2226,18487,5.0,5.0,3.0,38.0,2.6,1,0,1.0,0,0.05,0
2227,15552,1.0,1.0,1.0,31.0,3.1,1,1,1.0,0,0.2,1
2228,11044,3.0,3.0,1.0,27.0,2.8,0,3,1.0,0,0.25,0
2229,4216,9.0,8.0,4.0,43.0,3.3,0,0,1.0,0,0.0,0
2230,1262,9.0,9.0,4.0,39.0,3.5,1,0,1.0,0,0.0,0
2231,19120,3.0,4.0,4.0,45.0,3.8,1,0,1.0,0,0.0,0
2232,3306,5.0,7.0,4.0,41.0,3.4,0,1,1.0,0,0.0,0
2233,7233,3.0,2.0,4.0,37.0,3.2,1,1,1.0,0,0.09796306474661977,0
2234,5718,7.0,7.0,4.0,45.0,3.2,1,0,1.0,0,0.0072270165111986825,0
2235,7657,4.0,5.0,4.0,28.0,2.4,1,0,1.0,0,0.15,0
2236,5866,2.0,1.0,4.0,36.0,3.2,1,0,1.0,0,0.0,0
2237,465,10.0,10.0,4.0,41.0,3.5,1,0,1.0,0,0.0,0
2238,13105,5.0,2.0,3.0,38.0,3.7,0,0,2.0,0,0.14,1
2239,17902,7.0,7.0,2.0,37.0,3.0,0,0,1.0,0,0.009398942554088683,0
2240,12516,4.0,4.0,2.0,33.0,3.7,1,0,1.0,0,0.06,0
2241,14144,3.0,3.0,4.0,34.0,2.7,0,0,1.0,0,0.10561717817661717,0
2242,9067,6.0,5.0,4.0,37.0,3.6,1,0,1.0,0,0.0,0
2243,15021,5.0,5.0,1.0,35.0,3.1,1,0,1.0,0,0.07,0
2244,12958,3.0,3.0,2.0,33.0,3.7,0,0,1.0,0,0.2388660424698611,0
2245,9354,3.0,3.0,4.0,36.0,3.6,0,0,1.0,0,0.0,0
2246,7723,9.0,9.0,4.0,32.0,2.4,0,0,1.0,0,0.0,0
2247,7414,3.0,1.0,3.0,37.0,3.2,1,0,2.0,0,0.1793989425540887,0
2248,13086,10.0,10.0,3.0,47.0,3.7,1,0,1.0,0,0.0,0
2249,2623,4.0,8.0,3.0,39.0,3.4,1,1,1.0,0,0.0,0
2250,16923,10.0,10.0,2.0,46.0,3.0,0,0,1.0,0,0.0,0
2251,7142,9.0,9.0,4.0,38.0,3.2,1,0,1.0,0,0.0,0
2252,19838,9.0,7.0,4.0,30.0,2.5,1,0,1.0,0,0.16,0
2253,14845,5.0,3.0,3.0,28.0,3.1,1,1,1.0,0,0.06,0
2254,4272,7.0,8.0,4.0,30.0,3.3,1,0,1.0,0,0.0,0
2255,7453,8.0,10.0,3.0,32.5,2.4,1,0,1.0,0,0.0,0
2256,1615,10.0,10.0,4.0,48.0,3.5,0,0,1.0,0,0.0,0
2257,493,6.0,2.0,4.0,42.0,3.5,1,0,1.0,0,0.08,0
2258,14492,9.0,9.0,4.0,36.0,2.7,1,0,1.0,0,0.0,0
2259,1270,10.0,10.0,4.0,40.0,3.5,0,0,1.0,0,0.0,0
2260,17050,7.0,8.0,4.0,33.0,3.0,0,0,1.0,0,0.03,0
2261,16307,8.0,8.0,4.0,42.0,3.1,1,0,1.0,0,0.0,0
2262,12610,9.0,8.0,1.0,36.0,3.7,1,0,1.0,0,0.0,0
2263,11132,4.0,5.0,2.0,34.0,2.8,1,0,1.0,0,0.03,1
2264,8206,3.0,6.0,4.0,38.0,3.6,0,0,1.0,0,0.008866042469861085,0
2265,13230,7.0,7.0,4.0,44.0,3.7,0,0,1.0,0,0.0,0
2266,5078,3.0,1.0,5.0,42.0,3.3,1,0,1.0,0,0.039398942554088684,1
2267,8661,9.0,7.0,2.0,36.0,3.6,1,0,1.0,0,0.0,0
2268,7238,3.0,1.0,4.0,31.0,3.2,1,0,1.0,0,0.45345506628176824,0
2269,16816,7.0,7.0,3.0,35.0,3.0,1,0,1.0,0,0.06,0
2270,6240,1.0,1.0,2.0,23.0,3.2,0,2,1.0,0,0.47682910721648086,1
2271,17447,4.0,2.0,3.0,33.0,3.0,1,0,1.0,0,0.02,0
2272,1843,2.0,2.0,4.0,39.0,3.4,1,0,1.0,0,0.0,0
2273,1642,9.0,9.0,3.0,39.0,3.5,1,0,1.0,0,0.0,0
2274,9705,9.0,8.0,4.0,39.0,2.9,1,0,2.0,0,0.0,0
2275,1931,8.0,9.0,4.0,39.0,3.4,0,0,1.0,0,0.0,0
2276,18348,6.0,6.0,4.0,26.0,2.6,0,3,1.0,0,0.14,0
2277,6876,2.0,2.0,4.0,36.0,3.2,0,0,1.0,0,0.0072270165111986825,0
2278,9338,4.0,4.0,3.0,41.0,3.6,0,0,2.0,0,0.04,0
2279,1745,8.0,7.0,3.0,37.0,3.4,1,0,1.0,0,0.0,0
2280,8558,7.0,8.0,3.0,42.0,3.6,0,2,1.0,0,0.0,0
2281,14700,7.0,9.0,4.0,34.0,3.1,0,0,1.0,0,0.0,0
2282,8551,3.0,6.0,3.0,37.0,3.6,0,0,2.0,0,0.05,0
2283,9993,8.0,4.0,3.0,36.0,2.9,1,0,2.0,0,0.19,0
2284,13298,4.0,3.0,3.0,33.0,3.7,0,0,1.0,0,0.12,0
2285,11855,9.0,10.0,3.0,27.0,3.9,0,0,1.0,0,0.0,0
2286,18955,8.0,6.0,3.0,33.0,3.8,1,0,1.0,0,0.3071310274938109,0
2287,14830,3.0,5.0,4.0,42.0,3.1,0,0,1.0,0,0.0,0
2288,474,6.0,7.0,4.0,34.0,3.5,0,0,1.0,0,0.045396012517760626,0
2289,14977,7.0,8.0,4.0,33.0,3.1,1,0,1.0,0,0.03,0
2290,6002,3.0,5.0,3.0,33.0,3.2,1,0,2.0,0,0.1688660424698611,0
2291,20254,7.0,7.0,4.0,39.0,2.3,1,0,1.0,0,0.0,0
2292,2771,1.0,3.0,4.0,44.0,3.4,0,0,1.0,0,0.01,0
2293,4768,6.0,6.0,3.0,30.3,3.3,0,3,1.0,0,0.05,0
2294,8701,7.0,6.0,3.0,31.0,3.6,1,4,1.0,0,0.02,0
2295,8555,9.0,9.0,4.0,45.0,3.6,0,0,1.0,0,0.0,0
2296,12976,9.0,8.0,3.0,37.0,3.7,0,0,1.0,0,0.0,0
2297,9773,3.0,1.0,4.0,35.0,2.9,1,0,1.0,0,0.2840173209767503,0
2298,14307,8.0,8.0,4.0,32.3,2.7,1,0,1.0,0,0.01,0
2299,17725,6.0,4.0,4.0,43.0,3.0,1,0,1.0,0,0.0,0
2300,16634,8.0,8.0,3.0,40.0,3.0,1,1,1.0,0,0.0,0
2301,9741,1.0,2.0,1.0,31.5,2.9,0,2,1.0,0,0.23599706996367192,1
2302,17687,10.0,10.0,4.0,36.5,3.0,1,0,1.0,0,0.0,0
2303,18071,7.0,5.0,3.0,45.0,2.6,1,0,1.0,0,0.02,0
2304,19211,10.0,9.0,4.0,42.0,3.8,1,0,1.0,0,0.0,0
2305,18964,2.0,2.0,3.0,46.0,3.8,0,0,1.0,0,0.06,0
2306,18234,5.0,2.0,3.0,38.0,2.6,1,0,1.0,0,0.18,1
2307,16967,5.0,7.0,4.0,37.0,3.0,1,0,1.0,0,0.20908563167587446,0
2308,11450,5.0,3.0,4.0,44.0,2.8,1,1,1.0,0,0.01,0
2309,7714,6.0,3.0,3.0,30.0,2.4,1,0,1.0,0,0.16,1
2310,3108,10.0,9.0,4.0,40.0,3.4,0,0,1.0,0,0.0,0
2311,10919,3.0,6.0,4.0,35.0,2.8,0,0,1.0,0,0.0,0
2312,5107,4.0,7.0,3.0,33.0,3.3,1,0,1.0,0,0.0,0
2313,18777,10.0,10.0,4.0,34.0,3.8,1,0,1.0,0,0.0,0
2314,6006,9.0,9.0,3.0,38.0,3.2,0,0,1.0,0,0.0,0
2315,5753,8.0,1.0,4.0,28.5,3.2,0,0,1.0,0,0.43,0
2316,12212,10.0,10.0,4.0,45.0,3.9,0,0,1.0,0,0.0,0
2317,16109,3.0,7.0,2.0,39.0,3.1,0,0,1.0,0,0.06773208493972217,0
2318,2625,2.0,1.0,4.0,32.7,3.4,0,0,1.0,0,0.14682910721648085,1
2319,13521,4.0,3.0,5.0,37.0,3.7,1,0,1.0,0,0.06,0
2320,17409,10.0,10.0,1.0,35.0,3.0,0,0,1.0,0,0.0,0
2321,19444,4.0,4.0,4.0,45.0,3.8,1,0,1.0,0,0.008866042469861085,0
2322,15323,3.0,3.0,3.0,28.0,3.1,0,3,2.0,0,0.2,0
2323,19020,3.0,2.0,4.0,42.0,3.8,1,0,1.0,0,0.03,0
2324,3880,10.0,10.0,4.0,38.0,3.3,0,0,1.0,0,0.0,0
2325,13059,4.0,5.0,2.0,36.0,3.7,0,0,2.0,0,0.08,0
2326,11895,1.0,1.0,2.0,41.0,3.9,1,1,1.0,0,0.08461369458797556,0
2327,12749,3.0,5.0,2.0,38.5,3.7,0,0,1.0,0,0.0,0
2328,6608,8.0,6.0,3.0,34.5,3.2,1,0,2.0,0,0.24,0
2329,17654,4.0,6.0,3.0,35.0,3.0,0,0,1.0,0,0.01,0
2330,18867,4.0,5.0,3.0,48.0,3.8,0,0,1.0,0,0.0,1
2331,7219,8.0,8.0,4.0,48.0,3.2,1,0,1.0,0,0.0,0
2332,16955,5.0,4.0,2.0,41.0,3.0,0,1,2.0,0,0.05,0
2333,10660,2.0,3.0,4.0,34.0,2.9,0,0,1.0,0,0.16169221965001387,0
2334,15387,8.0,7.0,2.0,41.0,3.1,1,0,1.0,0,0.01,0
2335,9262,10.0,10.0,4.0,42.0,3.6,1,0,1.0,0,0.0,0
2336,1531,7.0,7.0,2.0,36.0,3.5,1,0,1.0,0,0.0,0
2337,9658,8.0,7.0,3.0,36.0,2.9,1,0,1.0,0,0.01,0
2338,5446,5.0,4.0,4.0,40.0,3.3,0,0,1.0,0,0.24743313139291678,0
2339,4100,6.0,6.0,3.0,34.0,3.3,1,0,1.0,0,0.20433478479178455,0
2340,13019,2.0,4.0,4.0,43.0,3.7,1,0,1.0,0,0.1,0
2341,12151,2.0,1.0,5.0,44.0,3.9,1,0,1.0,0,0.01,0
2342,17134,7.0,8.0,3.0,34.0,3.0,1,0,1.0,0,0.03,0
2343,4533,4.0,3.0,4.0,31.0,3.3,0,0,1.0,0,0.08239884181819263,0
2344,9481,10.0,10.0,4.0,40.0,2.9,1,0,1.0,0,0.0,0
2345,19247,5.0,7.0,5.0,41.0,3.8,1,0,1.0,0,0.03,0
2346,16649,10.0,10.0,4.0,35.5,3.0,1,0,1.0,0,0.0,0
2347,15795,9.0,8.0,3.0,34.0,3.1,1,0,1.0,0,0.0,0
2348,12854,6.0,7.0,5.0,38.0,3.7,1,0,1.0,0,0.0,0
2349,13780,5.0,6.0,4.0,33.0,2.7,0,0,1.0,0,0.01,0
2350,10538,7.0,7.0,4.0,38.0,2.9,0,0,1.0,0,0.02,0
2351,14105,5.0,4.0,4.0,31.0,2.7,1,0,1.0,0,0.15569514968634193,1
2352,6113,3.0,7.0,4.0,47.0,3.2,1,0,1.0,0,0.0,0
2353,1241,7.0,7.0,3.0,40.0,3.5,0,0,1.0,0,0.0,0
2354,11894,2.0,1.0,2.0,21.0,3.9,0,3,1.0,0,0.45,0
2355,1501,9.0,10.0,5.0,41.0,3.5,0,0,1.0,0,0.0,0
2356,13290,4.0,6.0,4.0,45.0,3.7,0,0,1.0,0,0.0,0
2357,4005,2.0,2.0,5.0,41.0,3.3,1,0,1.0,0,0.03657633844338388,0
2358,6208,10.0,9.0,3.0,27.5,3.2,0,0,1.0,0,0.0,0
2359,18521,7.0,8.0,4.0,36.0,2.6,1,0,1.0,0,0.04,0
2360,5884,7.0,6.0,3.0,40.0,3.2,0,0,1.0,0,0.01,0
2361,5019,5.0,5.0,3.0,37.0,3.3,0,3,1.0,0,0.027732084939722172,0
2362,19223,1.0,1.0,2.0,22.0,3.8,0,4,1.0,0,0.49,1
2363,4542,6.0,6.0,3.0,33.0,3.3,1,0,1.0,0,0.03,0
2364,15023,3.0,3.0,2.0,41.0,3.1,1,0,1.0,0,0.01,0
2365,13835,7.0,8.0,4.0,36.0,2.7,1,0,1.0,0,0.04,0
2366,13617,3.0,2.0,3.0,34.0,3.7,1,0,1.0,0,0.0,0
2367,17404,4.0,3.0,4.0,38.0,3.0,1,0,1.0,0,0.0,0
2368,191,9.0,9.0,4.0,41.0,3.5,0,0,1.0,0,0.0,0
2369,6783,5.0,5.0,3.0,34.0,3.2,1,0,1.0,0,0.07939894255408868,0
2370,11422,10.0,9.0,4.0,32.5,2.8,1,0,2.0,0,0.01,0
2371,16757,5.0,4.0,5.0,29.0,3.0,0,0,1.0,0,0.1388660424698611,0
2372,11982,6.0,5.0,4.0,34.0,3.9,1,0,1.0,0,0.038866042469861084,0
2373,1527,5.0,4.0,4.0,31.5,3.5,0,0,1.0,0,0.01,0
2374,18074,9.0,10.0,3.0,36.0,2.6,1,0,1.0,0,0.02,0
2375,1816,4.0,6.0,2.0,42.0,3.4,0,0,1.0,0,0.0,0
2376,12928,1.0,4.0,3.0,41.0,3.7,1,0,1.0,0,0.36,0
2377,6857,7.0,7.0,2.0,33.0,3.2,1,0,1.0,0,0.2268204154283532,0
2378,4403,2.0,3.0,4.0,41.0,3.3,1,0,1.0,0,0.03,0
2379,2006,4.0,5.0,5.0,33.0,3.4,0,0,1.0,0,0.06886604246986108,0
2380,10893,3.0,2.0,3.0,35.0,2.8,0,0,1.0,0,0.1553250720473282,0
2381,19201,5.0,8.0,3.0,37.0,3.8,1,0,1.0,0,0.0,0
2382,19498,8.0,7.0,4.0,45.0,3.8,1,0,1.0,0,0.0,0
2383,3952,8.0,9.0,5.0,35.0,3.3,1,0,1.0,0,0.0,0
2384,16787,4.0,2.0,3.0,35.0,3.0,1,0,1.0,0,0.15713102749381083,0
2385,3585,2.0,2.0,4.0,40.0,3.4,0,0,1.0,0,0.12863471358845455,0
2386,8764,7.0,9.0,5.0,41.0,3.6,1,0,1.0,0,0.0,0
2387,17000,5.0,5.0,4.0,37.0,3.0,1,0,1.0,0,0.03,0
2388,8446,2.0,3.0,4.0,30.0,3.6,0,0,1.0,0,0.3,0
2389,10073,4.0,4.0,3.0,40.0,2.9,0,0,1.0,0,0.038866042469861084,0
2390,1838,6.0,7.0,4.0,33.0,3.4,1,0,1.0,0,0.008866042469861085,0
2391,3955,2.0,4.0,4.0,31.0,3.3,0,0,1.0,0,0.3288660424698611,0
2392,6489,10.0,10.0,4.0,29.5,3.2,1,0,2.0,0,0.0,0
2393,3970,10.0,10.0,2.0,42.0,3.3,0,0,1.0,0,0.0,0
2394,10327,8.0,2.0,3.0,34.0,2.9,1,0,1.0,0,0.13282617718015277,0
2395,15467,8.0,9.0,4.0,37.0,3.1,0,0,1.0,0,0.0,0
2396,12170,10.0,9.0,4.0,46.0,3.9,1,0,1.0,0,0.0,0
2397,18340,8.0,7.0,5.0,39.0,2.6,1,0,1.0,0,0.01,0
2398,14476,4.0,5.0,4.0,38.0,2.7,1,0,1.0,0,0.06682910721648085,1
2399,1645,10.0,10.0,3.0,43.0,3.5,0,4,1.0,0,0.0,0
2400,5236,4.0,3.0,2.0,37.0,3.3,1,0,1.0,0,0.0,1
2401,18383,4.0,4.0,2.0,37.0,2.6,1,0,1.0,0,0.08,0
2402,2566,3.0,3.0,2.0,39.0,3.4,0,0,1.0,0,0.04,0
2403,9588,7.0,7.0,3.0,33.0,2.9,0,3,1.0,0,0.04609305898105976,0
2404,2698,8.0,9.0,3.0,38.0,3.4,0,0,1.0,0,0.01,0
2405,6239,6.0,8.0,4.0,38.0,3.2,0,0,1.0,0,0.0,0
2406,12166,10.0,10.0,5.0,47.0,3.9,1,0,1.0,0,0.0,0
2407,7161,5.0,6.0,3.0,33.0,3.2,0,3,1.0,0,0.019398942554088684,0
2408,7906,4.0,5.0,4.0,39.5,3.6,0,0,1.0,0,0.0,0
2409,18273,7.0,5.0,4.0,42.0,2.6,1,0,2.0,0,0.12,0
2410,16715,7.0,7.0,4.0,38.0,3.0,1,0,1.0,0,0.02,0
2411,7059,8.0,7.0,4.0,38.0,3.2,1,0,1.0,0,0.2377320849397222,0
2412,14921,5.0,5.0,3.0,39.0,3.1,0,0,1.0,0,0.0,0
2413,13994,3.0,4.0,4.0,34.7,2.7,0,0,1.0,0,0.14796306474661977,0
2414,6722,4.0,5.0,3.0,32.0,3.2,0,0,1.0,0,0.11939894255408869,0
2415,3432,7.0,8.0,4.0,45.0,3.4,1,0,1.0,0,0.0,0
2416,6362,5.0,6.0,4.0,37.0,3.2,0,0,1.0,0,0.0,0
2417,98,3.0,3.0,4.0,43.0,3.5,0,0,1.0,0,0.1264629696333999,0
2418,9460,7.0,6.0,3.0,43.0,2.9,1,0,1.0,0,0.0,0
2419,17440,6.0,7.0,5.0,38.0,3.0,1,0,1.0,0,0.0,0
2420,7383,5.0,3.0,3.0,35.0,3.2,1,0,1.0,0,0.03,0
2421,2257,5.0,6.0,3.0,33.0,3.4,1,0,1.0,0,0.0,0
2422,5147,3.0,2.0,5.0,33.0,3.3,0,0,1.0,0,0.26627720127480253,1
2423,1762,8.0,8.0,2.0,42.0,3.4,1,0,1.0,0,0.0,0
2424,5210,6.0,5.0,5.0,41.0,3.3,1,0,1.0,0,0.0,0
2425,19008,9.0,10.0,4.0,33.0,3.8,0,0,1.0,0,0.01,0
2426,1914,6.0,5.0,4.0,40.0,3.4,0,0,1.0,0,0.013326456581926589,0
2427,13416,8.0,8.0,2.0,35.5,3.7,1,0,1.0,0,0.0,0
2428,17634,10.0,10.0,4.0,39.0,3.0,0,0,2.0,0,0.0,0
2429,9837,5.0,3.0,3.0,42.0,2.9,1,0,1.0,0,0.11,0
2430,2987,5.0,4.0,4.0,36.0,3.4,0,0,1.0,0,0.41323306497129325,0
2431,10026,4.0,5.0,2.0,33.0,2.9,0,2,1.0,0,0.01,0
2432,4592,8.0,7.0,2.0,35.0,3.3,0,0,1.0,0,0.01,0
2433,11576,2.0,3.0,4.0,34.5,2.8,1,0,1.0,0,0.3996368700484287,0
2434,9075,10.0,10.0,3.0,34.0,3.6,0,0,1.0,0,0.0,0
2435,11816,8.0,7.0,4.0,35.0,3.9,1,0,1.0,0,0.12,0
2436,10114,7.0,8.0,3.0,32.0,2.9,1,0,1.0,0,0.08,0
2437,15620,9.0,8.0,4.0,36.0,3.1,0,0,1.0,0,0.0,0
2438,15276,7.0,7.0,4.0,38.0,3.1,1,0,1.0,0,0.0,0
2439,12872,6.0,7.0,2.0,35.0,3.7,0,0,1.0,0,0.0,0
2440,19756,8.0,7.0,4.0,43.0,2.5,1,1,1.0,0,0.03,0
2441,17931,10.0,10.0,4.0,42.0,3.0,1,0,2.0,0,0.0,0
2442,19711,8.0,5.0,3.0,38.0,2.5,1,0,1.0,0,0.03,0
2443,1021,1.0,1.0,3.0,32.0,3.5,0,1,1.0,0,0.23456119215620302,0
2444,12568,7.0,8.0,3.0,42.0,3.7,1,0,1.0,0,0.0,0
2445,7111,10.0,10.0,4.0,39.0,3.2,1,0,1.0,0,0.0,0
2446,5308,3.0,3.0,4.0,34.0,3.3,0,0,1.0,0,0.02,0
2447,7440,2.0,2.0,2.0,29.5,3.2,0,4,1.0,0,0.15,0
2448,7904,10.0,10.0,4.0,41.0,3.6,1,0,1.0,0,0.0,0
2449,11355,8.0,10.0,3.0,38.0,2.8,0,0,1.0,0,0.04,0
2450,10356,10.0,9.0,3.0,35.0,2.9,0,0,1.0,0,0.01592612949323953,0
2451,12304,1.0,1.0,2.0,45.0,3.9,1,1,1.0,0,0.14,0
2452,6178,2.0,4.0,4.0,35.0,3.2,0,0,1.0,0,0.21,0
2453,10212,7.0,5.0,4.0,36.0,2.9,1,0,1.0,0,0.0,0
2454,5013,5.0,7.0,4.0,40.0,3.3,1,0,1.0,0,0.01,0
2455,10547,9.0,6.0,4.0,33.0,2.9,1,0,1.0,0,0.05,0
2456,11939,4.0,5.0,5.0,47.0,3.9,1,0,1.0,0,0.0,0
2457,3248,7.0,5.0,4.0,35.0,3.4,0,0,1.0,0,0.02,0
2458,13099,1.0,3.0,3.0,41.0,3.7,0,0,1.0,0,0.04,0
2459,11908,5.0,5.0,4.0,37.0,3.9,0,0,1.0,0,0.0,0
2460,16743,7.0,8.0,3.0,39.0,3.0,0,0,1.0,0,0.03,0
2461,14053,4.0,4.0,3.0,29.0,2.7,0,0,1.0,0,0.24,0
2462,15739,8.0,8.0,4.0,32.5,3.1,0,0,1.0,0,0.07652997004789953,0
2463,4478,2.0,4.0,2.0,44.0,3.3,0,0,1.0,0,0.15,0
2464,16453,5.0,3.0,3.0,30.0,3.0,1,0,1.0,0,0.15,1
2465,10652,7.0,9.0,3.0,40.0,2.9,1,0,2.0,0,0.07,1
2466,14131,8.0,4.0,4.0,33.0,2.7,1,0,1.0,0,0.15,0
2467,3400,10.0,10.0,5.0,43.0,3.4,1,0,1.0,0,0.0,0
2468,6934,5.0,6.0,3.0,45.0,3.2,1,0,1.0,0,0.0,0
2469,824,4.0,4.0,5.0,40.0,3.5,1,0,1.0,0,0.019398942554088684,0
2470,3391,5.0,7.0,4.0,40.0,3.4,0,0,1.0,0,0.01,0
2471,6689,2.0,2.0,3.0,41.0,3.2,1,1,1.0,0,0.0,0
2472,3257,9.0,9.0,4.0,35.0,3.4,0,0,1.0,0,0.0,0
2473,13762,6.0,5.0,5.0,46.0,3.7,0,0,1.0,0,0.0,0
2474,11386,9.0,5.0,4.0,27.0,2.8,1,0,2.0,0,0.33,1
2475,5685,8.0,6.0,2.0,33.0,3.2,1,0,2.0,0,0.28,0
2476,14628,6.0,9.0,5.0,31.0,3.1,1,0,1.0,0,0.03,0
2477,10763,1.0,2.0,3.0,29.0,2.8,0,4,1.0,0,0.0954983826248166,1
2478,16127,5.0,5.0,3.0,37.0,3.1,0,0,2.0,0,0.21,0
2479,279,4.0,6.0,4.0,42.0,3.5,0,0,1.0,0,0.0,0
2480,13098,6.0,5.0,4.0,37.0,3.7,0,0,1.0,0,0.0,0
2481,9942,9.0,9.0,4.0,37.0,2.9,1,0,1.0,0,0.0,0
2482,5870,5.0,7.0,4.0,34.0,3.2,0,0,2.0,0,0.11,0
2483,1929,8.0,9.0,4.0,37.0,3.4,0,0,1.0,0,0.0,0
2484,2939,5.0,2.0,3.0,36.0,3.4,1,0,2.0,0,0.28,0
2485,6710,2.0,2.0,3.0,40.0,3.2,1,0,1.0,0,0.01592612949323953,0
2486,4597,5.0,5.0,4.0,30.0,3.3,0,0,2.0,0,0.13,0
2487,3188,5.0,7.0,3.0,32.5,3.4,1,0,1.0,0,0.02,0
2488,13388,3.0,2.0,4.0,39.3,3.7,0,0,1.0,0,0.01,0
2489,17584,9.0,8.0,4.0,31.5,3.0,0,0,1.0,0,0.0,0
2490,7899,7.0,6.0,5.0,32.0,3.6,1,0,1.0,0,0.14020581806868215,0
2491,19481,1.0,1.0,2.0,39.0,3.8,1,0,1.0,0,0.33325344108562516,0
2492,20067,6.0,7.0,4.0,32.0,2.3,0,1,1.0,0,0.01,0
2493,7599,9.0,9.0,5.0,38.0,2.4,0,0,1.0,0,0.0,0
2494,19265,10.0,10.0,3.0,46.0,3.8,1,0,1.0,0,0.01,0
2495,3960,10.0,10.0,5.0,35.0,3.3,1,0,1.0,0,0.0,0
2496,8027,5.0,4.0,3.0,30.0,3.6,0,0,1.0,0,0.0,0
2497,13652,5.0,4.0,3.0,32.0,3.7,1,0,1.0,0,0.05,0
2498,12531,4.0,4.0,3.0,41.0,3.7,1,0,1.0,0,0.02,0
2499,5700,6.0,7.0,3.0,42.0,3.2,1,0,1.0,0,0.0,0
2500,9200,7.0,9.0,3.0,44.0,3.6,1,0,1.0,0,0.0,0
2501,9162,9.0,9.0,3.0,35.0,3.6,1,0,1.0,0,0.0,0
2502,5585,8.0,2.0,2.0,36.0,2.2,1,2,1.0,0,0.06,1
2503,5106,6.0,7.0,4.0,31.0,3.3,1,0,1.0,0,0.0,0
2504,8141,7.0,6.0,4.0,44.0,3.6,1,0,1.0,0,0.0,0
2505,1083,10.0,10.0,4.0,37.0,3.5,1,0,1.0,0,0.0,0
2506,20227,4.0,1.0,2.0,39.0,2.3,0,0,1.0,0,0.3788660424698611,1
2507,18266,8.0,9.0,3.0,40.0,2.6,1,0,1.0,0,0.02,0
2508,9844,3.0,3.0,3.0,23.0,2.9,0,3,1.0,0,0.44,0
2509,12248,9.0,9.0,3.0,46.0,3.9,0,0,1.0,0,0.01,0
2510,5309,3.0,4.0,4.0,41.5,3.3,0,0,1.0,0,0.0,0
2511,3286,7.0,8.0,3.0,35.0,3.4,0,0,1.0,0,0.0,0
2512,15958,2.0,4.0,3.0,41.0,3.1,1,4,1.0,0,0.09,0
2513,15614,1.0,1.0,3.0,36.0,3.1,1,0,1.0,0,0.14599768976676303,1
2514,5786,2.0,1.0,5.0,44.0,3.2,1,0,1.0,0,0.13,0
2515,16826,4.0,4.0,3.0,35.0,3.0,1,0,1.0,0,0.018866042469861087,0
2516,2747,6.0,8.0,2.0,41.0,3.4,0,0,1.0,0,0.0,0
2517,11432,4.0,4.0,3.0,41.0,2.8,1,0,1.0,0,0.07975133226137887,0
2518,1965,7.0,5.0,3.0,31.0,3.4,1,2,1.0,0,0.0,0
2519,10580,3.0,4.0,4.0,38.0,2.9,0,0,1.0,0,0.019398942554088684,0
2520,1554,10.0,9.0,4.0,42.0,3.5,1,4,1.0,0,0.0,0
2521,13013,8.0,6.0,4.0,40.0,3.7,1,0,1.0,0,0.0,0
2522,15669,5.0,4.0,3.0,33.0,3.1,0,0,1.0,0,0.04766392757803845,0
2523,15109,8.0,8.0,5.0,38.0,3.1,1,0,1.0,0,0.18,0
2524,6169,3.0,1.0,2.0,28.0,3.2,0,1,2.0,0,0.31,1
2525,14580,2.0,4.0,3.0,28.5,2.7,0,1,1.0,0,0.41,1
2526,2819,9.0,8.0,4.0,30.0,3.4,0,0,2.0,0,0.06,0
2527,12000,4.0,3.0,4.0,43.0,3.9,1,0,1.0,0,0.14819075357034658,0
2528,10237,6.0,7.0,5.0,26.0,2.9,1,3,1.0,0,0.11,0
2529,19084,4.0,5.0,4.0,42.0,3.8,1,0,1.0,0,0.0,0
2530,18843,7.0,6.0,3.0,44.0,3.8,0,0,1.0,0,0.0,0
2531,11762,8.0,8.0,3.0,39.0,3.9,1,0,1.0,0,0.0,0
2532,4998,4.0,3.0,4.0,32.0,3.3,0,2,1.0,0,0.02796306474661977,0
2533,14800,8.0,9.0,4.0,31.5,3.1,1,0,1.0,0,0.0,0
2534,15453,9.0,6.0,4.0,40.0,3.1,0,0,1.0,0,0.01,0
2535,20191,10.0,10.0,3.0,44.0,2.3,1,0,1.0,0,0.0,0
2536,3277,3.0,2.0,4.0,38.0,3.4,1,1,2.0,0,0.17,0
2537,5690,2.0,2.0,3.0,32.0,3.2,1,2,1.0,0,0.36022201890091066,0
2538,11991,9.0,9.0,4.0,36.0,3.9,1,0,1.0,0,0.0,0
2539,14296,7.0,7.0,1.0,40.0,2.7,1,0,1.0,0,0.01,0
2540,17257,10.0,8.0,3.0,33.0,3.0,1,0,2.0,0,0.0,0
2541,14662,3.0,3.0,3.0,39.0,3.1,1,0,1.0,0,0.01,0
2542,12356,9.0,10.0,3.0,34.0,3.9,0,0,1.0,0,0.0,0
2543,3975,2.0,4.0,3.0,31.0,3.3,0,0,1.0,0,0.35,0
2544,499,6.0,5.0,4.0,39.0,3.5,0,0,1.0,0,0.0,0
2545,18582,2.0,2.0,4.0,39.0,2.6,1,0,1.0,0,0.224426896341929,0
2546,14015,5.0,7.0,4.0,44.0,2.7,1,0,2.0,0,0.04,0
2547,23,8.0,8.0,3.0,31.0,3.5,0,0,1.0,0,0.0,0
2548,18081,9.0,8.0,3.0,40.0,2.6,1,0,1.0,0,0.0,0
2549,97,9.0,9.0,4.0,32.0,3.5,0,0,1.0,0,0.01,0
2550,15587,7.0,6.0,5.0,43.0,3.1,0,0,1.0,0,0.0,0
2551,402,6.0,8.0,4.0,36.0,3.5,1,0,1.0,0,0.0,0
2552,8627,9.0,7.0,5.0,41.0,3.6,1,0,1.0,0,0.02,0
2553,8939,4.0,5.0,5.0,42.0,3.6,1,0,1.0,0,0.01,0
2554,18622,1.0,1.0,2.0,27.0,2.6,1,3,1.0,0,0.39549147408281127,0
2555,5617,5.0,4.0,4.0,36.0,3.2,1,0,1.0,0,0.11342723462606409,0
2556,16781,5.0,5.0,4.0,29.5,3.0,1,1,1.0,0,0.26,1
2557,9971,3.0,3.0,2.0,30.0,2.9,1,3,1.0,0,0.19,0
2558,4155,6.0,7.0,5.0,40.0,3.3,1,0,1.0,0,0.0,0
2559,11274,1.0,1.0,4.0,23.5,2.8,0,0,1.0,0,0.33,1
2560,3601,10.0,10.0,4.0,35.0,3.4,1,0,1.0,0,0.0,0
2561,3986,8.0,7.0,4.0,42.0,3.3,0,0,1.0,0,0.0,0
2562,16991,2.0,1.0,3.0,21.0,3.0,0,1,1.0,0,0.35,1
2563,14808,5.0,4.0,3.0,35.0,3.1,1,0,1.0,0,0.06461837842266162,0
2564,3713,10.0,10.0,4.0,40.0,3.3,1,0,1.0,0,0.0,0
2565,5162,10.0,10.0,4.0,41.0,3.3,1,0,1.0,0,0.0,0
2566,14397,8.0,7.0,3.0,41.0,2.7,1,0,2.0,0,0.02,0
2567,16552,10.0,10.0,2.0,26.7,3.0,1,0,1.0,0,0.03,0
2568,4407,8.0,7.0,4.0,48.0,3.3,1,2,1.0,0,0.0,0
2569,7480,2.0,5.0,3.0,22.0,2.4,1,0,1.0,0,0.45,1
2570,3972,8.0,9.0,4.0,36.0,3.3,1,0,1.0,0,0.0,0
2571,10555,6.0,6.0,4.0,39.0,2.9,1,0,1.0,0,0.0,0
2572,8336,8.0,8.0,4.0,36.0,3.6,0,0,1.0,0,0.0,0
2573,15726,5.0,5.0,4.0,34.0,3.1,0,0,1.0,0,0.11609305898105976,0
2574,12437,7.0,8.0,4.0,38.0,3.7,0,0,2.0,0,0.0,0
2575,15744,7.0,7.0,4.0,33.0,3.1,0,0,1.0,0,0.02722701651119868,0
2576,13209,7.0,9.0,4.0,41.0,3.7,0,0,1.0,0,0.0,0
2577,8794,10.0,10.0,3.0,30.5,3.6,1,0,1.0,0,0.0,0
2578,13050,7.0,7.0,4.0,45.0,3.7,1,0,1.0,0,0.0,0
2579,1011,8.0,8.0,4.0,35.0,3.5,1,0,1.0,0,0.0,0
2580,18300,10.0,8.0,4.0,43.0,2.6,1,0,1.0,0,0.0,0
2581,6403,10.0,9.0,4.0,39.5,3.2,1,0,1.0,0,0.0,0
2582,1263,5.0,5.0,4.0,39.0,3.5,0,0,1.0,0,0.02,0
2583,8773,3.0,5.0,3.0,36.0,3.6,0,0,1.0,0,0.02,0
2584,16858,4.0,2.0,4.0,30.5,3.0,0,0,2.0,0,0.33,0
2585,5359,4.0,5.0,3.0,28.5,3.3,1,0,1.0,0,0.05,0
2586,8985,10.0,10.0,4.0,28.0,3.6,0,0,1.0,0,0.0,0
2587,1078,7.0,5.0,4.0,47.0,3.5,1,0,1.0,0,0.0,0
2588,16540,6.0,5.0,3.0,40.0,3.0,1,0,2.0,0,0.06,0
2589,19930,7.0,7.0,5.0,36.0,2.5,1,0,2.0,0,0.26,0
2590,1677,2.0,2.0,1.0,34.0,3.5,1,2,1.0,0,0.1888660424698611,0
2591,792,9.0,8.0,2.0,44.0,3.5,1,0,1.0,0,0.0,0
2592,19018,4.0,9.0,4.0,41.0,3.8,0,0,1.0,0,0.0,0
2593,19110,5.0,3.0,5.0,42.0,3.8,1,0,1.0,0,0.018866042469861087,1
2594,8992,1.0,2.0,3.0,41.0,3.6,0,0,1.0,0,0.14534349686828751,0
2595,486,4.0,4.0,4.0,37.0,3.5,0,0,1.0,0,0.01661552511415525,0
2596,13560,3.0,1.0,2.0,36.0,3.7,0,0,2.0,0,0.3888660424698611,0
2597,2325,4.0,6.0,2.0,37.0,3.4,1,0,1.0,0,0.0,1
2598,1750,7.0,9.0,3.0,39.0,3.4,1,0,2.0,0,0.0,0
2599,6909,7.0,7.0,3.0,32.0,3.2,1,0,1.0,0,0.02,0
2600,1808,9.0,9.0,3.0,38.0,3.4,1,4,1.0,0,0.0,0
2601,10721,8.0,8.0,3.0,23.0,2.8,0,3,1.0,0,0.06,0
2602,14553,4.0,4.0,3.0,32.0,2.7,0,1,2.0,0,0.1788660424698611,0
2603,16990,9.0,10.0,3.0,43.0,3.0,0,0,1.0,0,0.0,0
2604,6106,8.0,6.0,4.0,37.0,3.2,0,0,2.0,0,0.03,0
2605,647,5.0,5.0,4.0,36.0,3.5,1,4,1.0,0,0.0,1
2606,10123,4.0,4.0,4.0,38.0,2.9,0,0,1.0,0,0.06,0
2607,1946,6.0,7.0,3.0,29.0,3.4,1,0,1.0,0,0.03,0
2608,16771,3.0,2.0,4.0,37.5,3.0,1,0,1.0,0,0.4960930589810598,0
2609,12966,9.0,9.0,4.0,41.0,3.7,0,0,1.0,0,0.0,0
2610,10132,2.0,4.0,4.0,26.0,2.9,0,0,1.0,0,0.24,0
2611,7172,7.0,7.0,4.0,34.0,3.2,1,2,1.0,0,0.0,0
2612,2399,4.0,2.0,4.0,34.0,3.4,1,0,1.0,0,0.12990932085677095,1
2613,9813,5.0,4.0,3.0,27.5,2.9,0,3,1.0,0,0.08796306474661977,0
2614,7734,7.0,3.0,4.0,38.0,2.4,1,0,1.0,0,0.27,0
2615,18414,5.0,3.0,4.0,45.0,2.6,0,0,1.0,0,0.01,0
2616,19763,2.0,3.0,3.0,32.5,2.5,1,4,1.0,0,0.23796306474661974,0
2617,11336,8.0,6.0,3.0,40.0,2.8,0,0,1.0,0,0.01,0
2618,13060,2.0,5.0,4.0,35.0,3.7,1,0,1.0,0,0.02,0
2619,20094,3.0,1.0,4.0,37.0,2.3,1,0,1.0,0,0.13826498502394977,0
2620,9886,2.0,3.0,1.0,37.0,2.9,1,0,1.0,0,0.15,0
2621,9874,9.0,9.0,2.0,39.0,2.9,1,0,2.0,0,0.0,0
2622,9169,9.0,4.0,4.0,47.0,3.6,0,0,1.0,0,0.0,0
2623,5471,5.0,7.0,2.0,26.0,2.2,0,1,1.0,0,0.24,0
2624,2919,4.0,3.0,4.0,33.0,3.4,1,2,1.0,0,0.04599706996367194,0
2625,10582,6.0,6.0,4.0,34.5,2.9,1,0,1.0,0,0.03998225322091906,0
2626,8002,9.0,9.0,4.0,39.0,3.6,1,0,1.0,0,0.0,0
2627,16363,7.0,7.0,4.0,38.0,3.1,0,0,1.0,0,0.0,0
2628,4017,6.0,9.0,4.0,47.0,3.3,0,0,1.0,0,0.0,0
2629,16561,8.0,8.0,4.0,35.0,3.0,0,0,1.0,0,0.01,0
2630,5276,6.0,5.0,3.0,37.0,3.3,1,0,1.0,0,0.0,0
2631,3854,5.0,2.0,4.0,28.0,3.3,1,0,1.0,0,0.45,1
2632,18901,7.0,8.0,4.0,32.0,3.8,1,0,1.0,0,0.0,0
2633,17556,10.0,10.0,5.0,32.0,3.0,1,0,1.0,0,0.0,0
2634,18666,5.0,6.0,4.0,33.0,3.8,1,0,1.0,0,0.04,0
2635,4839,7.0,5.0,5.0,38.0,3.3,1,0,1.0,0,0.0,0
2636,3439,10.0,10.0,5.0,42.0,3.4,1,0,1.0,0,0.0,0
2637,15927,4.0,2.0,4.0,31.0,3.1,1,0,1.0,0,0.08773208493972216,0
2638,19813,5.0,6.0,4.0,36.0,2.5,0,0,1.0,0,0.18,1
2639,18032,4.0,3.0,5.0,27.0,2.6,1,0,1.0,0,0.12,0
2640,7437,4.0,4.0,4.0,44.0,3.2,1,0,1.0,0,0.19359678023595947,0
2641,17184,6.0,4.0,2.0,31.0,3.0,1,2,1.0,0,0.1589857853700176,1
2642,11657,3.0,4.0,4.0,41.0,2.8,0,0,1.0,0,0.21,0
2643,16411,2.0,5.0,3.0,39.0,3.0,0,0,1.0,0,0.02,0
2644,10808,8.0,8.0,3.0,38.0,2.8,0,0,1.0,0,0.0,0
2645,12522,1.0,2.0,3.0,39.0,3.7,0,0,1.0,0,0.35315589352737,0
2646,8184,9.0,8.0,4.0,43.0,3.6,1,0,1.0,0,0.0,0
2647,497,4.0,2.0,4.0,30.0,3.5,0,0,1.0,0,0.10725637112195315,0
2648,8144,7.0,8.0,4.0,43.0,3.6,0,0,1.0,0,0.0,0
2649,17926,5.0,6.0,4.0,38.0,3.0,0,0,1.0,0,0.0,0
2650,11786,10.0,10.0,4.0,36.0,3.9,1,0,1.0,0,0.0,0
2651,9890,4.0,2.0,4.0,32.0,2.9,1,0,1.0,0,0.258143329190456,0
2652,15804,5.0,5.0,3.0,27.5,3.1,0,2,1.0,0,0.02,0
2653,6175,9.0,7.0,3.0,46.0,3.2,1,0,1.0,0,0.009398942554088683,0
2654,12741,4.0,5.0,3.0,37.0,3.7,0,0,1.0,0,0.0,0
2655,9927,6.0,5.0,3.0,41.0,2.9,1,0,1.0,0,0.0,0
2656,10254,9.0,10.0,2.0,28.0,2.9,1,1,1.0,0,0.02,0
2657,7850,9.0,9.0,3.0,36.0,3.6,0,2,1.0,0,0.0,0
2658,16609,7.0,4.0,4.0,28.0,3.0,0,3,1.0,0,0.02,1
2659,13860,10.0,8.0,3.0,28.5,2.7,1,0,1.0,0,0.02,0
2660,1633,6.0,6.0,4.0,37.0,3.5,1,0,1.0,0,0.0,0
2661,886,5.0,3.0,3.0,24.0,3.5,0,0,1.0,0,0.4273620073007085,0
2662,5638,6.0,7.0,3.0,39.0,3.2,0,2,1.0,0,0.0,0
2663,7198,7.0,3.0,3.0,45.0,3.2,1,0,1.0,0,0.0,1
2664,435,6.0,6.0,5.0,29.0,3.5,1,0,1.0,0,0.01,0
2665,4661,9.0,10.0,4.0,39.0,3.3,0,0,1.0,0,0.0,0
2666,19140,10.0,10.0,4.0,42.0,3.8,0,0,2.0,0,0.0,0
2667,11830,7.0,5.0,3.0,42.0,3.9,1,0,1.0,0,0.01,0
2668,3297,7.0,7.0,4.0,33.5,3.4,1,0,1.0,0,0.0,0
2669,13459,2.0,2.0,5.0,37.0,3.7,0,2,1.0,0,0.36456119215620303,0
2670,8414,7.0,6.0,5.0,43.0,3.6,1,0,1.0,0,0.01,0
2671,16611,8.0,6.0,4.0,38.0,3.0,0,0,1.0,0,0.0,0
2672,3325,3.0,2.0,3.0,40.0,3.4,1,0,1.0,0,0.02,0
2673,9523,9.0,5.0,5.0,36.0,2.9,1,0,1.0,0,0.02,0
2674,8084,8.0,8.0,3.0,32.0,3.6,0,0,1.0,0,0.0,0
2675,10469,7.0,7.0,3.0,34.0,2.9,0,0,1.0,0,0.22,0
2676,11221,4.0,3.0,3.0,34.0,2.8,1,1,1.0,0,0.17951330339085442,1
2677,13911,5.0,2.0,4.0,30.0,2.7,0,0,1.0,0,0.08,1
2678,19858,6.0,4.0,3.0,29.0,2.5,0,3,1.0,0,0.2,0
2679,13064,6.0,6.0,4.0,35.0,3.7,1,0,1.0,0,0.0,0
2680,7612,6.0,5.0,5.0,39.0,2.4,1,0,1.0,0,0.05,0
2681,5381,8.0,5.0,5.0,41.0,3.3,1,0,1.0,0,0.01,0
2682,14200,6.0,5.0,4.0,37.0,2.7,1,0,1.0,0,0.0,0
2683,19939,4.0,5.0,3.0,33.5,2.5,1,0,1.0,0,0.07,0
2684,19911,5.0,1.0,4.0,45.0,2.5,1,0,1.0,0,0.18,0
2685,17127,4.0,2.0,1.0,42.0,3.0,0,0,1.0,0,0.0,1
2686,10512,6.0,9.0,3.0,36.0,2.9,1,0,1.0,0,0.07,0
2687,5696,6.0,8.0,4.0,39.0,3.2,1,0,1.0,0,0.0,0
2688,12386,10.0,10.0,4.0,40.0,3.9,0,0,1.0,0,0.0,0
2689,11923,4.0,4.0,4.0,38.0,3.9,0,0,1.0,0,0.0,0
2690,6253,2.0,2.0,4.0,36.0,3.2,0,0,1.0,0,0.0072270165111986825,0
2691,275,3.0,3.0,3.0,37.0,3.5,0,0,1.0,0,0.02612241359181425,1
2692,2235,3.0,2.0,3.0,35.0,3.4,0,0,1.0,0,0.4041734325935963,0
2693,10939,6.0,5.0,4.0,36.0,2.8,1,0,1.0,0,0.0,0
2694,504,10.0,9.0,5.0,28.0,3.5,0,0,1.0,0,0.0,0
2695,18679,8.0,9.0,3.0,33.0,3.8,0,0,1.0,0,0.01,0
2696,7938,6.0,7.0,3.0,39.0,3.6,0,0,1.0,0,0.0,0
2697,15660,4.0,2.0,4.0,28.5,3.1,0,0,1.0,0,0.4993989425540887,0
2698,1038,8.0,8.0,4.0,43.0,3.5,1,0,1.0,0,0.0,0
2699,15142,8.0,7.0,3.0,31.0,3.1,0,0,2.0,0,0.16,0
2700,7398,5.0,4.0,3.0,41.0,3.2,1,0,1.0,0,0.04,0
2701,15868,3.0,4.0,5.0,35.0,3.1,0,2,2.0,0,0.04,0
2702,3075,10.0,9.0,3.0,39.0,3.4,1,0,1.0,0,0.0,0
2703,9821,3.0,7.0,3.0,36.0,2.9,1,0,1.0,0,0.01,0
2704,4315,6.0,4.0,2.0,35.0,3.3,0,0,1.0,0,0.01,0
2705,11216,4.0,5.0,5.0,36.0,2.8,1,0,1.0,0,0.08,0
2706,16547,4.0,2.0,4.0,35.0,3.0,0,3,1.0,0,0.47144748563914246,1
2707,18403,7.0,10.0,4.0,32.5,2.6,1,0,2.0,0,0.03,0
2708,3697,10.0,9.0,3.0,36.0,3.3,1,0,1.0,0,0.0,0
2709,15440,3.0,3.0,3.0,37.0,3.1,1,0,1.0,0,0.03796306474661977,0
2710,9867,6.0,3.0,3.0,35.0,2.9,1,0,1.0,0,0.01,0
2711,3821,5.0,9.0,4.0,38.0,3.3,0,0,1.0,0,0.01,0
2712,8476,4.0,5.0,4.0,33.0,3.6,0,0,1.0,0,0.09845714514656077,0
2713,16253,8.0,3.0,3.0,28.5,3.1,0,0,1.0,0,0.07,0
2714,18552,7.0,8.0,3.0,36.0,2.6,1,3,1.0,0,0.01,0
2715,13238,6.0,8.0,5.0,43.0,3.7,0,0,1.0,0,0.0,0
2716,12620,2.0,4.0,3.0,39.0,3.7,0,0,1.0,0,0.01,1
2717,13483,8.0,8.0,3.0,35.0,3.7,0,0,1.0,0,0.0,0
2718,2012,6.0,5.0,3.0,40.0,3.4,1,0,1.0,0,0.0,0
2719,2992,5.0,4.0,3.0,39.0,3.4,0,1,1.0,0,0.1412149828771945,0
2720,1112,5.0,5.0,4.0,39.0,3.5,1,0,1.0,0,0.02,0
2721,9263,9.0,8.0,2.0,42.0,3.6,0,0,1.0,0,0.0,0
2722,10107,4.0,5.0,4.0,35.0,2.9,1,0,1.0,0,0.0,0
2723,16462,7.0,6.0,3.0,35.0,3.0,1,0,1.0,0,0.03,0
2724,2991,8.0,5.0,2.0,46.0,3.4,0,0,1.0,0,0.0,0
2725,16371,3.0,3.0,4.0,41.0,3.1,0,0,1.0,0,0.01,0
2726,6900,2.0,3.0,4.0,33.0,3.2,1,0,1.0,0,0.05,0
2727,12243,6.0,4.0,3.0,45.0,3.9,1,0,1.0,0,0.22,0
2728,15479,10.0,9.0,4.0,36.0,3.1,0,0,2.0,0,0.0,0
2729,2971,4.0,8.0,3.0,35.0,3.4,1,0,1.0,0,0.008866042469861085,0
2730,6583,8.0,7.0,4.0,38.5,3.2,0,0,1.0,0,0.0,0
2731,14972,6.0,4.0,5.0,45.0,3.1,1,0,1.0,0,0.0,0
2732,19878,1.0,1.0,4.0,40.0,2.5,1,0,1.0,0,0.27,1
2733,2826,5.0,3.0,4.0,36.0,3.4,0,0,1.0,0,0.24692574072036266,0
2734,9039,9.0,10.0,2.0,45.0,3.6,0,0,1.0,0,0.0,0
2735,13646,6.0,5.0,4.0,41.0,3.7,1,0,1.0,0,0.04,0
2736,4862,6.0,6.0,5.0,30.5,3.3,1,0,1.0,0,0.01,0
2737,11397,1.0,2.0,4.0,28.3,2.8,1,0,1.0,0,0.37604343835915627,0
2738,9853,2.0,1.0,1.0,20.0,2.9,0,0,1.0,0,0.26,0
2739,12687,5.0,7.0,4.0,46.0,3.7,1,0,1.0,0,0.0,0
2740,3607,6.0,4.0,1.0,37.0,3.4,0,0,1.0,0,0.05,0
2741,11659,4.0,7.0,4.0,38.0,2.8,1,0,1.0,0,0.02,0
2742,20266,9.0,9.0,5.0,40.0,2.0,1,0,1.0,0,0.0,0
2743,13149,10.0,10.0,5.0,38.0,3.7,0,0,1.0,0,0.0,0
2744,5724,8.0,3.0,4.0,26.0,3.2,1,0,1.0,0,0.43,0
2745,11455,5.0,4.0,3.0,31.0,2.8,0,2,1.0,0,0.18796306474661975,1
2746,4386,7.0,8.0,3.0,34.0,3.3,0,0,1.0,0,0.0,0
2747,810,6.0,3.0,4.0,41.0,3.5,1,0,1.0,0,0.03,0
2748,20108,4.0,1.0,2.0,26.0,2.3,0,3,2.0,0,0.38,1
2749,15422,10.0,10.0,3.0,36.0,3.1,0,3,1.0,0,0.0,0
2750,18725,9.0,10.0,2.0,42.0,3.8,0,0,2.0,0,0.0,0
2751,12693,4.0,6.0,3.0,42.0,3.7,0,0,1.0,0,0.0,0
2752,14314,4.0,5.0,4.0,37.0,2.7,0,0,1.0,0,0.03,0
2753,6897,10.0,8.0,4.0,43.0,3.2,1,0,1.0,0,0.0,0
2754,7586,10.0,10.0,3.0,41.0,2.4,0,0,1.0,0,0.0,0
2755,4129,2.0,2.0,4.0,38.0,3.3,0,0,1.0,0,0.0,0
2756,13759,6.0,5.0,4.0,41.0,3.7,1,0,1.0,0,0.04,0
2757,12440,6.0,8.0,3.0,35.0,3.7,0,0,1.0,0,0.0,0
2758,3377,5.0,5.0,4.0,34.0,3.4,1,0,1.0,0,0.009398942554088683,0
2759,19501,9.0,6.0,3.0,30.5,3.8,0,0,1.0,0,0.12,0
2760,18105,6.0,4.0,4.0,35.0,2.6,1,0,1.0,0,0.02,0
2761,16012,4.0,4.0,4.0,36.0,3.1,0,0,1.0,0,0.01,0
2762,11068,4.0,2.0,4.0,31.0,2.8,1,1,1.0,0,0.32185177602352844,0
2763,17748,6.0,5.0,3.0,37.0,3.0,1,0,1.0,0,0.14,0
2764,14756,10.0,10.0,4.0,38.0,3.1,1,0,1.0,0,0.0,0
2765,7535,10.0,8.0,4.0,33.0,2.4,1,0,2.0,0,0.01,1
2766,8723,9.0,10.0,3.0,31.0,3.6,1,0,1.0,0,0.0,0
2767,13270,3.0,3.0,4.0,45.0,3.7,0,0,1.0,0,0.03,0
2768,10966,1.0,1.0,5.0,41.0,2.8,1,1,1.0,0,0.3520513261938025,1
2769,19372,10.0,9.0,3.0,46.0,3.8,0,0,1.0,0,0.02,0
2770,4893,6.0,6.0,4.0,38.0,3.3,1,0,1.0,0,0.0,0
2771,9692,9.0,9.0,5.0,35.0,2.9,1,0,1.0,0,0.0,0
2772,671,6.0,9.0,4.0,39.0,3.5,0,0,1.0,0,0.0,0
2773,8023,2.0,4.0,3.0,39.0,3.6,0,0,1.0,0,0.04,0
2774,8485,8.0,8.0,5.0,47.0,3.6,1,0,1.0,0,0.0,0
2775,12255,8.0,7.0,3.0,35.0,3.9,1,0,1.0,0,0.0,0
2776,11249,3.0,1.0,4.0,42.0,2.8,1,2,1.0,0,0.28,1
2777,15500,9.0,9.0,3.0,41.0,3.1,1,0,1.0,0,0.0,0
2778,858,3.0,1.0,4.0,34.0,3.5,0,0,1.0,0,0.42,0
2779,11383,9.0,8.0,4.0,41.0,2.8,1,0,1.0,0,0.0,0
2780,19197,4.0,5.0,3.0,48.0,3.8,0,0,1.0,0,0.0,0
2781,6001,8.0,6.0,4.0,37.0,3.2,0,0,1.0,0,0.02,0
2782,16703,10.0,10.0,4.0,43.0,3.0,1,0,1.0,0,0.0,0
2783,17110,3.0,1.0,4.0,36.0,3.0,0,0,1.0,0,0.23485080047109289,1
2784,8676,10.0,10.0,4.0,45.0,3.6,1,0,1.0,0,0.0,0
2785,7408,7.0,8.0,4.0,36.0,3.2,1,0,1.0,0,0.0,0
2786,16595,4.0,2.0,3.0,31.0,3.0,1,2,1.0,0,0.1876714762892362,0
2787,1149,7.0,7.0,2.0,36.0,3.5,0,0,1.0,0,0.0,0
2788,14039,6.0,2.0,3.0,29.5,2.7,1,0,2.0,0,0.23,0
2789,12285,9.0,9.0,3.0,36.0,3.9,0,0,1.0,0,0.0,0
2790,5922,6.0,8.0,1.0,38.5,3.2,1,0,1.0,0,0.01,0
2791,8324,6.0,8.0,3.0,38.0,3.6,1,0,1.0,0,0.0,0
2792,17702,7.0,4.0,4.0,35.0,3.0,1,0,1.0,0,0.1388660424698611,0
2793,3340,8.0,6.0,3.0,32.0,3.4,0,0,2.0,0,0.22,1
2794,366,6.0,5.0,4.0,42.0,3.5,1,0,1.0,0,0.0,0
2795,11143,1.0,2.0,3.0,31.0,2.8,1,0,1.0,0,0.15,0
2796,919,1.0,2.0,4.0,36.0,3.5,0,0,1.0,0,0.2640403311908224,1
2797,17763,7.0,7.0,5.0,39.5,3.0,0,0,1.0,0,0.0,0
2798,7348,1.0,10.0,3.0,32.0,3.2,1,1,2.0,0,0.04959110267669969,1
2799,8967,3.0,4.0,3.0,36.0,3.6,1,0,1.0,0,0.0,0
2800,17429,8.0,8.0,3.0,30.0,3.0,1,0,1.0,0,0.0,0
2801,19788,10.0,10.0,4.0,39.0,2.5,1,0,1.0,0,0.0,0
2802,12699,9.0,10.0,4.0,46.0,3.7,0,0,1.0,0,0.0,0
2803,10963,4.0,5.0,3.0,33.0,2.8,1,0,1.0,0,0.10661552511415526,0
2804,13701,8.0,5.0,3.0,43.0,3.7,1,0,1.0,0,0.0,0
2805,4546,8.0,6.0,3.0,35.0,3.3,1,0,1.0,0,0.02796306474661977,0
2806,2264,7.0,8.0,4.0,39.0,3.4,0,0,1.0,0,0.0,0
2807,911,5.0,3.0,4.0,46.0,3.5,0,0,1.0,0,0.0,0
2808,4374,7.0,7.0,3.0,35.0,3.3,1,0,1.0,0,0.02682910721648085,0
2809,744,10.0,10.0,4.0,42.0,3.5,1,0,1.0,0,0.0,0
2810,16840,5.0,5.0,3.0,39.0,3.0,1,0,1.0,0,0.0,0
2811,17728,10.0,4.0,4.0,34.0,3.0,1,0,1.0,0,0.047963064746619766,0
2812,20299,5.0,5.0,3.0,32.5,2.0,1,3,2.0,0,0.26,0
2813,4441,6.0,5.0,4.0,35.5,3.3,0,0,1.0,0,0.043104316615673106,0
2814,1374,3.0,5.0,3.0,44.0,3.5,0,0,1.0,0,0.0,0
2815,16673,9.0,9.0,4.0,39.0,3.0,1,0,1.0,0,0.0,0
2816,6872,7.0,4.0,4.0,36.0,3.2,1,0,1.0,0,0.11,0
2817,12965,7.0,4.0,3.0,38.0,3.7,0,0,1.0,0,0.06,0
2818,3982,7.0,8.0,3.0,41.0,3.3,0,0,1.0,0,0.0,0
2819,2896,2.0,3.0,4.0,30.0,3.4,0,0,1.0,0,0.02,0
2820,11111,5.0,5.0,3.0,36.0,2.8,1,0,1.0,0,0.28,0
2821,9970,6.0,5.0,3.0,31.0,2.9,0,2,1.0,0,0.02,0
2822,14057,9.0,6.0,4.0,38.0,2.7,1,0,1.0,0,0.02,0
2823,6890,6.0,4.0,4.0,30.0,3.2,1,0,1.0,0,0.0,0
2824,7809,10.0,9.0,3.0,40.0,3.6,0,0,1.0,0,0.0,0
2825,19306,8.0,6.0,4.0,40.0,3.8,1,0,1.0,0,0.01,0
2826,16792,9.0,5.0,4.0,28.0,3.0,0,3,1.0,0,0.2,1
2827,17089,8.0,6.0,4.0,38.0,3.0,1,0,1.0,0,0.0,0
2828,6679,5.0,3.0,5.0,39.0,3.2,0,0,1.0,0,0.0,0
2829,12792,4.0,3.0,5.0,36.0,3.7,1,0,1.0,0,0.047963064746619766,0
2830,13477,6.0,7.0,4.0,43.0,3.7,1,0,1.0,0,0.0,0
2831,10979,5.0,5.0,4.0,42.0,2.8,1,0,1.0,0,0.0,0
2832,10924,6.0,6.0,4.0,32.5,2.8,1,0,1.0,0,0.05,0
2833,104,5.0,6.0,3.0,36.0,3.5,1,0,1.0,0,0.0,0
2834,12341,6.0,7.0,4.0,32.0,3.9,0,4,1.0,0,0.0,0
2835,8948,6.0,8.0,5.0,36.0,3.6,1,0,1.0,0,0.0,0
2836,14083,10.0,10.0,5.0,42.0,2.7,1,0,1.0,0,0.0,0
2837,15010,7.0,7.0,2.0,32.0,3.1,1,1,1.0,0,0.02,0
2838,16718,9.0,9.0,4.0,39.5,3.0,1,2,1.0,0,0.0,0
2839,17791,9.0,9.0,4.0,38.0,3.0,1,0,1.0,0,0.0,0
2840,14911,2.0,2.0,3.0,46.0,3.1,1,3,1.0,0,0.03,0
2841,4674,10.0,10.0,4.0,40.0,3.3,0,0,1.0,0,0.0,0
2842,5037,8.0,7.0,4.0,37.0,3.3,0,0,1.0,0,0.0,0
2843,4852,8.0,6.0,4.0,38.0,3.3,1,0,1.0,0,0.05,0
2844,2815,10.0,10.0,4.0,41.0,3.4,1,0,1.0,0,0.0,0
2845,10334,3.0,1.0,4.0,32.0,2.9,0,0,2.0,0,0.3082649850239498,0
2846,10528,5.0,4.0,4.0,37.0,2.9,0,0,2.0,0,0.37,0
2847,19068,7.0,7.0,3.0,38.0,3.8,0,0,1.0,0,0.0,0
2848,16247,2.0,3.0,4.0,28.0,3.1,0,0,1.0,0,0.01,0
2849,14645,2.0,4.0,4.0,27.0,3.1,1,0,1.0,0,0.11,0
2850,10648,5.0,4.0,4.0,41.0,2.9,1,0,1.0,0,0.0,0
2851,3372,2.0,4.0,4.0,41.0,3.4,0,0,1.0,0,0.01,0
2852,14465,2.0,2.0,3.0,39.0,2.7,1,0,1.0,0,0.16618923008628295,0
2853,16401,5.0,3.0,2.0,34.5,3.0,1,0,1.0,0,0.22,0
2854,473,9.0,10.0,4.0,39.0,3.5,0,0,1.0,0,0.0,0
2855,2878,2.0,1.0,3.0,34.5,3.4,1,0,1.0,0,0.3747240146014169,0
2856,10934,4.0,6.0,3.0,36.0,2.8,1,0,2.0,0,0.1,0
2857,9054,10.0,10.0,5.0,39.0,3.6,1,0,1.0,0,0.0,0
2858,19518,2.0,3.0,5.0,42.0,3.8,1,0,1.0,0,0.01,0
2859,18647,6.0,6.0,4.0,47.0,3.8,1,0,1.0,0,0.0,0
2860,5919,1.0,1.0,3.0,34.0,3.2,0,3,1.0,0,0.22455445649319827,1
2861,9225,6.0,7.0,4.0,44.0,3.6,0,0,1.0,0,0.0,0
2862,3258,7.0,6.0,5.0,39.0,3.4,1,0,1.0,0,0.0,0
2863,5472,7.0,8.0,3.0,34.0,2.2,0,0,2.0,0,0.0,0
2864,12132,6.0,4.0,3.0,33.0,3.9,1,0,1.0,0,0.08,1
2865,2545,9.0,9.0,4.0,35.0,3.4,0,0,1.0,0,0.0,0
2866,4701,9.0,9.0,4.0,39.0,3.3,0,0,1.0,0,0.0,0
2867,20373,3.0,2.0,4.0,34.0,2.1,1,0,1.0,0,0.33,0
2868,3784,5.0,3.0,5.0,37.0,3.3,1,0,1.0,0,0.0,0
2869,2673,9.0,9.0,3.0,37.0,3.4,1,0,1.0,0,0.0,0
2870,5710,2.0,5.0,3.0,34.0,3.2,1,0,1.0,0,0.08886604246986109,0
2871,7157,9.0,9.0,4.0,38.0,3.2,0,0,1.0,0,0.0,0
2872,11934,7.0,5.0,3.0,47.0,3.9,0,2,1.0,0,0.02,0
2873,4507,1.0,1.0,2.0,38.0,3.3,0,3,1.0,0,0.2992143311426754,0
2874,7423,4.0,3.0,2.0,36.0,3.2,1,0,1.0,0,0.036093058981059765,0
2875,2492,8.0,5.0,4.0,32.0,3.4,0,0,2.0,0,0.16,1
2876,19623,10.0,10.0,4.0,37.0,2.5,1,0,1.0,0,0.0,0
2877,2556,9.0,7.0,3.0,39.0,3.4,1,0,1.0,0,0.01,0
2878,5345,7.0,6.0,3.0,27.7,3.3,1,0,1.0,0,0.27,0
2879,10770,4.0,3.0,3.0,35.0,2.8,1,0,2.0,0,0.35,0
2880,14841,3.0,5.0,2.0,35.0,3.1,0,0,1.0,0,0.07,0
2881,9158,9.0,9.0,4.0,30.0,3.6,1,0,1.0,0,0.0,0
2882,10521,7.0,7.0,4.0,41.0,2.9,0,0,1.0,0,0.008866042469861085,0
2883,5529,2.0,2.0,4.0,42.0,2.2,1,0,1.0,0,0.08,0
2884,9254,8.0,9.0,5.0,42.0,3.6,0,0,1.0,0,0.0,0
2885,1693,9.0,10.0,4.0,41.0,3.5,0,0,1.0,0,0.0,0
2886,8901,4.0,6.0,4.0,40.0,3.6,1,0,1.0,0,0.0,0
2887,13028,2.0,1.0,4.0,40.0,3.7,1,0,1.0,0,0.337980944460498,1
2888,17451,7.0,7.0,4.0,36.0,3.0,1,1,1.0,0,0.01,0
2889,15688,6.0,4.0,3.0,31.0,3.1,0,1,1.0,0,0.018797885108177367,0
2890,1897,9.0,9.0,4.0,43.0,3.4,0,0,1.0,0,0.0,0
2891,1659,5.0,5.0,4.0,34.0,3.5,0,0,1.0,0,0.018866042469861087,0
2892,17905,2.0,1.0,5.0,42.0,3.0,1,0,1.0,0,0.11,0
2893,2379,1.0,2.0,4.0,37.0,3.4,1,0,1.0,0,0.32765092174081645,0
2894,19221,8.0,7.0,3.0,40.0,3.8,0,0,1.0,0,0.0,0
2895,14759,4.0,2.0,4.0,41.0,3.1,1,0,1.0,0,0.018866042469861087,0
2896,16977,1.0,2.0,2.0,31.0,3.0,1,1,1.0,0,0.34224348631641355,1
2897,15651,5.0,6.0,4.0,26.7,3.1,1,2,1.0,0,0.07,1
2898,17234,4.0,3.0,4.0,33.0,3.0,1,0,1.0,0,0.01,0
2899,6691,1.0,1.0,4.0,29.0,3.2,1,0,1.0,0,0.23,0
2900,13898,10.0,10.0,4.0,42.0,2.7,1,0,1.0,0,0.0,0
2901,8071,9.0,8.0,4.0,36.0,3.6,0,0,1.0,0,0.0,0
2902,11036,10.0,10.0,3.0,38.0,2.8,1,0,1.0,0,0.0,0
2903,13325,6.0,6.0,3.0,41.0,3.7,0,0,1.0,0,0.04,0
2904,7298,8.0,8.0,3.0,42.0,3.2,0,0,1.0,0,0.0,0
2905,11922,3.0,3.0,3.0,40.0,3.9,0,1,1.0,0,0.08,0
2906,18351,4.0,3.0,3.0,31.0,2.6,1,1,1.0,0,0.3362280497705696,0
2907,9159,6.0,4.0,3.0,34.5,3.6,1,4,1.0,0,0.01,0
2908,6462,4.0,4.0,3.0,37.0,3.2,1,0,1.0,0,0.01,0
2909,388,8.0,9.0,4.0,34.0,3.5,0,0,1.0,0,0.0,0
2910,20073,2.0,4.0,3.0,25.0,2.3,0,3,2.0,0,0.36,1
2911,17490,1.0,1.0,2.0,35.0,3.0,0,3,1.0,0,0.21,0
2912,10746,3.0,1.0,4.0,39.0,2.8,1,0,1.0,0,0.31,0
2913,11488,7.0,4.0,2.0,35.0,2.8,1,0,1.0,0,0.24,0
2914,6050,1.0,2.0,3.0,44.0,3.2,1,0,1.0,0,0.07,1
2915,2863,10.0,8.0,4.0,48.0,3.4,1,0,1.0,0,0.0,0
2916,7520,2.0,2.0,3.0,32.0,2.4,1,3,1.0,0,0.26541537089263867,0
2917,4812,2.0,1.0,4.0,39.0,3.3,1,0,1.0,0,0.05969015968564501,1
2918,346,6.0,2.0,3.0,36.0,3.5,0,0,1.0,0,0.18,1
2919,14442,6.0,6.0,3.0,31.0,2.7,1,1,1.0,0,0.0,0
2920,17388,6.0,5.0,3.0,31.0,3.0,0,0,1.0,0,0.08884389942602254,0
2921,10495,4.0,3.0,3.0,29.5,2.9,0,0,1.0,0,0.07939894255408868,0
2922,20055,1.0,1.0,4.0,42.0,2.5,1,3,1.0,0,0.39,1
2923,11319,7.0,3.0,4.0,39.0,2.8,1,0,1.0,0,0.09,0
2924,12275,5.0,5.0,4.0,34.0,3.9,0,2,1.0,0,0.04,0
2925,19596,6.0,5.0,4.0,36.0,2.5,1,0,1.0,0,0.02,0
2926,9742,4.0,4.0,3.0,30.0,2.9,0,1,1.0,0,0.41379844323520976,0
2927,17827,8.0,8.0,4.0,33.0,3.0,1,0,1.0,0,0.0,0
2928,17841,7.0,7.0,3.0,37.0,3.0,1,0,1.0,0,0.009398942554088683,0
2929,7947,6.0,7.0,3.0,36.0,3.6,0,0,1.0,0,0.0,0
2930,8612,10.0,10.0,4.0,38.0,3.6,0,0,1.0,0,0.0,0
2931,9861,8.0,4.0,3.0,21.5,2.9,1,3,1.0,0,0.45,1
2932,6540,7.0,8.0,3.0,47.0,3.2,0,0,1.0,0,0.0,0
2933,12990,8.0,8.0,3.0,29.0,3.7,1,0,1.0,0,0.0,0
2934,11129,1.0,1.0,3.0,36.0,2.8,1,1,1.0,0,0.21455327211917805,1
2935,4219,2.0,4.0,3.0,33.0,3.3,0,0,1.0,0,0.23661552511415526,0
2936,17526,3.0,1.0,2.0,27.0,3.0,0,2,1.0,0,0.2560930589810598,1
2937,15110,2.0,2.0,3.0,36.0,3.1,1,0,1.0,0,0.07886604246986108,0
2938,6869,10.0,8.0,4.0,42.0,3.2,1,0,1.0,0,0.0,0
2939,16019,5.0,5.0,4.0,37.5,3.1,1,0,1.0,0,0.007963064746619765,0
2940,1239,1.0,1.0,3.0,33.0,3.5,1,0,1.0,0,0.06622804977056954,0
2941,16667,6.0,4.0,4.0,39.0,3.0,1,0,1.0,0,0.07939894255408868,0
2942,14896,4.0,3.0,3.0,32.0,3.1,0,0,1.0,0,0.07652997004789952,1
2943,10835,9.0,8.0,4.0,31.0,2.8,1,0,1.0,0,0.02,0
2944,6618,8.0,9.0,4.0,48.0,3.2,0,4,1.0,0,0.0,0
2945,1258,7.0,8.0,3.0,37.0,3.5,0,0,1.0,0,0.0,0
2946,16590,7.0,7.0,4.0,41.0,3.0,0,0,1.0,0,0.0,0
2947,17211,3.0,4.0,2.0,39.0,3.0,0,0,1.0,0,0.09,0
2948,1455,8.0,6.0,3.0,42.0,3.5,0,0,1.0,0,0.0,0
2949,1106,6.0,5.0,3.0,39.0,3.5,0,0,1.0,0,0.03,0
2950,1391,4.0,3.0,3.0,32.0,3.5,1,0,1.0,0,0.16,0
2951,13502,4.0,5.0,4.0,30.0,3.7,0,0,1.0,0,0.05,0
2952,876,6.0,8.0,3.0,39.0,3.5,0,0,1.0,0,0.0,0
2953,13387,10.0,10.0,3.0,32.5,3.7,0,0,1.0,0,0.0,0
2954,3990,3.0,3.0,4.0,35.0,3.3,1,0,1.0,0,0.12,0
2955,12825,2.0,2.0,3.0,38.0,3.7,1,0,1.0,0,0.07435558301172876,0
2956,6021,5.0,3.0,5.0,38.0,3.2,1,0,1.0,0,0.0,0
2957,2087,8.0,8.0,3.0,42.0,3.4,1,4,1.0,0,0.0,0
2958,14417,7.0,6.0,4.0,39.0,2.7,0,0,1.0,0,0.0,0
2959,7659,8.0,4.0,3.0,35.0,2.4,1,0,1.0,0,0.24,1
2960,1861,5.0,3.0,3.0,46.0,3.4,1,0,1.0,0,0.02,0
2961,19822,3.0,4.0,2.0,42.0,2.5,1,3,1.0,0,0.1,0
2962,4286,4.0,4.0,4.0,36.0,3.3,0,0,1.0,0,0.029398942554088682,0
2963,10362,5.0,4.0,4.0,33.0,2.9,1,0,1.0,0,0.1258191524472692,0
2964,16878,6.0,7.0,4.0,30.0,3.0,0,1,1.0,0,0.03736200730070845,0
2965,14146,10.0,8.0,4.0,45.0,2.7,1,0,1.0,0,0.01,0
2966,13862,7.0,4.0,4.0,31.0,2.7,1,0,1.0,0,0.39,0
2967,16849,3.0,2.0,3.0,39.0,3.0,1,0,1.0,0,0.05,0
2968,20417,8.0,10.0,4.0,42.0,1.7,0,0,2.0,0,0.0,0
2969,13690,3.0,3.0,3.0,33.0,3.7,1,0,1.0,0,0.14569514968634192,0
2970,5296,9.0,9.0,4.0,31.0,3.3,0,2,1.0,0,0.0,0
2971,14825,10.0,10.0,4.0,46.0,3.1,0,0,1.0,0,0.06,0
2972,10053,10.0,9.0,4.0,40.0,2.9,1,0,1.0,0,0.0,0
2973,4151,6.0,7.0,4.0,33.0,3.3,0,0,1.0,0,0.008866042469861085,0
2974,8167,4.0,5.0,3.0,39.0,3.6,0,0,1.0,0,0.0,0
2975,18347,5.0,4.0,4.0,36.0,2.6,0,0,1.0,0,0.15788316862903173,0
2976,9721,7.0,4.0,4.0,34.5,2.9,1,0,1.0,0,0.14886604246986107,0
2977,19888,1.0,2.0,5.0,27.0,2.5,1,0,1.0,0,0.36,0
2978,10229,3.0,4.0,1.0,29.0,2.9,1,0,1.0,0,0.42,0
2979,14369,2.0,3.0,3.0,39.0,2.7,1,0,1.0,0,0.11,0
2980,6428,4.0,3.0,4.0,30.0,3.2,0,0,1.0,0,0.35969015968564505,1
2981,11732,7.0,7.0,2.0,36.0,3.9,0,3,1.0,0,0.01,0
2982,14519,6.0,6.0,4.0,31.5,2.7,1,0,1.0,0,0.13,0
2983,2948,8.0,8.0,3.0,34.0,3.4,1,0,1.0,0,0.0,0
2984,13856,10.0,8.0,3.0,31.0,2.7,1,0,1.0,0,0.09,0
2985,9057,2.0,2.0,4.0,44.0,3.6,1,0,1.0,0,0.17,0
2986,2115,10.0,9.0,5.0,40.0,3.4,1,0,1.0,0,0.0,0
2987,19887,7.0,3.0,5.0,30.0,2.5,1,0,1.0,0,0.07,0
2988,2732,6.0,7.0,3.0,36.0,3.4,1,0,1.0,0,0.0,0
2989,6818,8.0,7.0,4.0,28.5,3.2,1,0,1.0,0,0.02,1
2990,9914,8.0,5.0,4.0,41.0,2.9,1,0,1.0,0,0.0,0
2991,17807,10.0,10.0,5.0,40.0,3.0,0,0,1.0,0,0.0,0
2992,11648,6.0,3.0,4.0,42.0,2.8,0,0,1.0,0,0.03,0
2993,2423,9.0,8.0,4.0,39.0,3.4,1,0,1.0,0,0.0,0
2994,1229,6.0,5.0,4.0,42.0,3.5,1,0,1.0,0,0.0,0
2995,2421,6.0,4.0,3.0,34.0,3.4,1,0,1.0,0,0.03,0
2996,463,9.0,8.0,2.0,39.0,3.5,0,0,1.0,0,0.0,0
2997,16764,7.0,9.0,5.0,43.0,3.0,1,0,1.0,0,0.0,0
2998,5454,7.0,7.0,4.0,35.0,3.3,1,0,1.0,0,0.0,0
2999,16659,7.0,5.0,3.0,33.0,3.0,0,0,1.0,0,0.07,0
3000,17150,8.0,7.0,4.0,38.0,3.0,0,0,1.0,0,0.01565804889479028,0
3001,7544,5.0,3.0,4.0,27.5,2.4,0,0,1.0,0,0.32,1
3002,14889,10.0,7.0,3.0,22.0,3.1,1,3,1.0,0,0.12,1
3003,3018,5.0,4.0,3.0,36.0,3.4,1,0,1.0,0,0.20731129193764716,0
3004,2036,8.0,8.0,4.0,39.0,3.4,1,0,1.0,0,0.0,0
3005,8489,9.0,10.0,3.0,36.5,3.6,1,0,1.0,0,0.0,0
3006,7603,9.0,9.0,1.0,41.0,2.4,1,0,1.0,0,0.01,0
3007,15909,5.0,7.0,3.0,42.0,3.1,1,0,1.0,0,0.0544930347945193,0
3008,10557,9.0,7.0,4.0,33.0,2.9,0,0,1.0,0,0.08,0
3009,16456,5.0,3.0,3.0,39.0,3.0,0,1,1.0,0,0.04,0
3010,19998,4.0,3.0,3.0,30.0,2.5,1,0,1.0,0,0.25,0
3011,11250,4.0,4.0,3.0,40.0,2.8,1,0,1.0,0,0.22375335982909722,0
3012,14317,6.0,5.0,4.0,37.0,2.7,1,0,1.0,0,0.0,0
3013,12335,5.0,6.0,4.0,29.0,3.9,0,0,1.0,0,0.03,0
3014,1895,3.0,4.0,3.0,31.0,3.4,1,0,1.0,0,0.37,0
3015,5084,4.0,5.0,3.0,37.0,3.3,0,0,1.0,0,0.0,0
3016,12839,6.0,6.0,4.0,42.5,3.7,1,0,1.0,0,0.0,0
3017,16869,5.0,5.0,4.0,29.0,3.0,1,0,1.0,0,0.25,0
3018,15140,4.0,3.0,2.0,44.0,3.1,1,4,1.0,0,0.03912471855269166,0
3019,14289,7.0,5.0,4.0,42.0,2.7,1,1,1.0,0,0.0,0
3020,11390,6.0,7.0,3.0,29.0,2.8,1,0,1.0,0,0.05,0
3021,16610,9.0,7.0,3.0,37.0,3.0,1,1,1.0,0,0.0,0
3022,1874,10.0,9.0,3.0,41.0,3.4,0,0,1.0,0,0.0,0
3023,10366,10.0,10.0,4.0,43.0,2.9,0,0,1.0,0,0.0,0
3024,13592,3.0,3.0,5.0,43.0,3.7,1,0,1.0,0,0.0,0
3025,19371,2.0,4.0,4.0,36.0,3.8,1,0,1.0,0,0.02,0
3026,15060,7.0,6.0,4.0,33.0,3.1,0,0,1.0,0,0.13,0
3027,7950,9.0,9.0,4.0,40.0,3.6,1,0,1.0,0,0.0,0
3028,18008,5.0,5.0,4.0,30.5,2.6,1,0,1.0,0,0.06,0
3029,8672,9.0,10.0,3.0,48.0,3.6,0,0,1.0,0,0.0,0
3030,2388,7.0,7.0,4.0,33.0,3.4,1,0,2.0,0,0.04,0
3031,10815,3.0,3.0,4.0,38.5,2.8,0,0,1.0,0,0.01,0
3032,5003,9.0,7.0,3.0,34.0,3.3,1,2,1.0,0,0.0,0
3033,18441,9.0,10.0,3.0,40.0,2.6,1,0,1.0,0,0.0,0
3034,592,6.0,6.0,4.0,38.0,3.5,0,0,1.0,0,0.01,0
3035,14049,1.0,1.0,1.0,35.5,2.7,0,2,1.0,0,0.21921433114267544,0
3036,20095,6.0,6.0,4.0,33.0,2.3,1,1,1.0,0,0.07,0
3037,3731,4.0,3.0,3.0,41.0,3.3,0,0,1.0,0,0.15,1
3038,7748,4.0,6.0,2.0,37.0,2.4,1,0,1.0,0,0.04,0
3039,4938,3.0,4.0,2.0,39.0,3.3,1,0,1.0,0,0.01,0
3040,19738,4.0,8.0,1.0,38.0,2.5,1,0,2.0,0,0.04,1
3041,2075,7.0,9.0,4.0,34.0,3.4,0,0,1.0,0,0.0,0
3042,4499,8.0,7.0,5.0,42.0,3.3,1,0,1.0,0,0.0,0
3043,15074,9.0,8.0,5.0,34.0,3.1,1,2,1.0,0,0.0,0
3044,10729,5.0,5.0,4.0,34.0,2.8,0,0,1.0,0,0.01,0
3045,8015,4.0,10.0,3.0,35.0,3.6,0,0,1.0,0,0.0,0
3046,16676,10.0,9.0,3.0,38.0,3.0,1,0,2.0,0,0.0,0
3047,12735,6.0,6.0,5.0,39.0,3.7,0,0,1.0,0,0.01,0
3048,7332,3.0,1.0,2.0,32.0,3.2,0,1,1.0,0,0.4071310274938109,1
3049,11244,1.0,1.0,4.0,40.0,2.8,0,0,1.0,0,0.02,0
3050,10833,4.0,4.0,3.0,34.0,2.8,0,0,1.0,0,0.08,0
3051,20057,9.0,5.0,4.0,41.0,2.5,1,0,1.0,0,0.1,0
3052,4644,6.0,5.0,5.0,29.0,3.3,1,0,1.0,0,0.0,0
3053,18603,7.0,5.0,4.0,39.0,2.6,0,0,1.0,0,0.02,0
3054,24,3.0,4.0,4.0,47.0,3.5,1,0,1.0,0,0.01,0
3055,16422,7.0,6.0,4.0,35.0,3.0,0,0,2.0,0,0.25,0
3056,10839,10.0,10.0,3.0,30.0,2.8,1,1,1.0,0,0.14,0
3057,17103,5.0,3.0,2.0,33.0,3.0,0,0,1.0,0,0.2,0
3058,15892,2.0,1.0,5.0,32.0,3.1,1,0,1.0,0,0.393825143920782,0
3059,14898,7.0,5.0,5.0,44.0,3.1,1,0,1.0,0,0.0,0
3060,11337,2.0,2.0,4.0,38.0,2.8,1,0,1.0,0,0.26,0
3061,17900,8.0,8.0,2.0,43.0,3.0,1,0,1.0,0,0.0,0
3062,6948,4.0,5.0,3.0,32.0,3.2,1,3,1.0,0,0.11939894255408869,0
3063,18917,8.0,8.0,4.0,34.0,3.8,0,0,1.0,0,0.03,0
3064,7641,2.0,2.0,3.0,30.0,2.4,0,0,2.0,0,0.49,0
3065,7207,9.0,8.0,2.0,36.5,3.2,0,0,1.0,0,0.06581245855225869,0
3066,420,9.0,9.0,3.0,32.0,3.5,0,0,1.0,0,0.0,0
3067,13998,7.0,7.0,3.0,45.0,2.7,0,0,1.0,0,0.0,0
3068,2764,10.0,9.0,4.0,34.0,3.4,1,0,1.0,0,0.0,0
3069,14948,9.0,8.0,4.0,41.0,3.1,1,0,1.0,0,0.0,0
3070,1181,10.0,10.0,3.0,36.0,3.5,1,0,1.0,0,0.0,0
3071,8856,10.0,10.0,4.0,47.0,3.6,1,2,1.0,0,0.0,0
3072,15176,7.0,7.0,4.0,42.0,3.1,0,0,1.0,0,0.0,0
3073,1749,2.0,3.0,4.0,33.5,3.4,0,0,1.0,0,0.008866042469861085,0
3074,18178,4.0,1.0,4.0,36.0,2.6,0,0,1.0,0,0.48,1
3075,16360,9.0,8.0,1.0,41.0,3.1,0,0,1.0,0,0.0,0
3076,18976,2.0,2.0,3.0,41.0,3.8,1,2,1.0,0,0.07796306474661976,1
3077,3830,5.0,4.0,3.0,35.0,3.3,0,0,1.0,0,0.02,0
3078,16915,3.0,2.0,5.0,40.0,3.0,1,0,1.0,0,0.08,0
3079,4712,9.0,8.0,4.0,43.0,3.3,0,0,1.0,0,0.0,0
3080,11305,5.0,7.0,5.0,36.0,2.8,1,0,1.0,0,0.10722701651119868,0
3081,5086,9.0,9.0,4.0,33.0,3.3,1,0,1.0,0,0.0,0
3082,6071,2.0,3.0,4.0,40.0,3.2,0,0,1.0,0,0.0,0
3083,18505,7.0,6.0,4.0,41.0,2.6,0,0,1.0,0,0.06,0
3084,3089,5.0,5.0,3.0,33.0,3.4,1,0,1.0,0,0.04651926690212587,0
3085,9238,1.0,1.0,4.0,46.0,3.6,1,0,1.0,0,0.1,0
3086,19779,1.0,1.0,3.0,28.0,2.5,0,1,2.0,0,0.3873231876164219,1
3087,4779,10.0,10.0,4.0,39.0,3.3,0,0,1.0,0,0.0,0
3088,9680,3.0,2.0,5.0,34.0,2.9,0,0,1.0,0,0.3182649850239498,0
3089,13004,8.0,6.0,3.0,43.0,3.7,1,0,1.0,0,0.0,0
3090,4189,9.0,8.0,2.0,37.0,3.3,1,0,1.0,0,0.0,0
3091,2724,10.0,10.0,4.0,33.0,3.4,0,0,1.0,0,0.0,0
3092,4204,3.0,4.0,1.0,20.0,3.3,0,4,2.0,0,0.27,1
3093,2322,5.0,5.0,3.0,44.0,3.4,1,0,1.0,0,0.0,0
3094,18512,2.0,2.0,3.0,31.0,2.6,1,4,1.0,0,0.2860994400707279,0
3095,1570,8.0,7.0,3.0,33.0,3.5,1,0,1.0,0,0.019398942554088684,0
3096,18043,3.0,2.0,4.0,36.0,2.6,1,0,1.0,0,0.2488660424698611,0
3097,7867,3.0,3.0,4.0,41.0,3.6,0,0,1.0,0,0.0,0
3098,9922,5.0,7.0,3.0,36.5,2.9,0,0,1.0,0,0.01,0
3099,9933,10.0,10.0,4.0,36.0,2.9,1,0,1.0,0,0.0,0
3100,10949,7.0,6.0,4.0,34.5,2.8,1,0,1.0,0,0.10292216619754062,0
3101,5045,6.0,5.0,4.0,38.5,3.3,1,0,1.0,0,0.0,0
3102,18042,7.0,5.0,4.0,40.5,2.6,1,0,2.0,0,0.07,0
3103,3120,9.0,9.0,2.0,39.0,3.4,0,0,1.0,0,0.0,0
3104,4367,4.0,1.0,4.0,38.0,3.3,1,0,1.0,0,0.04,1
3105,16527,3.0,2.0,3.0,37.0,3.0,1,0,1.0,0,0.07597884022164038,0
3106,16546,1.0,1.0,5.0,29.0,3.0,0,0,1.0,0,0.4064618126862159,1
3107,10804,3.0,4.0,5.0,36.0,2.8,1,0,1.0,0,0.01,1
3108,775,10.0,10.0,4.0,39.0,3.5,0,0,1.0,0,0.0,0
3109,2404,8.0,7.0,3.0,40.0,3.4,1,0,1.0,0,0.02,0
3110,14038,3.0,4.0,4.0,44.0,2.7,1,0,1.0,0,0.05569514968634194,0
3111,7213,10.0,10.0,4.0,40.0,3.2,1,0,1.0,0,0.0,0
3112,9668,10.0,10.0,3.0,48.0,2.9,1,0,1.0,0,0.0,0
3113,1746,3.0,1.0,2.0,36.0,3.4,1,0,1.0,0,0.26599706996367195,0
3114,17714,5.0,4.0,5.0,35.0,3.0,1,1,1.0,0,0.08773208493972216,0
3115,12399,10.0,10.0,4.0,45.0,3.9,0,0,1.0,0,0.0,0
3116,920,9.0,7.0,3.0,33.5,3.5,1,0,1.0,0,0.0,0
3117,1196,10.0,9.0,4.0,34.0,3.5,1,0,1.0,0,0.0,0
3118,407,7.0,6.0,4.0,33.0,3.5,1,0,1.0,0,0.01,0
3119,17152,9.0,9.0,5.0,35.0,3.0,1,0,1.0,0,0.0,0
3120,3033,3.0,3.0,4.0,42.0,3.4,0,2,1.0,0,0.0,0
3121,19946,5.0,1.0,4.0,41.0,2.5,0,0,1.0,0,0.25,0
3122,6432,6.0,7.0,3.0,37.0,3.2,0,0,1.0,0,0.0,0
3123,5663,10.0,10.0,3.0,48.0,3.2,1,0,1.0,0,0.0,0
3124,6286,2.0,2.0,3.0,37.0,3.2,0,0,1.0,0,0.01,0
3125,20238,4.0,1.0,4.0,36.0,2.3,1,0,1.0,0,0.39,1
3126,116,5.0,3.0,3.0,38.0,3.5,1,0,1.0,0,0.04,0
3127,18715,9.0,9.0,4.0,47.0,3.8,1,0,1.0,0,0.0,0
3128,12770,10.0,10.0,4.0,32.0,3.7,1,0,1.0,0,0.0,0
3129,14764,3.0,2.0,3.0,35.5,3.1,0,4,1.0,0,0.09773208493972216,1
3130,16441,7.0,7.0,3.0,45.0,3.0,1,0,1.0,0,0.0,0
3131,15132,10.0,9.0,5.0,37.0,3.1,0,0,1.0,0,0.0,0
3132,15507,7.0,7.0,4.0,36.0,3.1,0,0,1.0,0,0.0,0
3133,9070,10.0,10.0,3.0,38.0,3.6,0,0,1.0,0,0.0,0
3134,9558,5.0,6.0,4.0,34.0,2.9,0,0,1.0,0,0.0,0
3135,3708,4.0,6.0,4.0,33.0,3.3,0,0,1.0,0,0.03722701651119868,0
3136,13585,3.0,1.0,4.0,36.0,3.7,1,0,1.0,0,0.1682043763734638,1
3137,11219,7.0,7.0,2.0,40.0,2.8,0,0,1.0,0,0.0,0
3138,1276,7.0,6.0,3.0,34.0,3.5,0,0,1.0,0,0.008866042469861085,0
3139,13833,2.0,2.0,2.0,44.0,2.7,1,0,1.0,0,0.4801881844808612,0
3140,14359,7.0,5.0,3.0,38.0,2.7,1,3,1.0,0,0.12,0
3141,2941,7.0,8.0,3.0,40.0,3.4,1,0,1.0,0,0.0,0
3142,1529,2.0,2.0,4.0,37.0,3.5,1,0,1.0,0,0.04202556956396744,0
3143,7818,8.0,9.0,5.0,43.0,3.6,1,0,1.0,0,0.0,0
3144,13168,10.0,10.0,4.0,45.0,3.7,1,0,1.0,0,0.0,0
3145,8452,4.0,5.0,5.0,40.0,3.6,1,0,1.0,0,0.0,0
3146,19588,3.0,4.0,4.0,43.0,2.5,1,0,2.0,0,0.09,0
3147,8457,1.0,3.0,3.0,33.0,3.6,0,0,1.0,0,0.12886604246986108,0
3148,15130,2.0,3.0,3.0,32.0,3.1,1,0,1.0,0,0.02,0
3149,13321,10.0,10.0,4.0,33.0,3.7,0,0,2.0,0,0.0,0
3150,13912,7.0,6.0,5.0,44.0,2.7,1,0,1.0,0,0.0,0
3151,3491,7.0,7.0,1.0,39.0,3.4,1,0,1.0,0,0.026598127409583255,0
3152,5933,5.0,4.0,3.0,31.5,3.2,0,0,1.0,0,0.029398942554088682,0
3153,19148,6.0,7.0,3.0,37.0,3.8,1,0,1.0,0,0.0,0
3154,5067,7.0,6.0,3.0,48.0,3.3,0,0,1.0,0,0.0,0
3155,1690,9.0,8.0,3.0,42.0,3.5,1,0,1.0,0,0.0,0
3156,20103,10.0,5.0,4.0,39.0,2.3,0,0,2.0,0,0.15,0
3157,5318,9.0,8.0,3.0,40.0,3.3,1,0,1.0,0,0.0,0
3158,20178,3.0,2.0,3.0,34.0,2.3,1,3,1.0,0,0.40457858986077505,1
3159,7311,4.0,3.0,3.0,35.0,3.2,1,2,1.0,0,0.05,0
3160,12930,4.0,3.0,3.0,44.0,3.7,1,0,1.0,0,0.0,0
3161,15521,7.0,5.0,4.0,28.0,3.1,1,0,2.0,0,0.28,0
3162,20132,1.0,1.0,3.0,43.0,2.3,0,0,1.0,0,0.16,1
3163,6958,5.0,4.0,4.0,32.0,3.2,0,0,1.0,0,0.04939894255408868,0
3164,13515,6.0,8.0,4.0,36.0,3.7,0,0,1.0,0,0.0,0
3165,17711,9.0,6.0,4.0,31.0,3.0,0,0,1.0,0,0.01,0
3166,9004,10.0,10.0,4.0,34.0,3.6,1,0,1.0,0,0.0,0
3167,1136,10.0,8.0,4.0,41.0,3.5,1,0,1.0,0,0.0,0
3168,7137,9.0,9.0,4.0,37.0,3.2,0,0,1.0,0,0.0,0
3169,774,9.0,7.0,1.0,42.0,3.5,0,0,1.0,0,0.0,0
3170,3595,5.0,6.0,5.0,33.0,3.4,1,0,1.0,0,0.009591102676699693,0
3171,7922,4.0,3.0,4.0,28.0,3.6,0,2,2.0,0,0.37,0
3172,9785,2.0,1.0,4.0,35.0,2.9,0,0,1.0,0,0.2824776311901758,1
3173,13452,9.0,9.0,4.0,36.0,3.7,1,0,2.0,0,0.0,0
3174,2908,10.0,10.0,3.0,38.0,3.4,1,0,1.0,0,0.0,0
3175,3980,10.0,9.0,3.0,36.5,3.3,1,0,1.0,0,0.0,0
3176,13183,10.0,9.0,3.0,45.0,3.7,1,0,1.0,0,0.0,0
3177,9610,1.0,2.0,2.0,24.0,2.9,0,1,1.0,0,0.39662595906528736,1
3178,16025,10.0,10.0,4.0,27.0,3.1,1,0,1.0,0,0.0,0
3179,14320,5.0,4.0,4.0,33.0,2.7,1,0,1.0,0,0.02,0
3180,20115,10.0,10.0,4.0,34.0,2.3,0,0,1.0,0,0.03,0
3181,2062,8.0,9.0,3.0,39.0,3.4,0,0,1.0,0,0.0,0
3182,1608,8.0,8.0,4.0,39.0,3.5,1,0,1.0,0,0.0,0
3183,1340,2.0,1.0,4.0,47.0,3.5,1,0,1.0,0,0.16,0
3184,18696,8.0,8.0,3.0,37.0,3.8,0,0,1.0,0,0.0,0
3185,1048,3.0,3.0,4.0,44.0,3.5,1,0,1.0,0,0.0,0
3186,3918,2.0,4.0,4.0,35.0,3.3,0,0,1.0,0,0.1,0
3187,8240,3.0,5.0,3.0,37.0,3.6,1,1,1.0,0,0.0,0
3188,7839,5.0,5.0,4.0,38.0,3.6,1,0,1.0,0,0.0,0
3189,6341,10.0,10.0,3.0,29.0,3.2,1,0,1.0,0,0.0,0
3190,15000,8.0,6.0,3.0,31.0,3.1,0,0,1.0,0,0.05796306474661977,0
3191,19692,9.0,8.0,4.0,32.0,2.5,1,0,1.0,0,0.0,0
3192,16419,5.0,5.0,4.0,29.0,3.0,1,4,1.0,0,0.25,1
3193,7078,9.0,7.0,3.0,34.0,3.2,1,0,1.0,0,0.07,0
3194,1363,8.0,7.0,4.0,38.0,3.5,0,0,1.0,0,0.08238201931610754,0
3195,208,10.0,10.0,5.0,48.0,3.5,1,0,1.0,0,0.0,0
3196,13339,3.0,3.0,3.0,37.0,3.7,1,0,1.0,0,0.0,0
3197,9952,7.0,5.0,4.0,31.0,2.9,1,0,1.0,0,0.11682910721648085,0
3198,20089,3.0,8.0,5.0,32.5,2.3,1,0,1.0,0,0.13,0
3199,6264,8.0,6.0,3.0,30.0,3.2,0,1,2.0,0,0.4,0
3200,19926,6.0,6.0,3.0,34.0,2.5,0,3,1.0,0,0.11,0
3201,12543,9.0,10.0,2.0,34.0,3.7,0,0,1.0,0,0.0,0
3202,2435,2.0,1.0,3.0,31.0,3.4,1,0,2.0,0,0.1483903286520921,1
3203,5284,5.0,6.0,4.0,42.0,3.3,0,0,1.0,0,0.0,0
3204,14107,4.0,9.0,3.0,32.0,2.7,0,0,1.0,0,0.057856087700649456,0
3205,19300,6.0,6.0,3.0,42.0,3.8,0,0,1.0,0,0.0,0
3206,11646,5.0,8.0,3.0,37.0,2.8,0,0,1.0,0,0.0,0
3207,7804,6.0,6.0,4.0,38.0,3.6,0,0,1.0,0,0.0,0
3208,8449,7.0,5.0,3.0,31.0,3.6,1,0,1.0,0,0.01,0
3209,13957,3.0,4.0,4.0,36.0,2.7,1,0,1.0,0,0.01,0
3210,9323,5.0,7.0,3.0,42.0,3.6,1,0,2.0,0,0.06,0
3211,9319,10.0,9.0,4.0,41.0,3.6,1,0,1.0,0,0.0,0
3212,1167,8.0,8.0,3.0,42.0,3.5,1,0,1.0,0,0.0,0
3213,11171,5.0,7.0,3.0,39.0,2.8,0,0,1.0,0,0.04489094408923714,0
3214,20215,5.0,4.0,2.0,36.0,2.3,1,0,1.0,0,0.05,0
3215,20036,4.0,3.0,5.0,32.0,2.5,0,0,1.0,0,0.12886604246986108,0
3216,16448,10.0,9.0,4.0,43.0,3.0,1,0,1.0,0,0.0,0
3217,2475,10.0,10.0,4.0,38.0,3.4,1,0,1.0,0,0.0,0
3218,289,6.0,7.0,3.0,35.0,3.5,1,0,1.0,0,0.09023525446828191,0
3219,6167,4.0,6.0,3.0,31.5,3.2,1,0,1.0,0,0.1613184625630351,0
3220,20250,6.0,4.0,5.0,41.0,2.3,0,0,1.0,0,0.02,1
3221,213,10.0,10.0,3.0,34.0,3.5,0,0,1.0,0,0.0,0
3222,17073,10.0,10.0,4.0,40.0,3.0,1,0,1.0,0,0.0,0
3223,604,6.0,7.0,4.0,28.0,3.5,1,0,1.0,0,0.0,0
3224,3546,6.0,5.0,4.0,45.0,3.4,0,0,1.0,0,0.0,0
3225,9866,10.0,9.0,5.0,36.0,2.9,1,0,1.0,0,0.0,0
3226,4122,2.0,3.0,3.0,40.0,3.3,0,0,1.0,0,0.0,0
3227,5403,4.0,4.0,3.0,46.0,3.3,0,0,1.0,0,0.0,0
3228,7337,4.0,3.0,3.0,37.0,3.2,0,0,1.0,0,0.008866042469861085,0
3229,6039,7.0,7.0,3.0,38.0,3.2,1,0,2.0,0,0.03,0
3230,8768,6.0,5.0,3.0,29.5,3.6,0,0,2.0,0,0.06,0
3231,9298,5.0,5.0,5.0,31.0,3.6,0,0,1.0,0,0.017227016511198682,0
3232,5635,4.0,4.0,3.0,32.0,3.2,0,0,2.0,0,0.21,0
3233,439,3.0,5.0,3.0,26.0,3.5,1,0,1.0,0,0.12,0
3234,15539,4.0,4.0,4.0,47.0,3.1,0,0,1.0,0,0.06075214113522089,0
3235,11464,6.0,8.0,5.0,36.0,2.8,0,3,2.0,0,0.01,0
3236,6652,7.0,5.0,5.0,39.0,3.2,1,0,1.0,0,0.0,0
3237,7331,6.0,6.0,4.0,44.0,3.2,1,0,1.0,0,0.0,0
3238,12104,6.0,3.0,4.0,29.0,3.9,1,0,1.0,0,0.2677892712061808,0
3239,9719,7.0,4.0,4.0,41.0,2.9,1,0,1.0,0,0.24458902381190714,0
3240,8335,3.0,6.0,5.0,36.0,3.6,1,0,1.0,0,0.03,0
3241,3537,1.0,2.0,3.0,43.0,3.4,0,0,1.0,0,0.0,0
3242,17830,10.0,10.0,3.0,38.0,3.0,1,0,1.0,0,0.0,0
3243,10298,10.0,10.0,4.0,40.0,2.9,1,0,1.0,0,0.0,0
3244,8927,4.0,3.0,3.0,34.0,3.6,1,0,1.0,0,0.0,0
3245,3177,6.0,6.0,4.0,35.0,3.4,1,0,1.0,0,0.08886604246986109,0
3246,11941,9.0,10.0,4.0,46.0,3.9,0,0,1.0,0,0.0,0
3247,15192,5.0,3.0,4.0,36.0,3.1,1,0,1.0,0,0.14940251562353665,0
3248,13025,1.0,1.0,4.0,27.0,3.7,1,0,1.0,0,0.32,0
3249,6814,6.0,4.0,3.0,36.0,3.2,1,0,1.0,0,0.03,0
3250,8715,6.0,9.0,4.0,37.0,3.6,0,0,1.0,0,0.01,0
3251,19832,3.0,5.0,2.0,47.0,2.5,1,0,2.0,0,0.2,0
3252,1417,9.0,9.0,4.0,39.0,3.5,0,0,1.0,0,0.0,0
3253,1332,3.0,3.0,3.0,28.0,3.5,1,4,1.0,0,0.34,0
3254,19640,3.0,2.0,4.0,37.0,2.5,1,0,1.0,0,0.06796306474661977,0
3255,19232,3.0,4.0,3.0,33.0,3.8,1,4,1.0,0,0.24773208493972215,0
3256,8535,9.0,9.0,5.0,45.0,3.6,1,0,1.0,0,0.0,0
3257,4479,6.0,5.0,4.0,38.0,3.3,1,0,1.0,0,0.0,0
3258,8667,7.0,2.0,3.0,35.0,3.6,1,0,1.0,0,0.05,1
3259,13465,10.0,10.0,4.0,38.0,3.7,1,0,1.0,0,0.0,0
3260,519,5.0,4.0,3.0,30.0,3.5,0,0,2.0,0,0.2388660424698611,0
3261,4738,5.0,5.0,3.0,34.5,3.3,0,0,1.0,0,0.01,0
3262,14388,7.0,7.0,3.0,36.0,2.7,1,0,1.0,0,0.01,0
3263,10971,7.0,10.0,2.0,33.0,2.8,0,2,1.0,0,0.0,0
3264,10299,3.0,2.0,3.0,33.0,2.9,1,3,1.0,0,0.14469877512283483,1
3265,5436,4.0,2.0,3.0,35.0,3.3,1,0,2.0,0,0.31796306474661973,1
3266,9792,6.0,2.0,4.0,37.0,2.9,1,0,1.0,0,0.12,1
3267,2182,10.0,9.0,4.0,41.0,3.4,0,0,1.0,0,0.0,0
3268,17236,10.0,10.0,4.0,47.0,3.0,0,0,1.0,0,0.0,0
3269,15146,6.0,4.0,4.0,33.0,3.1,1,0,1.0,0,0.02,0
3270,12779,1.0,1.0,3.0,40.5,3.7,0,1,1.0,0,0.029398942554088682,0
3271,14734,4.0,4.0,4.0,24.0,3.1,0,0,1.0,0,0.16,0
3272,962,6.0,5.0,4.0,38.5,3.5,0,0,1.0,0,0.01,0
3273,5862,10.0,9.0,2.0,40.0,3.2,1,0,1.0,0,0.04,0
3274,12920,6.0,6.0,4.0,39.0,3.7,0,0,1.0,0,0.0,0
3275,5288,10.0,10.0,3.0,37.5,3.3,1,0,1.0,0,0.0,0
3276,389,9.0,10.0,4.0,32.5,3.5,1,0,1.0,0,0.0,0
3277,2315,4.0,4.0,2.0,36.0,3.4,1,0,1.0,0,0.0,0
3278,9898,2.0,2.0,4.0,38.0,2.9,1,0,1.0,0,0.1737465526079661,1
3279,13053,10.0,10.0,4.0,32.0,3.7,1,0,1.0,0,0.0,0
3280,13716,9.0,10.0,5.0,45.0,3.7,1,0,1.0,0,0.0,0
3281,9559,9.0,9.0,4.0,46.0,2.9,1,0,1.0,0,0.0,0
3282,10958,8.0,4.0,3.0,22.0,2.8,1,3,1.0,0,0.33,1
3283,18310,6.0,5.0,3.0,33.0,2.6,1,0,1.0,0,0.02,0
3284,10247,7.0,8.0,3.0,31.0,2.9,0,0,1.0,0,0.04725637112195317,0
3285,7356,10.0,10.0,3.0,36.0,3.2,0,0,2.0,0,0.0,0
3286,16427,9.0,8.0,3.0,41.0,3.0,0,0,1.0,0,0.0,0
3287,1246,8.0,9.0,3.0,40.0,3.5,1,0,1.0,0,0.0,0
3288,17366,7.0,7.0,3.0,37.0,3.0,1,0,1.0,0,0.009398942554088683,0
3289,14779,7.0,8.0,5.0,42.0,3.1,1,4,1.0,0,0.0,0
3290,12748,3.0,2.0,3.0,40.0,3.7,1,0,1.0,0,0.06,0
3291,7098,7.0,7.0,3.0,36.0,3.2,1,0,1.0,0,0.0,0
3292,2704,5.0,5.0,4.0,35.0,3.4,1,0,1.0,0,0.0,0
3293,8425,4.0,4.0,2.0,31.0,3.6,1,0,1.0,0,0.07,0
3294,7130,7.0,8.0,4.0,32.0,3.2,1,0,2.0,0,0.04,0
3295,16683,8.0,7.0,2.0,46.0,3.0,1,0,1.0,0,0.03659812740958326,0
3296,12159,6.0,2.0,1.0,41.0,3.9,1,0,1.0,0,0.04,0
3297,15885,8.0,8.0,4.0,42.0,3.1,1,0,1.0,0,0.0,0
3298,4841,8.0,9.0,2.0,42.0,3.3,0,0,1.0,0,0.0,0
3299,4892,4.0,7.0,3.0,42.0,3.3,0,0,1.0,0,0.0,0
3300,1109,5.0,3.0,4.0,46.0,3.5,1,0,1.0,0,0.0,0
3301,9433,5.0,2.0,2.0,37.0,2.9,1,1,1.0,0,0.10939894255408868,0
3302,11836,1.0,2.0,4.0,37.0,3.9,1,0,1.0,0,0.45123594297686886,0
3303,15497,7.0,4.0,4.0,46.0,3.1,0,2,1.0,0,0.04,0
3304,4685,5.0,8.0,4.0,44.0,3.3,1,0,1.0,0,0.0,0
3305,1291,8.0,6.0,2.0,35.0,3.5,1,3,1.0,0,0.0,0
3306,8780,8.0,7.0,4.0,43.0,3.6,1,0,1.0,0,0.0,0
3307,9431,1.0,1.0,3.0,36.0,2.9,0,0,1.0,0,0.2690891022397337,0
3308,1613,3.0,4.0,2.0,43.0,3.5,0,0,1.0,0,0.0,0
3309,19336,2.0,5.0,2.0,22.0,3.8,0,0,2.0,0,0.31,1
3310,2825,5.0,6.0,4.0,33.0,3.4,1,0,1.0,0,0.009591102676699693,0
3311,12509,3.0,2.0,2.0,38.0,3.7,1,4,1.0,0,0.26,0
3312,1389,10.0,9.0,4.0,41.0,3.5,1,0,1.0,0,0.0,0
3313,9468,5.0,6.0,4.0,39.0,2.9,0,0,1.0,0,0.0,0
3314,12416,7.0,4.0,3.0,42.0,3.7,1,0,1.0,0,0.01,0
3315,19953,1.0,2.0,4.0,38.0,2.5,1,3,1.0,0,0.1883903286520921,0
3316,3897,6.0,7.0,4.0,41.0,3.3,0,0,1.0,0,0.0,0
3317,520,3.0,3.0,2.0,35.0,3.5,0,0,1.0,0,0.1388660424698611,0
3318,13972,8.0,6.0,2.0,34.0,2.7,1,0,1.0,0,0.14,0
3319,5228,5.0,5.0,5.0,42.0,3.3,0,0,1.0,0,0.02,0
3320,10275,5.0,1.0,4.0,34.0,2.9,1,1,1.0,0,0.32796306474661974,0
3321,13276,4.0,5.0,4.0,42.0,3.7,0,2,1.0,0,0.0,0
3322,15840,5.0,5.0,4.0,40.0,3.1,1,0,1.0,0,0.0,0
3323,4105,7.0,9.0,3.0,40.0,3.3,0,0,1.0,0,0.0,0
3324,723,6.0,8.0,4.0,39.0,3.5,0,0,1.0,0,0.0,0
3325,7826,8.0,9.0,4.0,38.0,3.6,0,2,1.0,0,0.0,0
3326,2873,8.0,5.0,5.0,45.0,3.4,1,0,1.0,0,0.01,0
3327,14086,3.0,4.0,3.0,28.0,2.7,1,3,1.0,0,0.2489900452307884,0
3328,7039,2.0,5.0,4.0,44.0,3.2,0,0,1.0,0,0.038866042469861084,0
3329,13078,5.0,9.0,5.0,44.0,3.7,0,0,1.0,0,0.02,0
3330,1403,8.0,8.0,3.0,23.0,3.5,1,3,1.0,0,0.05,0
3331,8321,2.0,2.0,3.0,22.7,3.6,1,0,1.0,0,0.48,1
3332,14069,6.0,1.0,4.0,32.0,2.7,1,0,2.0,0,0.43,1
3333,17022,8.0,8.0,3.0,39.0,3.0,0,0,1.0,0,0.0,0
3334,9049,5.0,3.0,3.0,42.0,3.6,0,0,1.0,0,0.02,0
3335,16656,6.0,5.0,3.0,38.0,3.0,1,0,1.0,0,0.0,0
3336,6198,8.0,8.0,3.0,44.0,3.2,1,0,1.0,0,0.0,0
3337,9455,7.0,7.0,3.0,29.0,2.9,0,0,1.0,0,0.05826498502394977,0
3338,10750,9.0,8.0,4.0,42.0,2.8,1,0,1.0,0,0.0,0
3339,3449,10.0,10.0,4.0,38.0,3.4,0,0,1.0,0,0.0,0
3340,12433,9.0,9.0,3.0,38.0,3.7,0,0,1.0,0,0.0,0
3341,11003,7.0,5.0,4.0,23.7,2.8,1,0,2.0,0,0.11,1
3342,10408,10.0,10.0,4.0,38.0,2.9,1,0,1.0,0,0.0,0
3343,14578,6.0,4.0,4.0,41.0,2.7,0,0,1.0,0,0.04,0
3344,9957,7.0,7.0,4.0,34.0,2.9,0,0,1.0,0,0.08357237514768495,0
3345,6498,4.0,7.0,3.0,33.0,3.2,0,0,1.0,0,0.11826498502394976,0
3346,4052,8.0,9.0,4.0,38.0,3.3,0,0,1.0,0,0.018866042469861087,0
3347,147,5.0,4.0,4.0,39.0,3.5,1,0,1.0,0,0.14984744451924464,0
3348,7251,7.0,8.0,4.0,46.0,3.2,1,0,1.0,0,0.0,0
3349,16769,3.0,3.0,4.0,34.0,3.0,1,0,1.0,0,0.07796306474661976,0
3350,4901,9.0,10.0,2.0,37.0,3.3,0,0,1.0,0,0.0,0
3351,17318,6.0,3.0,3.0,31.5,3.0,1,0,1.0,0,0.17,0
3352,19731,4.0,5.0,4.0,36.0,2.5,1,0,1.0,0,0.03,0
3353,13320,9.0,10.0,3.0,37.0,3.7,1,0,1.0,0,0.0,0
3354,12728,7.0,5.0,5.0,43.0,3.7,1,0,1.0,0,0.0,0
3355,11283,10.0,8.0,4.0,47.0,2.8,1,0,1.0,0,0.0,0
3356,1582,8.0,6.0,5.0,47.0,3.5,1,0,1.0,0,0.0,0
3357,13815,4.0,2.0,2.0,28.0,2.7,0,3,2.0,0,0.14,1
3358,16052,8.0,5.0,4.0,35.0,3.1,1,0,1.0,0,0.01,0
3359,4134,9.0,8.0,4.0,28.3,3.3,0,0,1.0,0,0.01,0
3360,13359,9.0,8.0,4.0,44.0,3.7,1,0,1.0,0,0.0,0
3361,1889,5.0,7.0,4.0,27.0,3.4,0,0,2.0,0,0.06,0
3362,7705,2.0,1.0,1.0,30.0,2.4,0,1,1.0,0,0.42,0
3363,2922,10.0,9.0,3.0,37.0,3.4,0,0,1.0,0,0.0,0
3364,10800,7.0,6.0,3.0,47.0,2.8,1,2,1.0,0,0.0,0
3365,10382,6.0,5.0,3.0,33.0,2.9,1,0,1.0,0,0.04,0
3366,19362,2.0,2.0,1.0,38.0,3.8,1,0,1.0,0,0.04886604246986108,0
3367,2687,3.0,1.0,4.0,41.0,3.4,0,0,1.0,0,0.19,1
3368,16573,2.0,3.0,2.0,37.0,3.0,1,2,1.0,0,0.02,0
3369,2787,4.0,4.0,3.0,45.0,3.4,1,0,1.0,0,0.0,0
3370,18866,6.0,6.0,4.0,32.0,3.8,1,0,1.0,0,0.04879788510817736,0
3371,17062,9.0,8.0,4.0,45.0,3.0,0,0,1.0,0,0.0,0
3372,13299,9.0,9.0,3.0,42.0,3.7,0,2,1.0,0,0.0,0
3373,15073,8.0,6.0,4.0,36.0,3.1,1,0,1.0,0,0.05778927120618077,0
3374,1727,7.0,8.0,3.0,37.0,3.5,0,0,1.0,0,0.0,0
3375,214,7.0,6.0,4.0,46.0,3.5,1,0,1.0,0,0.0,0
3376,18,3.0,6.0,3.0,32.0,3.5,0,0,1.0,0,0.02,0
3377,13343,8.0,3.0,3.0,37.0,3.7,0,0,2.0,0,0.1,1
3378,4763,10.0,10.0,4.0,33.7,3.3,1,0,1.0,0,0.0,0
3379,5292,4.0,3.0,4.0,35.0,3.3,0,0,1.0,0,0.1864455719288279,0
3380,11761,8.0,8.0,3.0,39.0,3.9,0,0,1.0,0,0.0,0
3381,380,10.0,9.0,3.0,34.0,3.5,0,0,1.0,0,0.0,0
3382,20027,6.0,6.0,4.0,36.0,2.5,1,0,1.0,0,0.029690159685645014,0
3383,15445,7.0,9.0,2.0,37.0,3.1,1,0,1.0,0,0.0,0
3384,8568,4.0,4.0,5.0,39.0,3.6,0,0,1.0,0,0.03,0
3385,4936,5.0,6.0,3.0,37.0,3.3,1,0,1.0,0,0.027323187616421864,0
3386,15222,6.0,5.0,3.0,39.0,3.1,0,0,1.0,0,0.0,0
3387,11215,5.0,3.0,3.0,40.0,2.8,1,0,1.0,0,0.0,0
3388,13362,5.0,6.0,3.0,39.0,3.7,1,0,1.0,0,0.01,0
3389,16835,7.0,6.0,3.0,40.0,3.0,0,0,1.0,0,0.028797885108177365,0
3390,11075,3.0,2.0,3.0,35.0,2.8,0,3,1.0,0,0.1553250720473282,0
3391,18417,6.0,5.0,4.0,43.0,2.6,1,0,1.0,0,0.0,0
3392,6215,7.0,8.0,4.0,35.0,3.2,1,0,1.0,0,0.01,0
3393,8038,3.0,3.0,3.0,37.0,3.6,1,0,1.0,0,0.0,0
3394,9351,7.0,8.0,4.0,37.0,3.6,1,0,1.0,0,0.0,0
3395,16842,1.0,3.0,3.0,39.0,3.0,1,0,1.0,0,0.10899004523078837,0
3396,16583,5.0,3.0,5.0,41.0,3.0,1,0,1.0,0,0.0,0
3397,18115,10.0,3.0,3.0,33.0,2.6,1,0,2.0,0,0.28,1
3398,19439,5.0,7.0,1.0,30.0,3.8,1,0,1.0,0,0.02,1
3399,381,8.0,6.0,3.0,28.0,3.5,0,0,1.0,0,0.22,0
3400,1339,3.0,2.0,4.0,32.0,3.5,0,0,1.0,0,0.4714889045121468,1
3401,1845,9.0,4.0,3.0,43.0,3.4,1,0,1.0,0,0.03,0
3402,15505,10.0,9.0,1.0,41.0,3.1,0,1,1.0,0,0.0,0
3403,13625,4.0,5.0,3.0,35.0,3.7,0,0,1.0,0,0.0,0
3404,7369,2.0,3.0,3.0,35.0,3.2,1,0,1.0,0,0.22796306474661976,0
3405,14283,1.0,3.0,4.0,29.5,2.7,1,2,1.0,0,0.41,0
3406,14622,4.0,4.0,4.0,33.0,3.1,0,0,1.0,0,0.28085947826643837,0
3407,1032,7.0,5.0,3.0,37.0,3.5,1,0,1.0,0,0.1,0
3408,8389,10.0,8.0,3.0,39.0,3.6,0,0,1.0,0,0.0,0
3409,18016,3.0,2.0,3.0,35.0,2.6,1,0,1.0,0,0.055325072047328214,0
3410,18293,6.0,6.0,4.0,37.0,2.6,1,0,1.0,0,0.01,0
3411,15066,8.0,5.0,3.0,44.0,3.1,0,0,2.0,0,0.06,0
3412,9948,6.0,7.0,3.0,44.0,2.9,1,0,1.0,0,0.0,0
3413,5646,6.0,7.0,4.0,41.0,3.2,0,0,1.0,0,0.0,0
3414,3394,2.0,4.0,4.0,35.5,3.4,0,0,1.0,0,0.02,0
3415,5458,8.0,7.0,3.0,39.0,3.3,0,0,1.0,0,0.0,0
3416,2739,3.0,4.0,4.0,41.0,3.4,0,0,1.0,0,0.0,0
3417,7012,9.0,8.0,4.0,33.0,3.2,1,0,1.0,0,0.02,0
3418,1198,8.0,5.0,4.0,32.0,3.5,0,0,1.0,0,0.02722701651119868,0
3419,9219,9.0,9.0,4.0,35.0,3.6,0,0,1.0,0,0.0,0
3420,16933,9.0,9.0,4.0,39.0,3.0,0,0,2.0,0,0.0,0
3421,18073,3.0,2.0,2.0,33.5,2.6,0,4,1.0,0,0.19,1
3422,46,10.0,9.0,4.0,37.0,3.5,1,0,1.0,0,0.0,0
3423,6864,10.0,9.0,3.0,39.0,3.2,1,0,1.0,0,0.0,0
3424,10175,9.0,9.0,4.0,42.0,2.9,1,0,1.0,0,0.0,0
3425,18191,4.0,4.0,4.0,37.0,2.6,1,0,1.0,0,0.28,0
3426,17783,5.0,5.0,3.0,37.0,3.0,1,0,1.0,0,0.03,0
3427,18575,6.0,5.0,2.0,25.5,2.6,0,3,1.0,0,0.09,0
3428,17268,8.0,8.0,4.0,33.0,3.0,0,0,1.0,0,0.0,0
3429,138,10.0,10.0,4.0,42.0,3.5,0,0,1.0,0,0.0,0
3430,8655,8.0,5.0,3.0,36.0,3.6,0,0,1.0,0,0.26,0
3431,2510,8.0,4.0,4.0,30.0,3.4,0,0,1.0,0,0.13,1
3432,1880,5.0,3.0,3.0,32.5,3.4,1,0,1.0,0,0.03,0
3433,18668,8.0,9.0,4.0,27.0,3.8,0,0,1.0,0,0.03,0
3434,14324,5.0,4.0,3.0,39.0,2.7,1,0,1.0,0,0.15519008125781844,1
3435,16623,6.0,8.0,3.0,31.5,3.0,1,0,1.0,0,0.038866042469861084,0
3436,13449,10.0,10.0,4.0,37.0,3.7,0,0,1.0,0,0.0,0
3437,7732,2.0,5.0,4.0,29.0,2.4,1,2,1.0,0,0.14,0
3438,4071,9.0,6.0,5.0,43.0,3.3,0,0,1.0,0,0.0,0
3439,8199,4.0,2.0,3.0,35.0,3.6,1,0,1.0,0,0.02,0
3440,17794,7.0,6.0,5.0,32.0,3.0,1,0,1.0,0,0.11,0
3441,15057,7.0,5.0,3.0,36.0,3.1,0,0,2.0,0,0.03,0
3442,19014,9.0,9.0,4.0,40.0,3.8,1,0,1.0,0,0.0,0
3443,11162,1.0,1.0,3.0,38.0,2.8,1,0,1.0,0,0.45374655260796615,0
3444,17322,6.0,6.0,3.0,26.0,3.0,0,0,2.0,0,0.34,0
3445,12495,1.0,2.0,5.0,47.0,3.7,1,0,1.0,0,0.0,0
3446,808,9.0,9.0,4.0,48.0,3.5,1,0,1.0,0,0.0,0
3447,10620,10.0,9.0,4.0,47.0,2.9,1,0,1.0,0,0.0,0
3448,8637,6.0,3.0,3.0,42.0,3.6,1,0,1.0,0,0.08,0
3449,8941,10.0,9.0,2.0,45.0,3.6,1,4,1.0,0,0.0,0
3450,3180,1.0,1.0,3.0,20.0,3.4,0,3,1.0,0,0.41,1
3451,16262,1.0,1.0,5.0,42.5,3.1,0,0,1.0,0,0.03,0
3452,19628,10.0,10.0,4.0,26.0,2.5,1,0,1.0,0,0.0,0
3453,16925,1.0,2.0,3.0,29.0,3.0,0,0,1.0,0,0.17,1
3454,8358,7.0,8.0,4.0,43.0,3.6,0,0,1.0,0,0.0,0
3455,15956,10.0,10.0,3.0,39.0,3.1,1,1,1.0,0,0.0,0
3456,4414,2.0,1.0,3.0,35.0,3.3,0,0,1.0,0,0.2221725458459811,0
3457,7272,7.0,8.0,3.0,35.0,3.2,1,0,1.0,0,0.0,0
3458,10566,9.0,9.0,3.0,28.0,2.9,0,0,2.0,0,0.01,0
3459,6801,8.0,7.0,3.0,43.0,3.2,0,0,1.0,0,0.0,0
3460,9137,8.0,6.0,4.0,37.0,3.6,1,0,1.0,0,0.007963064746619765,0
3461,11505,10.0,9.0,4.0,40.0,2.8,1,0,1.0,0,0.0,0
3462,6738,2.0,1.0,4.0,41.0,3.2,1,2,1.0,0,0.04939894255408868,0
3463,9587,10.0,10.0,2.0,35.0,2.9,1,0,2.0,0,0.0,0
3464,9297,2.0,1.0,4.0,42.0,3.6,1,0,1.0,0,0.09,0
3465,17120,2.0,2.0,4.0,39.0,3.0,1,0,1.0,0,0.01,1
3466,12528,10.0,9.0,3.0,34.0,3.7,1,0,1.0,0,0.0,0
3467,1153,10.0,9.0,4.0,32.0,3.5,1,0,1.0,0,0.0,0
3468,19472,2.0,2.0,4.0,39.0,3.8,1,0,1.0,0,0.037256371121953166,0
3469,3309,5.0,5.0,3.0,40.0,3.4,0,0,1.0,0,0.01,0
3470,9293,7.0,4.0,3.0,38.0,3.6,0,0,1.0,0,0.06,0
3471,11690,2.0,2.0,4.0,27.5,2.8,0,1,1.0,0,0.19,0
3472,4051,6.0,5.0,3.0,35.3,3.3,1,4,1.0,0,0.01,1
3473,13962,5.0,6.0,4.0,36.0,2.7,0,0,1.0,0,0.04,0
3474,5827,7.0,5.0,3.0,36.0,3.2,1,0,1.0,0,0.01,0
3475,16940,7.0,7.0,2.0,36.0,3.0,1,0,1.0,0,0.0,0
3476,12778,5.0,5.0,4.0,44.0,3.7,0,0,1.0,0,0.0,0
3477,18168,8.0,9.0,4.0,45.0,2.6,1,0,1.0,0,0.0,0
3478,16170,9.0,9.0,4.0,28.0,3.1,1,0,1.0,0,0.01,1
3479,8591,9.0,9.0,4.0,34.0,3.6,1,0,1.0,0,0.0,0
3480,16741,9.0,7.0,4.0,38.0,3.0,0,0,1.0,0,0.07,0
3481,3659,8.0,8.0,3.0,34.5,3.3,1,0,1.0,0,0.0,0
3482,5971,6.0,8.0,4.0,30.0,3.2,0,0,1.0,0,0.0,0
3483,1709,1.0,3.0,4.0,44.0,3.5,0,0,1.0,0,0.03,0
3484,14927,10.0,10.0,4.0,40.0,3.1,1,0,1.0,0,0.0,0
3485,6073,8.0,9.0,2.0,45.0,3.2,1,0,1.0,0,0.01,0
3486,13341,2.0,3.0,3.0,38.0,3.7,1,0,1.0,0,0.0,0
3487,5317,9.0,9.0,4.0,33.0,3.3,0,0,1.0,0,0.0,0
3488,8046,6.0,5.0,3.0,30.5,3.6,0,0,1.0,0,0.029398942554088682,0
3489,7549,8.0,8.0,4.0,36.5,2.4,0,0,2.0,0,0.03,0
3490,14521,5.0,3.0,4.0,44.0,2.7,1,0,1.0,0,0.02,1
3491,15652,8.0,10.0,4.0,38.0,3.1,1,0,1.0,0,0.04,0
3492,17736,7.0,6.0,3.0,39.0,3.0,0,0,1.0,0,0.05,0
3493,7215,4.0,4.0,3.0,35.0,3.2,1,2,1.0,0,0.01,0
3494,4616,5.0,5.0,4.0,48.0,3.3,0,0,1.0,0,0.0,0
3495,8664,10.0,10.0,3.0,45.0,3.6,0,0,2.0,0,0.0,0
3496,13889,5.0,4.0,3.0,28.0,2.7,0,3,2.0,0,0.37,0
3497,12774,5.0,3.0,1.0,25.0,3.7,0,3,1.0,0,0.24,1
3498,6365,5.0,8.0,4.0,36.0,3.2,1,0,1.0,0,0.0,0
3499,6693,5.0,7.0,3.0,33.0,3.2,1,0,1.0,0,0.05939894255408868,0
3500,19338,7.0,6.0,4.0,39.0,3.8,0,0,1.0,0,0.0,0
3501,2786,9.0,7.0,2.0,35.0,3.4,0,0,1.0,0,0.0,0
3502,7171,5.0,4.0,3.0,34.0,3.2,1,0,1.0,0,0.019398942554088684,0
3503,5006,10.0,10.0,3.0,41.0,3.3,1,0,1.0,0,0.0,0
3504,8207,8.0,7.0,5.0,38.0,3.6,1,0,1.0,0,0.008866042469861085,0
3505,447,2.0,3.0,2.0,36.0,3.5,0,2,1.0,0,0.06,0
3506,2835,7.0,9.0,3.0,36.0,3.4,0,0,2.0,0,0.02,0
3507,4404,8.0,9.0,4.0,35.0,3.3,1,0,1.0,0,0.0,0
3508,15628,6.0,6.0,4.0,41.0,3.1,0,0,1.0,0,0.01,0
3509,13228,1.0,2.0,3.0,36.0,3.7,1,4,1.0,0,0.4087948331791902,1
3510,19984,8.0,8.0,3.0,41.0,2.5,1,0,1.0,0,0.0,0
3511,3977,5.0,3.0,4.0,36.0,3.3,1,0,1.0,0,0.15103724744862712,0
3512,9011,6.0,8.0,2.0,35.7,3.6,0,0,1.0,0,0.0,0
3513,2551,10.0,10.0,2.0,35.0,3.4,1,3,1.0,0,0.0,0
3514,393,3.0,3.0,4.0,44.0,3.5,1,0,1.0,0,0.0,0
3515,18013,4.0,5.0,3.0,30.0,2.6,1,0,1.0,0,0.0,0
3516,14564,7.0,2.0,3.0,34.0,2.7,1,3,1.0,0,0.2488660424698611,1
3517,15963,3.0,4.0,3.0,40.0,3.1,1,0,1.0,0,0.0,0
3518,566,8.0,8.0,2.0,40.0,3.5,0,0,1.0,0,0.0,0
3519,7875,3.0,4.0,2.0,42.0,3.6,1,0,1.0,0,0.0,0
3520,15594,1.0,1.0,3.0,43.0,3.1,0,2,1.0,0,0.4878560877006495,0
3521,11869,5.0,3.0,4.0,28.0,3.9,0,4,1.0,0,0.2577892712061808,0
3522,18002,4.0,1.0,4.0,40.0,2.6,0,0,1.0,0,0.15,1
3523,1172,3.0,3.0,4.0,31.0,3.5,1,0,1.0,0,0.4493989425540887,0
3524,7231,6.0,10.0,1.0,37.0,3.2,0,0,1.0,0,0.04,0
3525,1326,5.0,3.0,3.0,41.0,3.5,0,0,1.0,0,0.08,0
3526,1947,4.0,3.0,3.0,42.0,3.4,0,0,1.0,0,0.31,0
3527,11951,10.0,10.0,4.0,39.0,3.9,0,0,1.0,0,0.0,0
3528,1299,4.0,3.0,4.0,34.0,3.5,1,0,1.0,0,0.0,0
3529,14741,2.0,2.0,4.0,36.0,3.1,0,0,1.0,0,0.04959110267669969,0
3530,4003,4.0,4.0,4.0,32.0,3.3,0,0,1.0,0,0.20544642310036337,0
3531,12540,3.0,6.0,3.0,38.0,3.7,0,0,2.0,0,0.03,0
3532,9150,4.0,6.0,4.0,47.0,3.6,1,1,1.0,0,0.0,0
3533,3025,2.0,2.0,4.0,34.0,3.4,1,0,1.0,0,0.16,1
3534,897,4.0,3.0,3.0,34.0,3.5,0,2,1.0,0,0.008866042469861085,0
3535,256,10.0,10.0,1.0,38.0,3.5,0,0,2.0,0,0.0,0
3536,3617,2.0,3.0,4.0,34.5,3.3,0,0,1.0,0,0.15,0
3537,2093,10.0,10.0,4.0,40.0,3.4,0,0,1.0,0,0.0,0
3538,15780,5.0,1.0,4.0,29.5,3.1,0,2,1.0,0,0.24,1
3539,6536,3.0,4.0,4.0,43.0,3.2,1,0,1.0,0,0.0,1
3540,1516,9.0,8.0,3.0,36.0,3.5,0,0,1.0,0,0.0,0
3541,4752,9.0,9.0,4.0,38.0,3.3,0,0,1.0,0,0.0,0
3542,14563,6.0,7.0,3.0,34.0,2.7,1,0,2.0,0,0.1,0
3543,1469,3.0,1.0,4.0,34.0,3.5,1,0,1.0,0,0.42,1
3544,1346,7.0,5.0,2.0,35.0,3.5,1,0,1.0,0,0.2,1
3545,9846,4.0,2.0,4.0,33.0,2.9,0,0,1.0,0,0.05,0
3546,16252,6.0,5.0,2.0,29.0,3.1,0,3,1.0,0,0.21,0
3547,3953,6.0,6.0,4.0,33.0,3.3,0,0,1.0,0,0.0,0
3548,14157,3.0,1.0,4.0,39.0,2.7,1,0,1.0,0,0.21,1
3549,3149,9.0,10.0,4.0,31.0,3.4,1,0,1.0,0,0.0,0
3550,6867,6.0,5.0,4.0,41.0,3.2,0,2,1.0,0,0.0,0
3551,2710,5.0,1.0,4.0,33.5,3.4,1,0,1.0,0,0.21,0
3552,16336,2.0,2.0,3.0,35.0,3.1,1,0,1.0,0,0.208903107688101,1
3553,13310,9.0,7.0,4.0,37.0,3.7,0,0,1.0,0,0.0,0
3554,2141,8.0,8.0,2.0,32.0,3.4,1,0,1.0,0,0.03,0
3555,12763,7.0,8.0,3.0,37.0,3.7,1,0,1.0,0,0.0,0
3556,13896,3.0,4.0,3.0,36.0,2.7,0,3,1.0,0,0.032540787724602026,0
3557,996,10.0,10.0,4.0,34.0,3.5,0,0,1.0,0,0.0,0
3558,13166,1.0,1.0,4.0,37.0,3.7,1,0,1.0,0,0.45939894255408864,0
3559,17338,6.0,8.0,5.0,39.0,3.0,1,0,1.0,0,0.02,0
3560,15837,6.0,6.0,3.0,37.5,3.1,0,0,1.0,0,0.0,0
3561,4548,7.0,9.0,2.0,36.0,3.3,1,0,1.0,0,0.0,0
3562,6971,4.0,6.0,4.0,38.0,3.2,1,0,2.0,0,0.24,0
3563,9345,9.0,9.0,4.0,36.0,3.6,0,0,1.0,0,0.0,0
3564,4265,6.0,8.0,4.0,40.0,3.3,1,0,2.0,0,0.16,0
3565,9856,4.0,2.0,3.0,23.0,2.9,0,3,1.0,0,0.49,1
3566,6036,5.0,6.0,4.0,42.5,3.2,1,0,1.0,0,0.0,0
3567,3839,5.0,5.0,3.0,34.0,3.3,0,0,1.0,0,0.0,0
3568,5434,10.0,9.0,4.0,44.0,3.3,1,0,1.0,0,0.0,0
3569,15947,10.0,10.0,4.0,37.0,3.1,1,0,1.0,0,0.0,0
3570,2890,10.0,10.0,5.0,42.0,3.4,1,0,1.0,0,0.0,0
3571,19977,4.0,5.0,4.0,28.0,2.5,1,0,1.0,0,0.08,0
3572,5389,9.0,9.0,2.0,35.0,3.3,0,0,1.0,0,0.0,0
3573,10211,5.0,7.0,3.0,35.0,2.9,1,0,1.0,0,0.02,0
3574,7835,6.0,7.0,3.0,38.0,3.6,0,1,1.0,0,0.0,0
3575,8433,6.0,6.0,4.0,48.0,3.6,1,0,1.0,0,0.0,0
3576,7066,10.0,10.0,4.0,36.0,3.2,0,0,2.0,0,0.0,0
3577,12503,5.0,6.0,5.0,44.0,3.7,1,0,1.0,0,0.01,0
3578,803,8.0,7.0,1.0,33.5,3.5,0,0,1.0,0,0.0,0
3579,10146,8.0,9.0,4.0,40.0,2.9,1,0,1.0,0,0.0,0
3580,15417,2.0,2.0,4.0,35.0,3.1,1,0,1.0,0,0.11377552329887845,0
3581,17108,5.0,6.0,3.0,31.0,3.0,0,0,1.0,0,0.05509409224043061,0
3582,18699,8.0,8.0,4.0,32.0,3.8,0,0,1.0,0,0.0,0
3583,16744,8.0,7.0,3.0,32.0,3.0,0,0,1.0,0,0.026441347653874115,0
3584,19860,5.0,5.0,5.0,35.0,2.5,1,0,1.0,0,0.19,0
3585,446,10.0,10.0,4.0,37.0,3.5,0,0,1.0,0,0.0,0
3586,4819,5.0,3.0,3.0,39.0,3.3,1,4,2.0,0,0.15,0
3587,2209,6.0,6.0,4.0,42.0,3.4,1,0,1.0,0,0.0,0
3588,16948,7.0,4.0,4.0,29.0,3.0,1,0,2.0,0,0.17,0
3589,1829,3.0,3.0,3.0,38.0,3.4,0,0,1.0,0,0.0,0
3590,6973,6.0,4.0,4.0,35.0,3.2,0,0,1.0,0,0.06,0
3591,14590,8.0,7.0,4.0,39.0,2.7,0,0,1.0,0,0.0,0
3592,7960,7.0,4.0,3.0,39.0,3.6,1,0,1.0,0,0.07,0
3593,17977,2.0,2.0,4.0,36.0,3.0,1,0,1.0,0,0.16208288214752625,0
3594,10852,4.0,4.0,3.0,32.0,2.8,1,3,1.0,0,0.2763453586364863,0
3595,6673,3.0,5.0,4.0,42.0,3.2,0,0,1.0,0,0.01,0
3596,9413,2.0,1.0,4.0,30.0,2.9,1,0,1.0,0,0.06886604246986108,1
3597,8285,7.0,3.0,4.0,30.0,3.6,1,1,1.0,0,0.08886604246986109,0
3598,3161,6.0,6.0,2.0,34.0,3.4,0,0,2.0,0,0.15170961735458588,0
3599,1887,3.0,3.0,4.0,36.0,3.4,1,0,1.0,0,0.19,1
3600,5382,4.0,4.0,3.0,33.0,3.3,0,0,1.0,0,0.018866042469861087,0
3601,15009,10.0,10.0,4.0,40.0,3.1,1,0,1.0,0,0.0,0
3602,151,4.0,2.0,3.0,39.0,3.5,1,0,1.0,0,0.02,1
3603,11589,5.0,4.0,4.0,32.5,2.8,1,1,1.0,0,0.1888660424698611,0
3604,15342,9.0,5.0,4.0,39.0,3.1,1,0,1.0,0,0.08,0
3605,8595,2.0,3.0,3.0,39.5,3.6,0,2,1.0,0,0.11,0
3606,1093,7.0,7.0,4.0,33.0,3.5,1,0,1.0,0,0.0,0
3607,19757,6.0,3.0,1.0,40.0,2.5,0,1,1.0,0,0.2,0
3608,2586,4.0,4.0,4.0,30.0,3.4,0,0,1.0,0,0.04,0
3609,3066,10.0,10.0,3.0,43.0,3.4,0,0,1.0,0,0.0,0
3610,11107,2.0,4.0,4.0,38.0,2.8,0,0,1.0,0,0.06516484177923638,0
3611,7957,4.0,4.0,4.0,41.0,3.6,0,0,1.0,0,0.0,0
3612,3320,5.0,2.0,3.0,31.0,3.4,0,2,1.0,0,0.07722701651119868,0
3613,1857,4.0,5.0,3.0,36.0,3.4,1,0,2.0,0,0.141912211428329,0
3614,19345,4.0,6.0,3.0,35.0,3.8,1,0,1.0,0,0.0,0
3615,819,8.0,7.0,3.0,37.0,3.5,0,0,1.0,0,0.05034890847590542,0
3616,5500,4.0,4.0,4.0,35.0,2.2,1,0,1.0,0,0.04,0
3617,11526,9.0,8.0,3.0,43.0,2.8,1,0,1.0,0,0.0,0
3618,1059,3.0,8.0,3.0,44.0,3.5,0,1,1.0,0,0.0,0
3619,13491,6.0,5.0,3.0,42.0,3.7,0,0,1.0,0,0.01,0
3620,47,4.0,4.0,4.0,32.0,3.5,0,0,1.0,0,0.23,0
3621,19790,3.0,3.0,4.0,28.0,2.5,0,2,1.0,0,0.2488660424698611,0
3622,533,7.0,8.0,4.0,46.0,3.5,0,0,1.0,0,0.0,0
3623,8791,1.0,1.0,3.0,46.0,3.6,1,0,1.0,0,0.04,0
3624,13909,5.0,4.0,2.0,39.0,2.7,1,3,1.0,0,0.27796306474661975,0
3625,17269,2.0,1.0,4.0,35.0,3.0,1,0,1.0,0,0.08509409224043062,0
3626,10133,7.0,7.0,3.0,35.5,2.9,0,0,1.0,0,0.1,0
3627,9753,8.0,9.0,4.0,31.0,2.9,0,0,1.0,0,0.0,0
3628,12420,7.0,8.0,4.0,35.0,3.7,1,0,1.0,0,0.0,0
3629,5547,10.0,10.0,4.0,39.0,2.2,0,3,1.0,0,0.0,0
3630,17428,4.0,3.0,4.0,39.0,3.0,1,0,1.0,0,0.05,0
3631,2332,2.0,2.0,4.0,47.0,3.4,1,0,1.0,0,0.0,0
3632,8474,7.0,9.0,4.0,47.0,3.6,0,0,1.0,0,0.0,0
3633,9615,4.0,2.0,3.0,36.0,2.9,1,0,1.0,0,0.01,0
3634,7226,7.0,7.0,3.0,31.0,3.2,1,2,1.0,0,0.03892619991465243,0
3635,9726,6.0,6.0,3.0,36.0,2.9,0,0,2.0,0,0.3,0
3636,17517,5.0,3.0,4.0,33.5,3.0,1,0,1.0,0,0.24374655260796613,0
3637,4883,10.0,10.0,4.0,30.0,3.3,1,0,2.0,0,0.0,0
3638,5197,5.0,5.0,4.0,38.0,3.3,1,2,1.0,0,0.0,0
3639,5958,6.0,5.0,4.0,31.0,3.2,0,0,1.0,0,0.029398942554088682,0
3640,17102,8.0,7.0,1.0,23.0,3.0,1,3,1.0,0,0.04,0
3641,9543,2.0,2.0,4.0,32.0,2.9,1,0,1.0,0,0.1847921719631006,0
3642,9688,6.0,1.0,4.0,36.0,2.9,0,0,1.0,0,0.2788660424698611,1
3643,8654,5.0,7.0,4.0,47.0,3.6,0,4,1.0,0,0.0,0
3644,3969,9.0,9.0,2.0,41.5,3.3,1,2,1.0,0,0.0,0
3645,15800,2.0,2.0,3.0,30.0,3.1,1,0,1.0,0,0.09142980371554944,0
3646,6279,7.0,5.0,3.0,38.0,3.2,1,0,1.0,0,0.01,0
3647,20284,9.0,6.0,4.0,44.0,2.0,1,0,1.0,0,0.05,0
3648,10527,7.0,6.0,4.0,42.0,2.9,1,0,1.0,0,0.0,0
3649,921,6.0,6.0,4.0,41.0,3.5,0,0,1.0,0,0.027963064746619762,0
3650,7781,7.0,7.0,3.0,32.7,2.4,0,0,1.0,0,0.0072270165111986825,0
3651,9281,2.0,2.0,1.0,34.0,3.6,0,1,1.0,0,0.17219249905178768,0
3652,11159,9.0,9.0,3.0,35.0,2.8,1,0,1.0,0,0.023320075492258452,0
3653,8826,8.0,8.0,4.0,42.0,3.6,0,0,1.0,0,0.0,0
3654,3080,8.0,5.0,5.0,36.0,3.4,1,1,1.0,0,0.028866042469861086,0
3655,17063,1.0,1.0,4.0,28.0,3.0,1,0,1.0,0,0.18,1
3656,644,5.0,6.0,3.0,42.0,3.5,1,0,2.0,0,0.12,0
3657,19108,6.0,6.0,4.0,42.0,3.8,0,0,1.0,0,0.0,0
3658,15632,3.0,4.0,1.0,34.0,3.1,1,0,1.0,0,0.08,0
3659,8156,3.0,2.0,3.0,33.0,3.6,0,0,1.0,0,0.16845714514656077,0
3660,5845,6.0,4.0,4.0,37.0,3.2,0,0,1.0,0,0.01,0
3661,17216,10.0,10.0,4.0,38.0,3.0,0,0,1.0,0,0.0,0
3662,10773,2.0,2.0,4.0,34.0,2.8,1,1,1.0,0,0.33048732164944256,0
3663,10639,6.0,8.0,5.0,42.0,2.9,0,1,2.0,0,0.02,0
3664,5305,8.0,9.0,3.0,36.0,3.3,1,0,1.0,0,0.0,0
3665,16599,4.0,3.0,3.0,38.0,3.0,0,0,2.0,0,0.21,0
3666,12889,2.0,2.0,3.0,48.0,3.7,1,0,1.0,0,0.32,0
3667,15743,3.0,4.0,4.0,33.0,3.1,0,0,1.0,0,0.06796306474661977,0
3668,5508,4.0,4.0,2.0,31.0,2.2,0,3,1.0,0,0.22959110267669972,1
3669,2495,10.0,6.0,3.0,32.0,3.4,1,0,1.0,0,0.01,0
3670,9590,3.0,1.0,4.0,34.0,2.9,1,0,1.0,0,0.23462195149210963,1
3671,16790,4.0,3.0,4.0,33.5,3.0,1,0,1.0,0,0.02,0
3672,10785,3.0,5.0,4.0,36.0,2.8,1,0,1.0,0,0.0,0
3673,14441,5.0,5.0,4.0,38.0,2.7,1,0,1.0,0,0.2242034298551474,0
3674,9252,5.0,2.0,4.0,41.0,3.6,1,1,1.0,0,0.03,0
3675,3122,6.0,3.0,3.0,42.0,3.4,0,0,1.0,0,0.21,0
3676,19441,10.0,10.0,3.0,41.0,3.8,0,0,1.0,0,0.0,0
3677,15983,4.0,3.0,4.0,32.7,3.1,0,0,1.0,0,0.3177705332981815,0
3678,19592,3.0,3.0,4.0,29.0,2.5,0,0,1.0,0,0.1988660424698611,1
3679,18515,2.0,1.0,4.0,32.0,2.6,0,3,1.0,0,0.05,1
3680,17474,10.0,10.0,4.0,37.0,3.0,1,0,1.0,0,0.0,0
3681,14151,4.0,4.0,3.0,43.0,2.7,1,0,1.0,0,0.0,0
3682,17453,4.0,6.0,1.0,29.0,3.0,0,0,2.0,0,0.038866042469861084,0
3683,16323,9.0,8.0,3.0,31.0,3.1,1,0,1.0,0,0.0,0
3684,16298,7.0,7.0,4.0,31.5,3.1,1,0,1.0,0,0.026099440070727908,0
3685,5254,7.0,4.0,4.0,34.0,3.3,1,0,1.0,0,0.04939894255408868,0
3686,20355,5.0,5.0,3.0,36.0,2.1,0,0,1.0,0,0.21,0
3687,1139,8.0,9.0,3.0,45.0,3.5,1,0,1.0,0,0.0,0
3688,11502,10.0,9.0,5.0,39.0,2.8,0,0,1.0,0,0.0,0
3689,13080,6.0,4.0,4.0,30.0,3.7,0,0,1.0,0,0.07,0
3690,2845,7.0,8.0,4.0,37.0,3.4,1,0,1.0,0,0.007963064746619765,0
3691,8680,10.0,10.0,4.0,40.0,3.6,0,0,1.0,0,0.0,0
3692,19092,7.0,7.0,2.0,47.0,3.8,1,0,1.0,0,0.0,0
3693,4574,4.0,5.0,4.0,39.0,3.3,0,0,1.0,0,0.0,0
3694,12780,10.0,10.0,3.0,43.0,3.7,1,0,1.0,0,0.0,0
3695,5611,8.0,7.0,3.0,34.0,3.2,1,0,1.0,0,0.0,0
3696,14881,9.0,8.0,2.0,40.0,3.1,0,0,2.0,0,0.02,0
3697,18072,6.0,6.0,3.0,34.5,2.6,0,3,1.0,0,0.1,0
3698,15549,1.0,4.0,5.0,41.0,3.1,0,0,1.0,0,0.0,0
3699,17450,9.0,8.0,4.0,36.0,3.0,0,0,1.0,0,0.0,0
3700,5499,2.0,2.0,1.0,33.0,2.2,1,1,1.0,0,0.48251326887424034,0
3701,6275,6.0,6.0,5.0,38.0,3.2,0,0,1.0,0,0.0,0
3702,18291,3.0,4.0,3.0,32.0,2.6,0,0,2.0,0,0.16,0
3703,5977,5.0,5.0,4.0,38.0,3.2,0,0,1.0,0,0.0,0
3704,15528,8.0,9.0,4.0,38.0,3.1,1,0,1.0,0,0.0,0
3705,17920,10.0,10.0,4.0,39.0,3.0,1,0,1.0,0,0.0,0
3706,20052,2.0,1.0,4.0,43.0,2.5,0,0,1.0,0,0.23,0
3707,18820,9.0,8.0,4.0,44.0,3.8,0,0,1.0,0,0.0,0
3708,8761,6.0,5.0,4.0,41.0,3.6,1,0,1.0,0,0.0,0
3709,9092,2.0,2.0,3.0,38.0,3.6,0,0,1.0,0,0.0,0
3710,17733,8.0,7.0,4.0,42.0,3.0,0,0,1.0,0,0.006615525114155251,0
3711,8894,6.0,7.0,5.0,48.0,3.6,0,2,1.0,0,0.01,0
3712,5592,3.0,3.0,3.0,37.0,3.2,0,0,1.0,0,0.0,0
3713,14490,2.0,3.0,5.0,28.0,2.7,0,1,1.0,0,0.11,1
3714,5135,6.0,6.0,4.0,31.0,3.3,1,0,1.0,0,0.01,0
3715,18186,3.0,4.0,5.0,37.0,2.6,0,0,1.0,0,0.04,0
3716,10080,3.0,3.0,2.0,29.5,2.9,0,0,1.0,0,0.08,0
3717,16150,8.0,7.0,3.0,38.0,3.1,1,0,1.0,0,0.02,0
3718,318,5.0,3.0,2.0,45.0,3.5,1,0,1.0,0,0.0,0
3719,117,8.0,7.0,4.0,41.0,3.5,0,0,1.0,0,0.0,0
3720,1410,9.0,9.0,3.0,45.0,3.5,1,0,1.0,0,0.0,0
3721,4825,4.0,7.0,3.0,37.0,3.3,1,0,1.0,0,0.03578959975637292,0
3722,19579,5.0,7.0,3.0,32.5,3.8,1,0,1.0,0,0.02,0
3723,15945,3.0,3.0,3.0,35.0,3.1,1,0,1.0,0,0.07,0
3724,6551,8.0,8.0,2.0,36.0,3.2,0,0,1.0,0,0.02,0
3725,6161,3.0,3.0,4.0,33.0,3.2,1,0,1.0,0,0.02,0
3726,18780,7.0,8.0,4.0,43.0,3.8,1,0,1.0,0,0.0,0
3727,15836,4.0,3.0,4.0,29.0,3.1,0,0,1.0,0,0.07,0
3728,7173,4.0,5.0,4.0,38.0,3.2,1,0,1.0,0,0.0,0
3729,3227,4.0,5.0,3.0,40.0,3.4,0,0,1.0,0,0.009591102676699693,0
3730,10089,4.0,3.0,3.0,41.0,2.9,1,0,1.0,0,0.0,1
3731,8164,6.0,8.0,4.0,44.0,3.6,1,2,1.0,0,0.0,0
3732,728,6.0,5.0,4.0,38.0,3.5,1,0,1.0,0,0.02,0
3733,17340,1.0,2.0,2.0,31.5,3.0,0,0,1.0,0,0.3002065510630333,0
3734,9318,4.0,5.0,4.0,37.0,3.6,0,0,1.0,0,0.12,0
3735,8962,7.0,6.0,2.0,44.0,3.6,1,0,1.0,0,0.0,0
3736,19630,6.0,4.0,3.0,46.0,2.5,1,0,1.0,0,0.01,0
3737,19541,4.0,3.0,4.0,40.0,3.8,0,0,1.0,0,0.1450940922404306,0
3738,16383,5.0,5.0,4.0,44.0,3.1,1,0,1.0,0,0.0,0
3739,15442,3.0,3.0,4.0,36.0,3.1,0,0,1.0,0,0.18,0
3740,9539,4.0,4.0,2.0,34.0,2.9,1,0,1.0,0,0.19,0
3741,19751,1.0,5.0,3.0,34.0,2.5,1,0,1.0,0,0.08,0
3742,10368,5.0,4.0,4.0,40.0,2.9,0,0,1.0,0,0.01969015968564501,0
3743,4769,7.0,6.0,3.0,39.0,3.3,1,0,1.0,0,0.0,0
3744,11892,9.0,9.0,4.0,45.5,3.9,1,0,1.0,0,0.0,0
3745,11416,5.0,5.0,4.0,35.0,2.8,1,0,1.0,0,0.007963064746619765,0
3746,3209,4.0,4.0,2.0,38.0,3.4,0,0,1.0,0,0.009398942554088683,0
3747,12068,8.0,8.0,4.0,38.0,3.9,1,0,1.0,0,0.0,0
3748,3300,6.0,6.0,2.0,37.0,3.4,0,0,1.0,0,0.0,0
3749,9303,8.0,7.0,4.0,43.0,3.6,0,0,1.0,0,0.0,0
3750,2308,4.0,3.0,4.0,44.0,3.4,1,0,1.0,0,0.006615525114155251,0
3751,19793,4.0,2.0,4.0,32.0,2.5,1,0,1.0,0,0.3389753664432649,0
3752,15213,4.0,4.0,3.0,40.0,3.1,0,0,1.0,0,0.0,0
3753,11317,2.0,2.0,2.0,32.0,2.8,1,4,1.0,0,0.299690159685645,1
3754,19663,9.0,9.0,3.0,39.0,2.5,1,0,1.0,0,0.0,0
3755,7062,9.0,9.0,4.0,39.0,3.2,0,0,1.0,0,0.0,0
3756,4721,9.0,8.0,5.0,45.0,3.3,0,0,1.0,0,0.0,0
3757,11807,10.0,9.0,4.0,41.0,3.9,1,0,1.0,0,0.0,0
3758,15740,8.0,7.0,3.0,43.0,3.1,1,0,1.0,0,0.0,0
3759,15344,5.0,4.0,4.0,40.0,3.1,1,0,1.0,0,0.10980703237024661,0
3760,10759,6.0,2.0,5.0,30.5,2.8,0,1,1.0,0,0.20939894255408867,0
3761,8340,7.0,6.0,4.0,42.0,3.6,0,0,1.0,0,0.0,0
3762,4790,8.0,9.0,4.0,40.0,3.3,0,0,1.0,0,0.017963064746619767,0
3763,15914,1.0,2.0,3.0,41.0,3.1,1,0,1.0,0,0.0,0
3764,243,6.0,5.0,4.0,33.0,3.5,0,0,1.0,0,0.0547240146014169,0
3765,2280,8.0,10.0,4.0,37.5,3.4,1,0,2.0,0,0.0,0
3766,18684,5.0,3.0,3.0,42.0,3.8,0,0,1.0,0,0.05886604246986108,0
3767,20308,6.0,6.0,3.0,34.0,2.1,1,1,1.0,0,0.02,0
3768,14873,7.0,6.0,4.0,43.0,3.1,0,0,1.0,0,0.0,1
3769,2041,10.0,10.0,4.0,34.0,3.4,1,0,2.0,0,0.0,0
3770,2412,4.0,5.0,4.0,42.0,3.4,1,0,1.0,0,0.037323187616421866,0
3771,2603,7.0,6.0,4.0,43.0,3.4,1,2,1.0,0,0.0,0
3772,1538,3.0,4.0,4.0,39.0,3.5,0,0,1.0,0,0.0,0
3773,19818,3.0,5.0,4.0,32.0,2.5,1,0,1.0,0,0.1,0
3774,2285,10.0,10.0,4.0,39.0,3.4,0,0,1.0,0,0.0,0
3775,7871,6.0,4.0,3.0,30.0,3.6,1,2,1.0,0,0.01,0
3776,10591,5.0,8.0,4.0,37.0,2.9,0,0,1.0,0,0.0,0
3777,7274,8.0,7.0,5.0,45.0,3.2,1,0,1.0,0,0.0,0
