instance_index,original_test_index,CF_number,distance_to_original,decile1,decile3,fam_inc,lsat,ugpa,fulltime
0,12823,1,1.7320508075688772,3.0,2.0,3.0,34.0,3.7,1.0
0,12823,2,1.7349351572897471,2.0,1.0,3.0,34.0,3.8,1.0
0,12823,3,1.7349351572897473,3.0,1.0,3.0,33.0,3.6,1.0
0,12823,4,1.7349351572897473,3.0,2.0,3.0,34.0,3.6,1.0
0,12823,5,1.7578395831246947,3.0,2.0,3.0,34.0,3.4,1.0
0,12823,6,1.8275666882497066,2.0,1.0,3.0,34.5,3.4,1.0
0,12823,7,1.8601075237738274,3.0,2.0,2.0,33.5,2.6,1.0
0,12823,8,1.8681541692269406,2.0,2.0,3.0,34.0,3.0,2.0
0,12823,9,1.8681541692269406,3.0,2.0,3.0,35.0,3.0,2.0
0,12823,10,1.9078784028338915,3.0,1.0,3.0,35.0,2.9,1.0
1,10083,1,0.10000000000000009,2.0,2.0,4.0,34.0,2.8,1.0
1,10083,2,0.5,2.0,2.0,4.0,34.0,3.4,1.0
1,10083,3,0.5385164807134505,2.0,2.0,4.0,33.5,3.1,1.0
1,10083,4,0.6000000000000001,2.0,2.0,4.0,34.0,3.5,1.0
1,10083,5,1.0,2.0,3.0,4.0,34.0,2.9,1.0
1,10083,6,1.019803902718557,2.0,2.0,4.0,35.0,3.1,1.0
1,10083,7,1.019803902718557,2.0,2.0,4.0,35.0,3.1,1.0
1,10083,8,1.044030650891055,2.0,3.0,4.0,34.0,3.2,1.0
1,10083,9,1.118033988749895,2.0,2.0,4.0,35.0,3.4,1.0
1,10083,10,1.1224972160321824,2.0,3.0,4.0,33.5,2.8,1.0
2,3378,1,0.20000000000000018,2.0,1.0,2.0,36.0,3.6,1.0
2,3378,2,1.0,3.0,1.0,2.0,36.0,3.4,1.0
2,3378,3,1.0440306508910548,3.0,1.0,2.0,36.0,3.1,1.0
2,3378,4,1.044030650891055,2.0,1.0,3.0,36.0,3.7,1.0
2,3378,5,1.345362404707371,2.0,1.0,2.0,35.0,2.5,1.0
2,3378,6,1.4177446878757827,2.0,1.0,3.0,35.0,3.3,1.0
2,3378,7,1.4177446878757827,2.0,1.0,3.0,35.0,3.5,1.0
2,3378,8,1.4177446878757827,1.0,1.0,1.0,36.0,3.5,1.0
2,3378,9,1.4177446878757827,2.0,2.0,2.0,37.0,3.5,1.0
2,3378,10,1.4177446878757827,1.0,1.0,2.0,37.0,3.5,1.0
3,6400,1,0.19999999999999973,4.0,7.0,3.0,37.0,3.4,2.0
3,6400,2,1.004987562112089,4.0,7.0,3.0,37.0,3.3,1.0
3,6400,3,1.4177446878757827,4.0,6.0,4.0,37.0,3.1,2.0
3,6400,4,1.469693845669907,3.0,6.0,3.0,37.0,3.6,2.0
3,6400,5,1.469693845669907,4.0,6.0,3.0,36.0,2.8,2.0
3,6400,6,1.5297058540778354,5.0,7.0,3.0,36.5,2.9,1.0
3,6400,7,1.7320508075688772,4.0,6.0,4.0,38.0,3.2,2.0
3,6400,8,1.7349351572897471,5.0,6.0,3.0,37.0,3.3,1.0
3,6400,9,1.7435595774162693,4.0,6.0,2.0,37.0,3.4,1.0
3,6400,10,1.7435595774162693,5.0,7.0,4.0,37.0,3.0,1.0
4,10483,1,0.10000000000000009,2.0,2.0,4.0,34.0,2.8,1.0
4,10483,2,0.5,2.0,2.0,4.0,34.0,3.4,1.0
4,10483,3,0.5385164807134505,2.0,2.0,4.0,33.5,3.1,1.0
4,10483,4,0.6000000000000001,2.0,2.0,4.0,34.0,3.5,1.0
4,10483,5,1.0,2.0,3.0,4.0,34.0,2.9,1.0
4,10483,6,1.019803902718557,2.0,2.0,4.0,35.0,3.1,1.0
4,10483,7,1.019803902718557,2.0,2.0,4.0,35.0,3.1,1.0
4,10483,8,1.044030650891055,2.0,3.0,4.0,34.0,3.2,1.0
4,10483,9,1.118033988749895,2.0,2.0,4.0,35.0,3.4,1.0
4,10483,10,1.1224972160321824,2.0,3.0,4.0,33.5,2.8,1.0
5,4184,1,0.19999999999999973,9.0,9.0,4.0,40.0,3.1,1.0
5,4184,2,0.30000000000000027,9.0,9.0,4.0,40.0,3.6,1.0
5,4184,3,0.5,9.0,9.0,4.0,40.0,3.8,1.0
5,4184,4,0.58309518948453,9.0,9.0,4.0,39.5,3.0,1.0
5,4184,5,1.0,9.0,9.0,4.0,41.0,3.3,1.0
5,4184,6,1.0,9.0,9.0,4.0,39.0,3.3,1.0
5,4184,7,1.0,9.0,8.0,4.0,40.0,3.3,1.0
5,4184,8,1.0,9.0,9.0,4.0,39.0,3.3,1.0
5,4184,9,1.0,9.0,9.0,4.0,39.0,3.3,1.0
5,4184,10,1.0,8.0,9.0,4.0,40.0,3.3,1.0
6,10723,1,0.30000000000000027,3.0,4.0,4.0,40.0,3.1,1.0
6,10723,2,0.6000000000000001,3.0,4.0,4.0,40.0,3.4,1.0
6,10723,3,1.0,3.0,4.0,4.0,41.0,2.8,1.0
6,10723,4,1.004987562112089,4.0,4.0,4.0,40.0,2.9,1.0
6,10723,5,1.044030650891055,3.0,3.0,4.0,40.0,3.1,1.0
6,10723,6,1.044030650891055,3.0,4.0,3.0,40.0,3.1,1.0
6,10723,7,1.077032961426901,3.0,4.0,3.0,40.0,3.2,1.0
6,10723,8,1.077032961426901,3.0,4.0,3.0,40.0,3.2,1.0
6,10723,9,1.1661903789690602,3.0,4.0,4.0,39.0,3.4,1.0
6,10723,10,1.1661903789690602,3.0,4.0,3.0,40.0,3.4,1.0
7,18004,1,0.10000000000000009,3.0,3.0,4.0,34.0,2.7,1.0
7,18004,2,0.3999999999999999,3.0,3.0,4.0,34.0,3.0,1.0
7,18004,3,0.6999999999999997,3.0,3.0,4.0,34.0,3.3,1.0
7,18004,4,1.004987562112089,3.0,3.0,4.0,34.0,2.7,2.0
7,18004,5,1.0440306508910548,2.0,3.0,4.0,34.0,2.9,1.0
7,18004,6,1.0440306508910548,3.0,3.0,4.0,35.0,2.9,1.0
7,18004,7,1.0440306508910548,3.0,3.0,4.0,33.0,2.9,1.0
7,18004,8,1.118033988749895,2.0,3.0,4.0,34.5,2.6,1.0
7,18004,9,1.118033988749895,3.0,3.0,3.0,34.0,3.1,1.0
7,18004,10,1.118033988749895,3.0,3.0,3.0,34.0,3.1,1.0
8,18048,1,0.6999999999999997,7.0,7.0,4.0,40.0,3.3,1.0
8,18048,2,1.0440306508910548,7.0,7.0,4.0,41.0,2.9,1.0
8,18048,3,1.044030650891055,7.0,7.0,4.0,39.0,2.3,1.0
8,18048,4,1.0770329614269007,7.0,7.0,4.0,41.0,3.0,1.0
8,18048,5,1.0770329614269007,7.0,6.0,4.0,40.0,3.0,1.0
8,18048,6,1.0770329614269007,7.0,7.0,3.0,40.0,3.0,1.0
8,18048,7,1.0770329614269007,7.0,7.0,4.0,41.0,3.0,1.0
8,18048,8,1.0770329614269007,7.0,6.0,4.0,40.0,3.0,1.0
8,18048,9,1.118033988749895,8.0,7.0,4.0,40.0,3.1,1.0
8,18048,10,1.118033988749895,7.0,7.0,3.0,40.0,3.1,1.0
9,17231,1,1.019803902718557,1.0,1.0,3.0,34.0,3.2,1.0
9,17231,2,1.019803902718557,1.0,1.0,3.0,34.0,3.2,1.0
9,17231,3,1.0440306508910548,1.0,1.0,3.0,34.0,3.3,1.0
9,17231,4,1.1661903789690602,2.0,1.0,4.0,34.0,3.6,1.0
9,17231,5,1.4142135623730951,2.0,1.0,4.0,35.0,3.0,1.0
9,17231,6,1.4142135623730951,2.0,1.0,4.0,35.0,3.0,1.0
9,17231,7,1.4177446878757827,2.0,1.0,4.0,35.0,2.9,1.0
9,17231,8,1.4177446878757827,2.0,1.0,4.0,35.0,2.9,1.0
9,17231,9,1.42828568570857,2.0,2.0,4.0,34.0,2.8,1.0
9,17231,10,1.42828568570857,1.0,1.0,5.0,35.0,2.8,1.0
10,17276,1,1.445683229480096,6.0,2.0,4.0,29.0,2.7,1.0
10,17276,2,1.445683229480096,5.0,2.0,4.0,28.0,3.3,1.0
10,17276,3,1.5905973720586863,6.0,2.0,3.0,27.3,3.2,1.0
10,17276,4,1.8055470085267789,5.0,2.0,5.0,27.5,3.1,1.0
10,17276,5,1.8055470085267789,5.0,1.0,4.0,29.5,3.1,1.0
10,17276,6,2.0024984394500787,6.0,3.0,4.0,28.0,2.9,1.0
10,17276,7,2.071231517720798,8.0,1.0,4.0,28.5,3.2,1.0
10,17276,8,2.244994432064365,6.0,3.0,4.0,29.0,2.8,1.0
10,17276,9,2.244994432064365,5.0,3.0,4.0,28.0,2.8,1.0
10,17276,10,2.293468988235943,4.0,2.0,4.0,28.5,3.1,1.0
11,2376,1,0.6403124237432848,1.0,2.0,2.0,31.5,3.0,1.0
11,2376,2,1.0770329614269007,1.0,2.0,2.0,31.0,3.0,1.0
11,2376,3,1.118033988749895,1.0,2.0,2.0,31.0,2.9,1.0
11,2376,4,1.1661903789690602,2.0,2.0,2.0,32.0,2.8,1.0
11,2376,5,1.224744871391589,1.0,2.0,1.0,31.5,2.9,1.0
11,2376,6,1.4177446878757827,1.0,1.0,3.0,32.0,3.5,1.0
11,2376,7,1.42828568570857,1.0,1.0,3.0,32.0,3.6,1.0
11,2376,8,1.42828568570857,2.0,2.0,3.0,32.0,3.2,1.0
11,2376,9,1.445683229480096,2.0,2.0,2.0,31.0,3.1,1.0
11,2376,10,1.469693845669907,1.0,2.0,3.0,31.0,3.0,1.0
12,17670,1,1.004987562112089,1.0,2.0,2.0,24.0,2.9,1.0
12,17670,2,1.019803902718557,1.0,1.0,2.0,23.0,3.2,1.0
12,17670,3,2.0024984394500787,2.0,2.0,3.0,25.0,2.9,1.0
12,17670,4,2.039607805437114,1.0,3.0,2.0,24.0,2.6,1.0
12,17670,5,2.0615528128088303,1.0,1.0,4.0,24.0,2.5,1.0
12,17670,6,2.071231517720798,1.0,1.0,4.0,23.5,2.8,1.0
12,17670,7,2.08806130178211,2.0,2.0,3.0,25.0,2.4,1.0
12,17670,8,2.1540659228538015,1.0,1.0,2.0,22.0,3.8,1.0
12,17670,9,2.2472205054244236,2.0,2.0,3.0,22.7,3.6,1.0
12,17670,10,2.2561028345356955,2.0,2.0,1.0,25.0,2.7,2.0
13,7585,1,1.4177446878757827,2.0,4.0,3.0,25.0,2.3,2.0
13,7585,2,1.8027756377319946,2.0,4.0,4.0,26.0,2.9,1.0
13,7585,3,2.4515301344262523,3.0,4.0,4.0,26.0,2.5,1.0
13,7585,4,2.5475478405713994,2.0,4.0,4.0,27.0,3.1,1.0
13,7585,5,2.6457513110645907,2.0,2.0,3.0,25.0,2.4,1.0
13,7585,6,2.6532998322843198,1.0,3.0,2.0,24.0,2.6,1.0
13,7585,7,2.692582403567252,2.0,2.0,3.0,25.0,2.9,1.0
13,7585,8,2.692582403567252,3.0,3.0,3.0,25.5,3.4,2.0
13,7585,9,2.7166155414412256,2.0,3.0,3.0,26.3,3.7,1.0
13,7585,10,2.808914381037628,1.0,2.0,4.0,26.5,3.2,1.0
14,7755,1,1.1874342087037917,2.0,2.0,4.0,27.5,2.8,1.0
14,7755,2,1.2000000000000002,2.0,1.0,4.0,27.0,3.6,1.0
14,7755,3,1.3928388277184127,2.0,1.0,4.0,28.3,2.9,1.0
14,7755,4,1.42828568570857,1.0,1.0,5.0,27.0,2.6,1.0
14,7755,5,1.445683229480096,1.0,1.0,3.0,27.0,2.7,1.0
14,7755,6,1.5,1.0,1.0,5.0,27.0,2.9,1.0
14,7755,7,1.5362291495737217,1.0,1.0,4.0,28.0,3.0,1.0
14,7755,8,1.57797338380595,3.0,2.0,4.0,27.0,3.1,1.0
14,7755,9,1.6401219466856727,1.0,1.0,4.0,27.0,3.7,1.0
14,7755,10,1.676305461424021,3.0,2.0,4.0,27.0,3.3,1.0
15,17454,1,1.019803902718557,5.0,4.0,4.0,31.0,3.2,1.0
15,17454,2,1.019803902718557,6.0,4.0,4.0,30.0,3.2,1.0
15,17454,3,1.0440306508910548,5.0,3.0,4.0,30.0,3.3,1.0
15,17454,4,1.0440306508910548,5.0,4.0,4.0,31.0,2.7,1.0
15,17454,5,1.0770329614269007,4.0,4.0,4.0,30.0,3.4,1.0
15,17454,6,1.118033988749895,5.0,5.0,4.0,29.5,3.0,1.0
15,17454,7,1.1357816691600546,5.0,5.0,4.0,30.5,3.2,1.0
15,17454,8,1.1357816691600546,4.0,4.0,4.0,30.5,3.2,1.0
15,17454,9,1.1661903789690602,5.0,4.0,3.0,30.0,3.6,1.0
15,17454,10,1.1874342087037917,5.0,5.0,4.0,30.5,2.6,1.0
16,16710,1,1.0440306508910548,2.0,2.0,3.0,25.5,3.3,1.0
16,16710,2,1.1224972160321824,2.0,2.0,3.0,25.0,2.9,1.0
16,16710,3,1.2688577540449522,2.0,2.0,3.0,25.0,2.4,1.0
16,16710,4,1.4177446878757827,3.0,2.0,3.0,25.5,3.1,1.0
16,16710,5,1.5297058540778354,2.0,2.0,2.0,26.0,2.7,1.0
16,16710,6,1.8275666882497066,1.0,1.0,3.0,27.0,2.7,1.0
16,16710,7,1.9000000000000001,2.0,1.0,4.0,27.0,3.6,1.0
16,16710,8,2.009975124224178,1.0,2.0,4.0,26.5,3.2,1.0
16,16710,9,2.0615528128088303,3.0,1.0,2.0,27.0,3.0,1.0
16,16710,10,2.0639767440550294,1.0,1.0,2.0,27.0,2.9,1.0
17,15093,1,1.5132745950421556,8.0,4.0,3.0,21.5,2.9,1.0
17,15093,2,1.7578395831246947,8.0,4.0,3.0,22.0,2.8,1.0
17,15093,3,3.0016662039607267,8.0,7.0,1.0,23.0,3.0,1.0
17,15093,4,3.1622776601683795,10.0,7.0,3.0,22.0,3.1,1.0
17,15093,5,3.657868231634376,7.0,5.0,4.0,23.7,2.8,2.0
17,15093,6,3.753664875824692,8.0,8.0,3.0,23.0,2.8,1.0
17,15093,7,3.7629775444453557,8.0,8.0,3.0,23.0,3.5,1.0
17,15093,8,3.8262252939417984,5.0,5.0,3.0,23.0,2.3,1.0
17,15093,9,3.874274125562103,7.0,8.0,1.0,19.0,3.2,1.0
17,15093,10,3.874274125562103,6.0,6.0,3.0,24.0,3.2,1.0
18,3759,1,1.7320508075688772,2.0,4.0,3.0,25.0,2.3,2.0
18,3759,2,1.8681541692269403,1.0,3.0,2.0,24.0,2.6,1.0
18,3759,3,2.4819347291981715,1.0,2.0,2.0,24.0,2.9,1.0
18,3759,4,2.632489316217636,2.0,3.0,2.0,25.7,3.1,1.0
18,3759,5,2.6758176320519302,2.0,4.0,4.0,26.0,2.9,1.0
18,3759,6,2.6758176320519302,2.0,2.0,3.0,25.0,2.9,1.0
18,3759,7,2.6758176320519302,3.0,3.0,3.0,23.0,2.9,1.0
18,3759,8,2.692582403567252,2.0,5.0,2.0,22.0,3.8,2.0
18,3759,9,2.694438717061496,3.0,3.0,3.0,25.5,3.4,2.0
18,3759,10,2.789265136196271,2.0,2.0,3.0,22.7,3.6,1.0
19,11517,1,0.9000000000000004,3.0,2.0,2.0,38.0,3.7,1.0
19,11517,2,1.019803902718557,3.0,2.0,3.0,38.0,3.0,1.0
19,11517,3,1.118033988749895,3.0,3.0,2.0,38.0,3.3,1.0
19,11517,4,1.2206555615733703,4.0,2.0,2.0,38.0,3.5,1.0
19,11517,5,1.2206555615733703,3.0,2.0,2.0,39.0,3.5,1.0
19,11517,6,1.28062484748657,2.0,2.0,2.0,38.0,3.6,1.0
19,11517,7,1.3453624047073711,3.0,2.0,2.0,39.0,3.7,1.0
19,11517,8,1.42828568570857,2.0,2.0,3.0,38.0,2.6,1.0
19,11517,9,1.42828568570857,3.0,2.0,3.0,39.0,3.0,1.0
19,11517,10,1.42828568570857,3.0,2.0,3.0,37.0,3.0,1.0
20,6894,1,1.0440306508910548,5.0,3.0,3.0,33.0,3.5,1.0
20,6894,2,1.044030650891055,5.0,3.0,3.0,33.0,2.9,1.0
20,6894,3,1.1357816691600546,5.0,3.0,3.0,32.5,3.4,1.0
20,6894,4,1.4177446878757824,5.0,3.0,3.0,32.0,3.3,1.0
20,6894,5,1.4177446878757824,5.0,4.0,3.0,33.0,3.1,1.0
20,6894,6,1.42828568570857,5.0,3.0,2.0,33.0,3.0,1.0
20,6894,7,1.42828568570857,6.0,3.0,3.0,33.0,3.0,1.0
20,6894,8,1.445683229480096,4.0,3.0,3.0,33.0,2.9,1.0
20,6894,9,1.469693845669907,5.0,4.0,3.0,33.0,3.6,1.0
20,6894,10,1.5,4.0,3.0,3.0,33.0,3.7,1.0
21,9840,1,1.0,1.0,1.0,3.0,36.0,2.9,1.0
21,9840,2,1.004987562112089,1.0,1.0,2.0,35.0,3.0,1.0
21,9840,3,1.004987562112089,1.0,1.0,3.0,36.0,2.8,1.0
21,9840,4,1.019803902718557,1.0,1.0,3.0,36.0,3.1,1.0
21,9840,5,1.044030650891055,1.0,1.0,3.0,34.0,3.2,1.0
21,9840,6,1.044030650891055,1.0,1.0,3.0,36.0,3.2,1.0
21,9840,7,1.044030650891055,1.0,1.0,3.0,34.0,3.2,1.0
21,9840,8,1.0770329614269007,2.0,1.0,3.0,35.0,3.3,1.0
21,9840,9,1.0770329614269007,1.0,1.0,3.0,34.0,3.3,1.0
21,9840,10,1.1357816691600546,1.0,1.0,4.0,35.5,3.1,1.0
22,13984,1,1.044030650891055,1.0,1.0,4.0,31.0,2.4,1.0
22,13984,2,1.0770329614269007,1.0,1.0,4.0,31.0,3.1,1.0
22,13984,3,1.22065556157337,1.0,1.0,5.0,30.0,3.4,1.0
22,13984,4,1.42828568570857,1.0,2.0,4.0,31.0,2.9,1.0
22,13984,5,1.469693845669907,2.0,1.0,5.0,32.0,3.1,1.0
22,13984,6,1.5297058540778354,1.0,2.0,4.0,31.5,3.0,1.0
22,13984,7,1.5524174696260025,2.0,1.0,4.0,30.5,3.1,1.0
22,13984,8,1.624807680927192,1.0,2.0,4.0,31.0,3.5,1.0
22,13984,9,1.7349351572897471,2.0,1.0,4.0,32.0,2.8,1.0
22,13984,10,1.7349351572897473,2.0,1.0,4.0,32.0,2.6,1.0
23,14328,1,1.004987562112089,1.0,1.0,3.0,28.0,2.8,1.0
23,14328,2,1.063014581273465,2.0,1.0,4.0,28.3,2.9,1.0
23,14328,3,1.4142135623730951,1.0,1.0,3.0,27.0,2.7,1.0
23,14328,4,1.42828568570857,1.0,1.0,3.0,28.0,2.5,2.0
23,14328,5,1.445683229480096,1.0,1.0,4.0,28.0,3.0,1.0
23,14328,6,1.445683229480096,2.0,1.0,4.0,29.0,3.0,1.0
23,14328,7,1.5033296378372907,2.0,2.0,4.0,27.5,2.8,1.0
23,14328,8,1.57797338380595,3.0,1.0,2.0,28.0,3.4,1.0
23,14328,9,1.676305461424021,2.0,1.0,4.0,27.0,3.6,1.0
23,14328,10,1.7320508075688772,2.0,2.0,2.0,29.0,2.7,1.0
24,10855,1,0.20000000000000018,6.0,2.0,4.0,35.0,3.0,1.0
24,10855,2,1.1224972160321824,5.0,2.0,4.0,34.5,2.9,1.0
24,10855,3,1.4142135623730951,5.0,3.0,4.0,35.0,2.8,1.0
24,10855,4,1.4177446878757827,6.0,1.0,4.0,36.0,2.9,1.0
24,10855,5,1.4177446878757827,5.0,3.0,4.0,35.0,2.9,1.0
24,10855,6,1.4177446878757827,6.0,3.0,3.0,35.0,2.9,1.0
24,10855,7,1.42828568570857,5.0,3.0,4.0,35.0,3.0,1.0
24,10855,8,1.42828568570857,6.0,3.0,4.0,34.0,2.6,1.0
24,10855,9,1.57797338380595,6.0,3.0,4.0,34.0,3.5,1.0
24,10855,10,1.57797338380595,6.0,2.0,3.0,36.0,3.5,1.0
25,4259,1,0.5099019513592785,3.0,2.0,3.0,31.0,3.4,1.0
25,4259,2,0.6403124237432851,3.0,2.0,3.0,30.0,3.7,1.0
25,4259,3,1.004987562112089,2.0,2.0,3.0,30.5,3.4,1.0
25,4259,4,1.0440306508910548,3.0,2.0,3.0,29.5,3.0,1.0
25,4259,5,1.118033988749895,3.0,2.0,4.0,31.0,3.3,1.0
25,4259,6,1.1224972160321824,3.0,3.0,3.0,30.0,3.2,1.0
25,4259,7,1.1357816691600546,4.0,2.0,3.0,31.0,3.1,1.0
25,4259,8,1.1357816691600546,2.0,2.0,3.0,30.0,3.1,1.0
25,4259,9,1.1357816691600546,2.0,2.0,3.0,31.0,3.5,1.0
25,4259,10,1.1357816691600546,2.0,2.0,3.0,30.0,3.5,1.0
26,13649,1,0.10000000000000009,2.0,2.0,3.0,31.0,3.6,1.0
26,13649,2,0.20000000000000018,2.0,2.0,3.0,31.0,3.5,1.0
26,13649,3,0.5830951894845302,2.0,2.0,3.0,30.5,3.4,1.0
26,13649,4,1.019803902718557,2.0,2.0,3.0,30.0,3.5,1.0
26,13649,5,1.044030650891055,3.0,2.0,3.0,31.0,3.4,1.0
26,13649,6,1.0488088481701519,2.0,2.0,2.0,30.7,3.6,1.0
26,13649,7,1.1,2.0,2.0,3.0,31.0,2.6,1.0
26,13649,8,1.118033988749895,2.0,2.0,3.0,32.0,3.2,1.0
26,13649,9,1.1661903789690602,2.0,2.0,3.0,30.0,3.1,1.0
26,13649,10,1.1661903789690602,2.0,2.0,2.0,31.0,3.1,1.0
27,20092,1,1.4352700094407325,1.0,2.0,4.0,26.5,3.2,1.0
27,20092,2,1.445683229480096,1.0,1.0,5.0,27.0,2.6,1.0
27,20092,3,1.469693845669907,1.0,1.0,3.0,27.0,2.7,1.0
27,20092,4,1.5362291495737217,1.0,1.0,5.0,27.0,2.9,1.0
27,20092,5,1.7204650534085255,1.0,1.0,4.0,27.0,3.7,1.0
27,20092,6,1.7435595774162693,1.0,2.0,5.0,27.0,2.5,1.0
27,20092,7,1.9209372712298547,2.0,1.0,4.0,27.0,3.6,1.0
27,20092,8,2.0024984394500787,2.0,2.0,3.0,25.0,2.4,1.0
27,20092,9,2.009975124224178,1.0,1.0,4.0,24.0,2.5,1.0
27,20092,10,2.0615528128088303,2.0,2.0,3.0,25.5,3.3,1.0
28,6318,1,2.1563858652847823,5.0,3.0,2.0,22.0,2.8,2.0
28,6318,2,2.641968962724581,4.0,2.0,3.0,23.0,2.9,1.0
28,6318,3,2.8513154858766505,8.0,4.0,3.0,21.5,2.9,1.0
28,6318,4,2.9410882339705484,8.0,4.0,3.0,22.0,2.8,1.0
28,6318,5,3.06267856622271,5.0,3.0,3.0,24.0,3.5,1.0
28,6318,6,3.464101615137755,3.0,2.0,2.0,20.7,2.4,2.0
28,6318,7,3.59722114972099,3.0,3.0,2.0,20.0,2.7,1.0
28,6318,8,3.602776706930364,3.0,3.0,3.0,23.0,2.9,1.0
28,6318,9,3.701351104664349,5.0,5.0,3.0,23.0,2.3,1.0
28,6318,10,3.721558813185679,4.0,4.0,1.0,20.0,2.8,1.0
29,1869,1,0.6000000000000001,3.0,2.0,5.0,35.0,2.8,1.0
29,1869,2,0.6000000000000001,3.0,2.0,5.0,35.0,2.8,1.0
29,1869,3,1.004987562112089,2.0,2.0,5.0,35.0,3.3,1.0
29,1869,4,1.0770329614269007,3.0,2.0,5.0,34.0,3.0,1.0
29,1869,5,1.118033988749895,3.0,2.0,4.0,35.0,2.9,1.0
29,1869,6,1.118033988749895,3.0,2.0,5.0,34.0,2.9,1.0
29,1869,7,1.4142135623730951,2.0,2.0,4.0,35.0,3.4,1.0
29,1869,8,1.4177446878757827,3.0,3.0,4.0,35.0,3.3,1.0
29,1869,9,1.42828568570857,3.0,2.0,4.0,36.0,3.2,1.0
29,1869,10,1.445683229480096,2.0,2.0,4.0,35.0,3.1,1.0
30,6314,1,1.0440306508910548,2.0,1.0,3.0,30.0,3.5,1.0
30,6314,2,1.0770329614269007,2.0,2.0,2.0,30.0,3.6,1.0
30,6314,3,1.077032961426901,1.0,1.0,2.0,30.0,2.8,1.0
30,6314,4,1.118033988749895,2.0,2.0,2.0,29.5,3.2,1.0
30,6314,5,1.28062484748657,2.0,1.0,1.0,30.0,2.4,1.0
30,6314,6,1.2845232578665124,2.0,2.0,2.0,30.7,3.6,1.0
30,6314,7,1.4177446878757827,2.0,2.0,3.0,30.0,3.1,1.0
30,6314,8,1.4177446878757827,2.0,2.0,2.0,31.0,3.1,1.0
30,6314,9,1.445683229480096,2.0,2.0,3.0,30.0,3.5,1.0
30,6314,10,1.445683229480096,1.0,1.0,3.0,30.0,3.5,1.0
31,6661,1,0.10000000000000009,3.0,2.0,3.0,35.5,3.1,1.0
31,6661,2,0.20000000000000018,3.0,2.0,3.0,35.5,3.0,1.0
31,6661,3,0.5099019513592785,3.0,2.0,3.0,35.0,3.1,1.0
31,6661,4,0.5385164807134504,3.0,2.0,3.0,35.0,3.4,1.0
31,6661,5,0.5385164807134505,3.0,2.0,3.0,36.0,3.0,1.0
31,6661,6,0.6403124237432848,3.0,2.0,3.0,36.0,3.6,1.0
31,6661,7,0.6403124237432851,3.0,2.0,3.0,35.0,2.8,1.0
31,6661,8,0.6403124237432851,3.0,2.0,3.0,35.0,2.8,1.0
31,6661,9,0.7810249675906655,3.0,2.0,3.0,35.0,2.6,1.0
31,6661,10,1.0,3.0,3.0,3.0,35.5,3.2,1.0
32,10353,1,0.22360679774997838,3.0,2.0,3.0,29.5,3.0,1.0
32,10353,2,1.0392304845413263,3.0,3.0,3.0,29.5,3.1,1.0
32,10353,3,1.0630145812734646,3.0,2.0,3.0,30.0,3.7,1.0
32,10353,4,1.086278049120022,3.0,2.0,4.0,29.0,3.2,1.0
32,10353,5,1.2369316876852978,2.0,2.0,3.0,30.0,3.1,1.0
32,10353,6,1.2569805089976531,3.0,3.0,3.0,30.0,3.2,1.0
32,10353,7,1.360147050873544,2.0,2.0,3.0,30.0,3.5,1.0
32,10353,8,1.360147050873544,3.0,3.0,3.0,30.0,3.5,1.0
32,10353,9,1.42828568570857,4.0,3.0,3.0,29.5,2.9,1.0
32,10353,10,1.42828568570857,3.0,3.0,2.0,29.5,2.9,1.0
33,19741,1,1.004987562112089,2.0,2.0,3.0,25.0,2.4,1.0
33,19741,2,1.0770329614269007,2.0,2.0,3.0,25.0,2.9,1.0
33,19741,3,1.3747727084867518,2.0,2.0,3.0,25.5,3.3,1.0
33,19741,4,1.6155494421403513,3.0,2.0,3.0,25.5,3.1,1.0
33,19741,5,1.7320508075688772,1.0,1.0,4.0,24.0,2.5,1.0
33,19741,6,1.9078784028338913,3.0,2.0,3.0,24.0,3.3,1.0
33,19741,7,1.9339079605813716,1.0,2.0,4.0,26.5,3.2,1.0
33,19741,8,2.083266665599966,1.0,1.0,4.0,23.5,2.8,1.0
33,19741,9,2.244994432064365,2.0,2.0,2.0,26.0,2.7,1.0
33,19741,10,2.2494443758403984,3.0,3.0,3.0,25.5,3.4,2.0
34,18011,1,1.004987562112089,1.0,1.0,4.0,24.0,2.5,1.0
34,18011,2,1.1357816691600546,1.0,1.0,4.0,23.5,2.8,1.0
34,18011,3,1.445683229480096,1.0,2.0,2.0,24.0,2.9,1.0
34,18011,4,1.5362291495737217,1.0,1.0,2.0,23.0,3.2,1.0
34,18011,5,1.7435595774162693,2.0,2.0,3.0,25.0,2.4,1.0
34,18011,6,1.7578395831246945,2.0,2.0,3.0,25.0,2.9,1.0
34,18011,7,2.165640782770772,2.0,2.0,3.0,22.7,3.6,1.0
34,18011,8,2.177154105707724,2.0,2.0,3.0,25.5,3.3,1.0
34,18011,9,2.23606797749979,1.0,3.0,2.0,24.0,2.6,1.0
34,18011,10,2.3430749027719964,3.0,2.0,3.0,24.0,3.3,1.0
35,2276,1,1.044030650891055,1.0,1.0,4.0,27.0,3.7,1.0
35,2276,2,1.1357816691600546,1.0,2.0,4.0,26.5,3.2,1.0
35,2276,3,1.42828568570857,2.0,1.0,4.0,27.0,3.6,1.0
35,2276,4,1.5,1.0,1.0,5.0,27.0,2.9,1.0
35,2276,5,1.57797338380595,1.0,1.0,3.0,27.0,2.7,1.0
35,2276,6,1.624807680927192,1.0,1.0,5.0,27.0,2.6,1.0
35,2276,7,1.8055470085267789,2.0,2.0,3.0,25.5,3.3,1.0
35,2276,8,1.9519221295943134,1.0,2.0,5.0,27.0,2.5,1.0
35,2276,9,2.039607805437114,1.0,1.0,4.0,28.0,3.0,1.0
35,2276,10,2.0615528128088303,2.0,2.0,3.0,25.0,2.9,1.0
36,10037,1,0.6403124237432848,4.0,6.0,4.0,33.0,3.3,1.0
36,10037,2,0.9433981132056606,4.0,6.0,4.0,33.0,3.7,1.0
36,10037,3,1.1357816691600546,5.0,6.0,4.0,33.0,2.7,1.0
36,10037,4,1.1575836902790226,5.0,6.0,4.0,33.0,3.2,1.0
36,10037,5,1.1575836902790226,4.0,6.0,3.0,32.0,3.2,1.0
36,10037,6,1.2206555615733703,4.0,5.0,4.0,32.5,3.6,1.0
36,10037,7,1.224744871391589,5.0,6.0,4.0,33.0,3.4,1.0
36,10037,8,1.224744871391589,5.0,6.0,4.0,33.0,3.4,1.0
36,10037,9,1.319090595827292,4.0,5.0,4.0,33.0,3.6,1.0
36,10037,10,1.319090595827292,4.0,6.0,4.0,33.0,3.6,2.0
37,18437,1,1.0954451150103321,1.0,1.0,3.0,31.3,3.0,1.0
37,18437,2,1.118033988749895,2.0,1.0,4.0,32.0,2.6,1.0
37,18437,3,1.118033988749895,2.0,2.0,3.0,31.0,2.6,1.0
37,18437,4,1.118033988749895,2.0,1.0,4.0,32.0,2.6,1.0
37,18437,5,1.1357816691600546,2.0,1.0,4.0,32.0,2.8,1.0
37,18437,6,1.1357816691600546,2.0,2.0,3.0,32.0,2.4,1.0
37,18437,7,1.1575836902790224,2.0,1.0,4.0,32.0,2.9,1.0
37,18437,8,1.2688577540449522,2.0,2.0,3.0,32.0,3.2,1.0
37,18437,9,1.3747727084867518,1.0,1.0,3.0,31.0,3.4,1.0
37,18437,10,1.3747727084867518,2.0,1.0,3.0,31.0,3.4,2.0
38,18167,1,1.42828568570857,5.0,3.0,2.0,22.0,2.8,2.0
38,18167,2,1.7578395831246945,3.0,3.0,3.0,23.0,2.9,1.0
38,18167,3,1.7578395831246945,4.0,2.0,3.0,23.0,2.9,1.0
38,18167,4,2.1931712199461306,5.0,3.0,3.0,24.0,3.5,1.0
38,18167,5,2.3430749027719964,3.0,2.0,3.0,24.0,3.3,1.0
38,18167,6,2.6627053911388696,5.0,5.0,3.0,23.0,2.3,1.0
38,18167,7,2.692582403567252,4.0,4.0,4.0,24.0,3.1,1.0
38,18167,8,2.7073972741361776,3.0,2.0,2.0,20.7,2.4,2.0
38,18167,9,2.8442925306655784,2.0,2.0,3.0,22.7,3.6,1.0
38,18167,10,2.8653097563788807,5.0,3.0,1.0,25.0,3.7,1.0
39,16278,1,0.6000000000000001,1.0,1.0,4.0,37.0,3.7,1.0
39,16278,2,0.6000000000000001,1.0,1.0,4.0,37.0,3.7,1.0
39,16278,3,1.0,2.0,1.0,4.0,37.0,3.1,1.0
39,16278,4,1.0440306508910548,1.0,2.0,4.0,37.0,3.4,1.0
39,16278,5,1.1661903789690602,1.0,1.0,5.0,37.0,2.5,1.0
39,16278,6,1.1661903789690602,1.0,1.0,4.0,38.0,3.7,1.0
39,16278,7,1.1661903789690602,1.0,1.0,4.0,36.0,3.7,1.0
39,16278,8,1.2806248474865696,1.0,2.0,4.0,37.0,3.9,1.0
39,16278,9,1.4142135623730951,1.0,1.0,3.0,36.0,3.1,1.0
39,16278,10,1.4142135623730951,1.0,2.0,5.0,37.0,3.1,1.0
40,11598,1,0.9000000000000004,2.0,1.0,3.0,36.0,3.7,1.0
40,11598,2,1.0,1.0,1.0,3.0,36.0,2.8,1.0
40,11598,3,1.0,2.0,1.0,4.0,36.0,2.8,1.0
40,11598,4,1.004987562112089,1.0,1.0,3.0,36.0,2.9,1.0
40,11598,5,1.004987562112089,2.0,2.0,3.0,36.0,2.9,1.0
40,11598,6,1.044030650891055,1.0,1.0,3.0,36.0,3.1,1.0
40,11598,7,1.044030650891055,2.0,2.0,3.0,36.0,3.1,1.0
40,11598,8,1.0770329614269007,2.0,2.0,3.0,36.0,2.4,1.0
40,11598,9,1.077032961426901,2.0,1.0,4.0,36.0,3.2,1.0
40,11598,10,1.077032961426901,1.0,1.0,3.0,36.0,3.2,1.0
41,5477,1,1.22065556157337,6.0,5.0,3.0,31.0,2.9,1.0
41,5477,2,1.2569805089976536,6.0,5.0,3.0,31.3,2.9,1.0
41,5477,3,1.2806248474865696,6.0,4.0,2.0,31.0,3.0,1.0
41,5477,4,1.2806248474865696,6.0,5.0,3.0,31.0,3.0,1.0
41,5477,5,1.5,6.0,6.0,3.0,31.0,2.7,1.0
41,5477,6,1.57797338380595,6.0,5.0,3.0,32.0,2.9,1.0
41,5477,7,1.676305461424021,6.0,4.0,3.0,31.0,3.1,1.0
41,5477,8,1.7,7.0,5.0,3.0,30.5,3.0,1.0
41,5477,9,1.7916472867168918,6.0,5.0,3.0,30.5,3.6,1.0
41,5477,10,1.8027756377319946,6.0,6.0,3.0,30.0,2.7,1.0
42,133,1,0.7071067811865476,5.0,3.0,4.0,33.5,3.0,1.0
42,133,2,1.0,5.0,3.0,3.0,33.0,3.5,1.0
42,133,3,1.0,5.0,3.0,4.0,34.0,3.5,1.0
42,133,4,1.004987562112089,5.0,3.0,4.0,34.0,3.6,1.0
42,133,5,1.004987562112089,4.0,3.0,4.0,33.0,3.4,1.0
42,133,6,1.019803902718557,4.0,3.0,4.0,33.0,3.7,1.0
42,133,7,1.0440306508910548,5.0,4.0,4.0,33.0,3.2,1.0
42,133,8,1.0770329614269007,5.0,3.0,5.0,33.0,3.1,1.0
42,133,9,1.118033988749894,4.0,3.0,4.0,32.7,3.1,1.0
42,133,10,1.118033988749895,4.0,3.0,4.0,33.0,3.0,1.0
43,9637,1,1.1575836902790226,1.0,1.0,3.0,34.0,3.2,1.0
43,9637,2,1.1575836902790226,1.0,1.0,3.0,34.0,3.2,1.0
43,9637,3,1.1874342087037917,1.0,1.0,3.0,34.0,3.3,1.0
43,9637,4,1.224744871391589,2.0,2.0,3.0,33.0,3.4,1.0
43,9637,5,1.2688577540449522,1.0,1.0,3.0,33.0,3.5,1.0
43,9637,6,1.319090595827292,1.0,3.0,3.0,33.0,3.6,1.0
43,9637,7,1.42828568570857,2.0,2.0,4.0,33.5,3.1,1.0
43,9637,8,1.469693845669907,2.0,2.0,3.0,32.5,3.3,1.0
43,9637,9,1.5033296378372907,2.0,2.0,3.0,34.0,3.0,2.0
43,9637,10,1.503329637837291,2.0,2.0,4.0,34.0,2.8,1.0
44,13939,1,0.20000000000000018,1.0,1.0,4.0,39.0,2.5,1.0
44,13939,2,0.7999999999999998,1.0,1.0,4.0,39.0,3.5,1.0
44,13939,3,1.004987562112089,1.0,1.0,4.0,40.0,2.8,1.0
44,13939,4,1.019803902718557,1.0,1.0,4.0,40.0,2.5,1.0
44,13939,5,1.1575836902790224,1.0,1.0,5.0,39.5,3.0,1.0
44,13939,6,1.16619037896906,2.0,1.0,4.0,39.0,3.3,1.0
44,13939,7,1.3190905958272918,2.0,1.0,4.0,38.5,3.4,1.0
44,13939,8,1.4142135623730951,1.0,1.0,4.0,38.0,3.7,1.0
44,13939,9,1.4177446878757824,2.0,1.0,3.0,39.0,2.8,1.0
44,13939,10,1.4177446878757824,1.0,1.0,3.0,38.0,2.8,1.0
45,19771,1,1.0440306508910548,1.0,1.0,3.0,36.0,2.8,1.0
45,19771,2,1.0440306508910548,1.0,1.0,3.0,38.0,2.8,1.0
45,19771,3,1.0770329614269007,1.0,1.0,3.0,36.0,2.9,1.0
45,19771,4,1.1661903789690602,1.0,1.0,3.0,36.0,3.1,1.0
45,19771,5,1.2206555615733703,1.0,1.0,2.0,37.0,3.2,1.0
45,19771,6,1.2206555615733703,1.0,1.0,3.0,36.0,3.2,1.0
45,19771,7,1.2206555615733703,1.0,1.0,3.0,38.0,3.2,1.0
45,19771,8,1.4142135623730951,1.0,1.0,2.0,37.0,3.5,1.0
45,19771,9,1.4177446878757827,1.0,2.0,3.0,38.0,2.6,1.0
45,19771,10,1.503329637837291,2.0,2.0,3.0,37.5,2.6,1.0
46,795,1,1.0770329614269007,1.0,1.0,1.0,26.5,3.9,1.0
46,795,2,1.2688577540449522,1.0,1.0,2.0,27.0,2.9,1.0
46,795,3,1.4352700094407322,1.0,1.0,2.0,27.0,2.6,1.0
46,795,4,1.74928556845359,2.0,1.0,1.0,27.0,2.6,2.0
46,795,5,1.9000000000000001,2.0,1.0,1.0,29.0,2.9,1.0
46,795,6,2.1213203435596424,1.0,2.0,2.0,29.0,3.0,1.0
46,795,7,2.177154105707724,1.0,1.0,3.0,28.0,2.8,1.0
46,795,8,2.211334438749598,1.0,1.0,3.0,27.0,2.7,1.0
46,795,9,2.293468988235943,3.0,1.0,2.0,28.0,3.4,1.0
46,795,10,2.3259406699226015,3.0,2.0,1.0,27.0,3.1,1.0
47,6325,1,0.19999999999999973,2.0,2.0,4.0,34.0,3.4,1.0
47,6325,2,0.2999999999999998,2.0,2.0,4.0,34.0,3.5,1.0
47,6325,3,0.40000000000000036,2.0,2.0,4.0,34.0,2.8,1.0
47,6325,4,0.5099019513592785,2.0,2.0,4.0,33.5,3.1,1.0
47,6325,5,1.0,2.0,3.0,4.0,34.0,3.2,1.0
47,6325,6,1.004987562112089,2.0,2.0,4.0,35.0,3.1,1.0
47,6325,7,1.004987562112089,2.0,2.0,4.0,35.0,3.1,1.0
47,6325,8,1.0198039027185568,2.0,2.0,4.0,35.0,3.4,1.0
47,6325,9,1.044030650891055,2.0,3.0,4.0,34.0,2.9,1.0
47,6325,10,1.0770329614269007,2.0,1.0,4.0,34.0,3.6,1.0
48,3387,1,0.5385164807134505,2.0,1.0,2.0,36.0,3.6,1.0
48,3387,2,1.0295630140987,2.0,1.0,2.0,35.0,2.5,1.0
48,3387,3,1.118033988749895,3.0,1.0,2.0,36.0,3.4,1.0
48,3387,4,1.1224972160321824,2.0,1.0,3.0,35.0,3.5,1.0
48,3387,5,1.1224972160321824,2.0,1.0,3.0,35.0,3.3,1.0
48,3387,6,1.1575836902790224,3.0,1.0,2.0,36.0,3.1,1.0
48,3387,7,1.1575836902790226,2.0,1.0,3.0,36.0,3.7,1.0
48,3387,8,1.1874342087037917,1.0,1.0,2.0,35.0,3.0,1.0
48,3387,9,1.4142135623730951,2.0,1.0,3.0,34.5,3.4,1.0
48,3387,10,1.503329637837291,1.0,1.0,1.0,36.0,3.5,1.0
49,16392,1,0.58309518948453,3.0,2.0,3.0,31.0,3.4,1.0
49,16392,2,1.118033988749895,4.0,2.0,3.0,31.0,3.1,1.0
49,16392,3,1.118033988749895,3.0,3.0,3.0,32.0,3.1,1.0
49,16392,4,1.1224972160321824,2.0,2.0,3.0,32.0,3.2,1.0
49,16392,5,1.1224972160321824,3.0,2.0,4.0,32.0,3.2,1.0
49,16392,6,1.1224972160321824,4.0,2.0,3.0,31.0,3.0,1.0
49,16392,7,1.1357816691600546,3.0,2.0,4.0,31.0,3.3,1.0
49,16392,8,1.1357816691600546,3.0,3.0,3.0,32.0,2.9,1.0
49,16392,9,1.1575836902790224,4.0,2.0,3.0,32.0,3.4,1.0
49,16392,10,1.1575836902790226,3.0,3.0,3.0,32.0,2.8,1.0
50,4294,1,0.2999999999999998,4.0,5.0,4.0,35.0,3.0,1.0
50,4294,2,0.3999999999999999,4.0,5.0,4.0,35.0,2.9,1.0
50,4294,3,0.3999999999999999,4.0,5.0,4.0,35.0,2.9,1.0
50,4294,4,1.004987562112089,4.0,4.0,4.0,35.0,3.2,1.0
50,4294,5,1.004987562112089,4.0,5.0,3.0,35.0,3.4,1.0
50,4294,6,1.004987562112089,5.0,5.0,4.0,35.0,3.4,1.0
50,4294,7,1.0198039027185568,5.0,5.0,4.0,35.0,3.1,1.0
50,4294,8,1.0198039027185568,4.0,5.0,3.0,35.0,3.1,1.0
50,4294,9,1.019803902718557,3.0,5.0,4.0,35.0,3.5,1.0
50,4294,10,1.0440306508910548,5.0,5.0,4.0,35.0,3.0,1.0
51,9991,1,1.4142135623730951,1.0,2.0,2.0,24.0,2.9,1.0
51,9991,2,1.445683229480096,1.0,1.0,2.0,23.0,3.2,1.0
51,9991,3,2.009975124224178,2.0,2.0,1.0,25.0,2.7,2.0
51,9991,4,2.2561028345356955,1.0,3.0,2.0,24.0,2.6,1.0
51,9991,5,2.41039415863879,1.0,1.0,2.0,22.0,3.8,1.0
51,9991,6,2.6457513110645907,2.0,2.0,3.0,25.0,2.9,1.0
51,9991,7,2.6532998322843198,2.0,2.0,2.0,26.0,2.7,1.0
51,9991,8,2.692582403567252,2.0,2.0,3.0,25.0,2.4,1.0
51,9991,9,2.692582403567252,1.0,1.0,1.0,26.5,3.9,1.0
51,9991,10,2.860069929215019,2.0,2.0,3.0,22.7,3.6,1.0
52,7338,1,0.10000000000000009,2.0,2.0,3.0,35.0,3.1,1.0
52,7338,2,0.40000000000000036,2.0,2.0,3.0,35.0,2.8,1.0
52,7338,3,0.5,2.0,2.0,3.0,35.0,3.7,1.0
52,7338,4,0.6403124237432848,2.0,2.0,3.0,34.5,3.6,1.0
52,7338,5,1.0,2.0,3.0,3.0,35.0,3.2,1.0
52,7338,6,1.004987562112089,3.0,2.0,3.0,35.0,3.1,1.0
52,7338,7,1.004987562112089,2.0,2.0,4.0,35.0,3.1,1.0
52,7338,8,1.004987562112089,2.0,2.0,3.0,36.0,3.1,1.0
52,7338,9,1.004987562112089,2.0,1.0,3.0,35.0,3.3,1.0
52,7338,10,1.004987562112089,2.0,2.0,4.0,35.0,3.1,1.0
53,7134,1,0.5099019513592785,1.0,1.0,4.0,35.5,3.1,1.0
53,7134,2,1.0198039027185568,1.0,2.0,4.0,35.0,3.4,1.0
53,7134,3,1.019803902718557,2.0,1.0,4.0,35.0,3.0,1.0
53,7134,4,1.019803902718557,2.0,1.0,4.0,35.0,3.0,1.0
53,7134,5,1.044030650891055,2.0,1.0,4.0,35.0,2.9,1.0
53,7134,6,1.044030650891055,2.0,1.0,4.0,35.0,2.9,1.0
53,7134,7,1.077032961426901,1.0,1.0,5.0,35.0,2.8,1.0
53,7134,8,1.118033988749895,1.0,1.0,4.0,36.0,3.7,1.0
53,7134,9,1.2369316876852998,1.0,2.0,4.0,35.7,3.0,1.0
53,7134,10,1.4142135623730951,2.0,1.0,4.0,36.0,3.2,1.0
54,6799,1,0.19999999999999973,4.0,3.0,4.0,36.0,3.4,1.0
54,6799,2,0.2999999999999998,4.0,3.0,4.0,36.0,3.5,1.0
54,6799,3,0.5,4.0,3.0,4.0,36.0,3.7,1.0
54,6799,4,1.0,4.0,3.0,4.0,35.0,3.2,1.0
54,6799,5,1.004987562112089,4.0,2.0,4.0,36.0,3.3,1.0
54,6799,6,1.004987562112089,4.0,3.0,4.0,35.0,3.3,1.0
54,6799,7,1.004987562112089,3.0,3.0,4.0,36.0,3.1,1.0
54,6799,8,1.004987562112089,5.0,3.0,4.0,36.0,3.1,1.0
54,6799,9,1.004987562112089,4.0,2.0,4.0,36.0,3.3,1.0
54,6799,10,1.004987562112089,5.0,3.0,4.0,36.0,3.3,1.0
55,7767,1,0.6000000000000001,2.0,1.0,3.0,41.0,3.0,1.0
55,7767,2,1.28062484748657,2.0,1.0,4.0,41.0,3.2,1.0
55,7767,3,1.28062484748657,2.0,2.0,3.0,41.0,3.2,1.0
55,7767,4,1.42828568570857,2.0,1.0,4.0,40.0,2.2,1.0
55,7767,5,1.42828568570857,3.0,2.0,3.0,41.0,2.6,1.0
55,7767,6,1.42828568570857,2.0,1.0,4.0,40.0,2.6,1.0
55,7767,7,1.469693845669907,3.0,1.0,3.0,42.0,2.8,1.0
55,7767,8,1.57797338380595,1.0,2.0,3.0,41.0,3.1,1.0
55,7767,9,1.6248076809271923,1.0,1.0,3.0,42.0,3.2,1.0
55,7767,10,1.6248076809271923,1.0,1.0,2.0,41.0,3.2,1.0
56,18557,1,0.3605551275463984,2.0,1.0,4.0,28.3,2.9,1.0
56,18557,2,0.6403124237432848,2.0,1.0,4.0,29.0,3.0,1.0
56,18557,3,1.019803902718557,2.0,1.0,5.0,28.5,2.4,1.0
56,18557,4,1.1874342087037917,1.0,1.0,4.0,28.0,3.0,1.0
56,18557,5,1.2688577540449522,1.0,1.0,4.0,29.0,3.2,1.0
56,18557,6,1.42828568570857,2.0,2.0,4.0,27.5,2.8,1.0
56,18557,7,1.4422205101855956,1.0,2.0,4.0,28.3,2.8,1.0
56,18557,8,1.5132745950421556,1.0,1.0,3.0,28.0,2.8,1.0
56,18557,9,1.5297058540778354,2.0,1.0,4.0,30.0,2.9,1.0
56,18557,10,1.5524174696260025,1.0,1.0,5.0,29.0,3.0,1.0
57,16495,1,1.0440306508910548,2.0,2.0,2.0,29.0,2.7,1.0
57,16495,2,1.118033988749895,3.0,2.0,3.0,29.5,3.0,1.0
57,16495,3,1.1224972160321824,3.0,3.0,2.0,29.5,2.9,1.0
57,16495,4,1.1357816691600546,2.0,2.0,2.0,29.5,3.2,1.0
57,16495,5,1.4177446878757827,3.0,3.0,2.0,30.0,2.9,1.0
57,16495,6,1.445683229480096,3.0,3.0,2.0,28.0,2.7,1.0
57,16495,7,1.469693845669907,3.0,1.0,2.0,28.0,3.4,1.0
57,16495,8,1.503329637837291,3.0,3.0,3.0,29.5,3.1,1.0
57,16495,9,1.5362291495737217,2.0,2.0,2.0,30.0,3.6,1.0
57,16495,10,1.57797338380595,3.0,2.0,3.0,30.0,3.7,1.0
58,8930,1,1.019803902718557,1.0,1.0,3.0,31.0,3.4,1.0
58,8930,2,1.118033988749895,1.0,1.0,1.0,31.0,3.1,1.0
58,8930,3,1.1661903789690602,1.0,2.0,2.0,31.0,3.0,1.0
58,8930,4,1.2041594578792298,1.0,1.0,3.0,31.3,3.0,1.0
58,8930,5,1.2206555615733703,1.0,2.0,2.0,31.0,2.9,1.0
58,8930,6,1.2688577540449522,1.0,2.0,2.0,31.5,3.0,1.0
58,8930,7,1.28062484748657,1.0,1.0,2.0,30.0,2.8,1.0
58,8930,8,1.4142135623730951,1.0,1.0,3.0,32.0,3.6,1.0
58,8930,9,1.4177446878757827,1.0,1.0,3.0,30.0,3.5,1.0
58,8930,10,1.4177446878757827,1.0,1.0,3.0,32.0,3.5,1.0
59,11616,1,0.30000000000000027,3.0,3.0,3.0,34.0,3.1,1.0
59,11616,2,0.30000000000000027,3.0,3.0,3.0,34.0,3.1,1.0
59,11616,3,1.0,4.0,3.0,3.0,34.0,2.8,1.0
59,11616,4,1.004987562112089,3.0,3.0,4.0,34.0,2.7,1.0
59,11616,5,1.019803902718557,3.0,3.0,4.0,34.0,3.0,1.0
59,11616,6,1.044030650891055,3.0,4.0,3.0,34.0,3.1,1.0
59,11616,7,1.044030650891055,3.0,3.0,3.0,35.0,3.1,1.0
59,11616,8,1.044030650891055,3.0,3.0,3.0,35.0,3.1,1.0
59,11616,9,1.118033988749895,4.0,3.0,3.0,34.0,3.3,1.0
59,11616,10,1.118033988749895,3.0,3.0,3.0,34.5,3.8,1.0
60,19664,1,1.004987562112089,3.0,3.0,3.0,41.0,2.6,1.0
60,19664,2,1.118033988749895,4.0,3.0,3.0,40.0,3.0,1.0
60,19664,3,1.1661903789690602,3.0,3.0,4.0,40.0,3.1,1.0
60,19664,4,1.1661903789690602,3.0,3.0,3.0,39.0,3.1,1.0
60,19664,5,1.1661903789690602,3.0,4.0,3.0,40.0,3.1,1.0
60,19664,6,1.2206555615733703,3.0,4.0,3.0,40.0,3.2,1.0
60,19664,7,1.2206555615733703,3.0,4.0,3.0,40.0,3.2,1.0
60,19664,8,1.2206555615733703,3.0,3.0,3.0,39.0,3.2,1.0
60,19664,9,1.2806248474865696,2.0,3.0,3.0,40.0,3.3,1.0
60,19664,10,1.2806248474865696,3.0,3.0,3.0,39.0,3.3,1.0
61,10507,1,0.10000000000000009,2.0,1.0,3.0,39.0,2.8,1.0
61,10507,2,0.7000000000000002,2.0,1.0,3.0,39.0,3.6,1.0
61,10507,3,1.004987562112089,2.0,1.0,2.0,39.0,3.0,1.0
61,10507,4,1.0198039027185568,2.0,2.0,3.0,39.0,2.7,1.0
61,10507,5,1.0770329614269007,2.0,1.0,4.0,39.0,3.3,1.0
61,10507,6,1.224744871391589,2.0,1.0,4.0,38.5,3.4,1.0
61,10507,7,1.345362404707371,2.0,1.0,4.0,39.0,3.8,1.0
61,10507,8,1.4177446878757827,3.0,1.0,4.0,39.0,2.8,1.0
61,10507,9,1.4177446878757827,1.0,1.0,3.0,38.0,2.8,1.0
61,10507,10,1.4177446878757827,2.0,2.0,4.0,39.0,3.0,1.0
62,9788,1,1.004987562112089,4.0,1.0,3.0,37.0,3.0,1.0
62,9788,2,1.004987562112089,3.0,2.0,3.0,37.0,3.0,1.0
62,9788,3,1.044030650891055,3.0,2.0,3.0,37.0,3.2,1.0
62,9788,4,1.044030650891055,3.0,2.0,3.0,37.0,3.2,1.0
62,9788,5,1.044030650891055,3.0,1.0,3.0,37.0,3.2,2.0
62,9788,6,1.1357816691600546,3.0,2.0,3.0,36.5,3.1,1.0
62,9788,7,1.1661903789690602,3.0,1.0,4.0,37.0,2.3,1.0
62,9788,8,1.345362404707371,3.0,2.0,3.0,37.0,3.8,1.0
62,9788,9,1.4177446878757827,3.0,2.0,3.0,36.0,3.0,1.0
62,9788,10,1.4177446878757827,3.0,2.0,4.0,37.0,3.0,1.0
63,17677,1,0.7000000000000002,2.0,1.0,3.0,36.0,3.7,1.0
63,17677,2,1.004987562112089,1.0,1.0,3.0,36.0,3.1,1.0
63,17677,3,1.004987562112089,1.0,1.0,3.0,36.0,2.9,1.0
63,17677,4,1.004987562112089,2.0,2.0,3.0,36.0,2.9,1.0
63,17677,5,1.004987562112089,2.0,2.0,3.0,36.0,3.1,1.0
63,17677,6,1.019803902718557,1.0,1.0,3.0,36.0,3.2,1.0
63,17677,7,1.019803902718557,2.0,1.0,4.0,36.0,3.2,1.0
63,17677,8,1.019803902718557,1.0,1.0,3.0,36.0,2.8,1.0
63,17677,9,1.019803902718557,2.0,1.0,4.0,36.0,2.8,1.0
63,17677,10,1.0440306508910548,2.0,1.0,3.0,35.0,3.3,1.0
64,18473,1,1.004987562112089,1.0,1.0,3.0,27.0,2.7,1.0
64,18473,2,1.4142135623730951,1.0,1.0,2.0,27.0,2.6,1.0
64,18473,3,1.4142135623730951,2.0,1.0,4.0,27.0,3.6,1.0
64,18473,4,1.42828568570857,1.0,1.0,3.0,28.0,2.8,1.0
64,18473,5,1.445683229480096,1.0,1.0,2.0,27.0,2.9,1.0
64,18473,6,1.469693845669907,3.0,1.0,2.0,27.0,3.0,1.0
64,18473,7,1.5,3.0,1.0,2.0,27.0,3.1,1.0
64,18473,8,1.5132745950421556,2.0,2.0,4.0,27.5,2.8,1.0
64,18473,9,1.6673332000533072,2.0,1.0,4.0,28.3,2.9,1.0
64,18473,10,1.7349351572897473,2.0,2.0,2.0,26.0,2.7,1.0
65,10747,1,0.30000000000000027,1.0,1.0,4.0,31.0,3.1,1.0
65,10747,2,0.3999999999999999,1.0,1.0,4.0,31.0,2.4,1.0
65,10747,3,1.004987562112089,1.0,2.0,4.0,31.0,2.9,1.0
65,10747,4,1.0630145812734653,1.0,1.0,3.0,31.3,3.0,1.0
65,10747,5,1.1357816691600546,1.0,2.0,4.0,31.5,3.0,1.0
65,10747,6,1.1575836902790226,2.0,1.0,4.0,30.5,3.1,1.0
65,10747,7,1.1661903789690602,1.0,1.0,3.0,31.0,3.4,1.0
65,10747,8,1.2206555615733703,1.0,2.0,4.0,31.0,3.5,1.0
65,10747,9,1.4142135623730951,2.0,1.0,4.0,32.0,2.8,1.0
65,10747,10,1.4142135623730951,1.0,2.0,3.0,31.0,2.8,1.0
66,9517,1,1.0,2.0,1.0,4.0,32.0,2.9,1.0
66,9517,2,1.004987562112089,2.0,1.0,4.0,32.0,2.8,1.0
66,9517,3,1.019803902718557,1.0,1.0,4.0,31.0,3.1,1.0
66,9517,4,1.0440306508910548,2.0,1.0,4.0,32.0,2.6,1.0
66,9517,5,1.0440306508910548,2.0,1.0,4.0,32.0,2.6,1.0
66,9517,6,1.118033988749895,1.0,1.0,4.0,31.0,2.4,1.0
66,9517,7,1.1224972160321824,1.0,2.0,4.0,31.5,3.0,1.0
66,9517,8,1.1661903789690602,1.0,1.0,3.0,32.0,3.5,1.0
66,9517,9,1.2206555615733703,1.0,1.0,3.0,32.0,3.6,1.0
66,9517,10,1.2247448713915885,1.0,1.0,3.0,31.3,3.0,1.0
67,16775,1,0.5,1.0,1.0,4.0,42.0,3.5,1.0
67,16775,2,0.5,1.0,1.0,4.0,42.0,3.5,1.0
67,16775,3,0.5,1.0,1.0,4.0,42.0,2.5,1.0
67,16775,4,1.019803902718557,2.0,1.0,4.0,42.0,3.2,1.0
67,16775,5,1.019803902718557,1.0,1.0,3.0,42.0,3.2,1.0
67,16775,6,1.0440306508910548,1.0,1.0,5.0,42.0,2.7,1.0
67,16775,7,1.1224972160321824,1.0,1.0,5.0,42.5,3.1,1.0
67,16775,8,1.1661903789690602,2.0,1.0,4.0,42.0,3.6,1.0
67,16775,9,1.1661903789690602,1.0,1.0,3.0,42.0,3.6,1.0
67,16775,10,1.2206555615733703,1.0,2.0,4.0,42.0,3.7,1.0
68,20368,1,1.22065556157337,1.0,1.0,2.0,30.0,2.8,1.0
68,20368,2,1.4,1.0,1.0,3.0,30.0,3.5,1.0
68,20368,3,1.445683229480096,1.0,1.0,4.0,31.0,2.4,1.0
68,20368,4,1.57797338380595,1.0,2.0,3.0,31.0,2.8,1.0
68,20368,5,1.57797338380595,1.0,2.0,3.0,29.0,2.8,1.0
68,20368,6,1.5811388300841898,1.0,1.0,3.0,29.5,3.6,1.0
68,20368,7,1.5811388300841902,1.0,1.0,3.0,31.3,3.0,1.0
68,20368,8,1.624807680927192,2.0,1.0,4.0,30.0,2.9,1.0
68,20368,9,1.6401219466856725,1.0,1.0,3.0,31.0,3.4,1.0
68,20368,10,1.676305461424021,1.0,2.0,3.0,31.0,3.0,1.0
69,18404,1,1.22065556157337,4.0,2.0,5.0,30.0,3.3,1.0
69,18404,2,1.5,3.0,1.0,4.0,30.0,3.1,1.0
69,18404,3,1.5811388300841898,5.0,1.0,4.0,29.5,3.1,1.0
69,18404,4,1.676305461424021,4.0,2.0,4.0,30.0,3.5,1.0
69,18404,5,1.7349351572897473,5.0,2.0,4.0,30.0,2.7,1.0
69,18404,6,1.7435595774162693,4.0,2.0,4.0,31.0,2.8,1.0
69,18404,7,1.8027756377319946,4.0,2.0,4.0,31.0,3.1,1.0
69,18404,8,1.8330302779823362,3.0,1.0,4.0,31.0,3.2,1.0
69,18404,9,1.8466185312619388,4.0,2.0,4.0,30.5,3.0,2.0
69,18404,10,2.083266665599966,5.0,2.0,4.0,29.7,3.1,2.0
70,11545,1,0.19999999999999973,3.0,2.0,4.0,37.0,2.6,1.0
70,11545,2,0.20000000000000018,3.0,2.0,4.0,37.0,3.0,1.0
70,11545,3,0.2999999999999998,3.0,2.0,4.0,37.0,2.5,1.0
70,11545,4,0.40000000000000036,3.0,2.0,4.0,37.0,3.2,1.0
70,11545,5,0.5385164807134505,3.0,2.0,4.0,37.5,3.0,1.0
70,11545,6,0.8000000000000003,3.0,2.0,4.0,37.0,3.6,1.0
70,11545,7,1.0,4.0,2.0,4.0,37.0,2.8,1.0
70,11545,8,1.004987562112089,3.0,2.0,4.0,38.0,2.7,1.0
70,11545,9,1.004987562112089,3.0,3.0,4.0,37.0,2.9,1.0
70,11545,10,1.0198039027185568,3.0,2.0,4.0,36.0,2.6,1.0
71,19902,1,0.7810249675906655,2.0,1.0,4.0,30.5,3.1,1.0
71,19902,2,1.004987562112089,1.0,1.0,4.0,31.0,2.4,1.0
71,19902,3,1.004987562112089,2.0,1.0,4.0,32.0,2.6,1.0
71,19902,4,1.004987562112089,2.0,1.0,4.0,32.0,2.6,1.0
71,19902,5,1.0440306508910548,2.0,1.0,4.0,32.0,2.8,1.0
71,19902,6,1.0770329614269007,2.0,1.0,4.0,32.0,2.9,1.0
71,19902,7,1.0770329614269007,2.0,1.0,4.0,30.0,2.9,1.0
71,19902,8,1.1661903789690602,1.0,1.0,4.0,31.0,3.1,1.0
71,19902,9,1.2206555615733703,3.0,1.0,4.0,31.0,3.2,1.0
71,19902,10,1.4177446878757827,2.0,2.0,3.0,31.0,2.6,1.0
72,15078,1,1.004987562112089,1.0,2.0,2.0,29.0,3.0,1.0
72,15078,2,1.044030650891055,1.0,1.0,2.0,30.0,2.8,1.0
72,15078,3,1.224744871391589,1.0,1.0,3.0,29.5,3.6,1.0
72,15078,4,1.4177446878757827,1.0,2.0,3.0,29.0,3.0,1.0
72,15078,5,1.42828568570857,1.0,2.0,3.0,29.0,3.3,1.0
72,15078,6,1.42828568570857,2.0,1.0,1.0,29.0,2.9,1.0
72,15078,7,1.445683229480096,1.0,1.0,3.0,28.0,2.8,1.0
72,15078,8,1.445683229480096,1.0,2.0,3.0,29.0,2.8,1.0
72,15078,9,1.469693845669907,2.0,2.0,2.0,29.0,2.7,1.0
72,15078,10,1.469693845669907,1.0,1.0,3.0,30.0,3.5,1.0
73,6654,1,0.20000000000000018,2.0,1.0,4.0,35.0,3.0,1.0
73,6654,2,0.20000000000000018,2.0,1.0,4.0,35.0,3.0,1.0
73,6654,3,0.30000000000000027,2.0,1.0,4.0,35.0,2.9,1.0
73,6654,4,0.30000000000000027,2.0,1.0,4.0,35.0,2.9,1.0
73,6654,5,1.0,2.0,1.0,4.0,36.0,3.2,1.0
73,6654,6,1.004987562112089,2.0,2.0,4.0,35.0,3.1,1.0
73,6654,7,1.004987562112089,2.0,2.0,4.0,35.0,3.1,1.0
73,6654,8,1.004987562112089,2.0,1.0,3.0,35.0,3.3,1.0
73,6654,9,1.0198039027185568,2.0,2.0,4.0,35.0,3.4,1.0
73,6654,10,1.0440306508910548,2.0,1.0,3.0,35.0,3.5,1.0
74,3915,1,1.004987562112089,2.0,2.0,4.0,44.0,3.2,1.0
74,3915,2,1.0198039027185568,2.0,2.0,3.0,43.0,3.1,1.0
74,3915,3,1.044030650891055,2.0,2.0,4.0,44.0,3.6,1.0
74,3915,4,1.044030650891055,3.0,2.0,4.0,43.0,3.6,1.0
74,3915,5,1.077032961426901,2.0,2.0,4.0,42.0,3.7,1.0
74,3915,6,1.077032961426901,2.0,2.0,5.0,43.0,3.7,1.0
74,3915,7,1.077032961426901,2.0,2.0,4.0,42.0,3.7,1.0
74,3915,8,1.2806248474865696,2.0,1.0,4.0,43.0,2.5,1.0
74,3915,9,1.4177446878757824,2.0,1.0,4.0,42.0,3.2,1.0
74,3915,10,1.4177446878757827,1.0,2.0,3.0,43.0,3.4,1.0
75,1639,1,0.58309518948453,3.0,2.0,4.0,36.0,3.2,1.0
75,1639,2,0.7071067811865476,3.0,2.0,4.0,36.0,3.0,1.0
75,1639,3,0.7810249675906655,3.0,2.0,4.0,35.0,2.9,1.0
75,1639,4,1.0295630140987,3.0,2.0,4.0,36.0,2.6,1.0
75,1639,5,1.0440306508910548,2.0,2.0,4.0,35.5,3.2,1.0
75,1639,6,1.0770329614269007,3.0,3.0,4.0,35.5,3.1,1.0
75,1639,7,1.0770329614269007,3.0,2.0,3.0,35.5,3.1,1.0
75,1639,8,1.118033988749895,3.0,2.0,3.0,35.5,3.0,1.0
75,1639,9,1.1224972160321824,2.0,2.0,4.0,35.0,3.4,1.0
75,1639,10,1.1224972160321824,3.0,3.0,4.0,36.0,3.6,1.0
76,10140,1,1.4177446878757827,2.0,1.0,3.0,21.0,3.0,1.0
76,10140,2,1.5,1.0,1.0,3.0,20.0,3.4,1.0
76,10140,3,2.41039415863879,1.0,1.0,2.0,22.0,3.8,1.0
76,10140,4,2.449489742783178,2.0,1.0,2.0,21.0,3.9,1.0
76,10140,5,2.5019992006393608,1.0,1.0,4.0,23.5,2.8,1.0
76,10140,6,2.5258661880630173,2.0,2.0,3.0,22.7,3.6,1.0
76,10140,7,2.6758176320519302,2.0,3.0,3.0,20.0,3.3,1.0
76,10140,8,2.8442925306655784,1.0,1.0,2.0,23.0,3.2,1.0
76,10140,9,3.026549190084311,1.0,1.0,4.0,24.0,2.5,1.0
76,10140,10,3.215587038162705,3.0,2.0,2.0,20.7,2.4,2.0
77,18330,1,0.5,3.0,2.0,4.0,34.0,2.1,1.0
77,18330,2,1.004987562112089,3.0,3.0,4.0,34.0,2.7,1.0
77,18330,3,1.0198039027185568,2.0,2.0,4.0,34.0,2.8,1.0
77,18330,4,1.0440306508910548,3.0,2.0,4.0,35.0,2.9,1.0
77,18330,5,1.0440306508910548,3.0,1.0,4.0,34.0,2.9,1.0
77,18330,6,1.0440306508910548,3.0,2.0,5.0,34.0,2.9,1.0
77,18330,7,1.044030650891055,3.0,2.0,3.0,34.0,2.3,1.0
77,18330,8,1.0770329614269007,3.0,2.0,5.0,34.0,3.0,1.0
77,18330,9,1.0770329614269007,3.0,3.0,4.0,34.0,3.0,1.0
77,18330,10,1.22065556157337,3.0,2.0,4.0,33.0,3.3,1.0
78,5461,1,0.58309518948453,1.0,1.0,4.0,24.0,2.5,1.0
78,5461,2,1.16619037896906,1.0,1.0,4.0,23.5,2.8,1.0
78,5461,3,1.8138357147217055,2.0,2.0,3.0,25.0,2.4,1.0
78,5461,4,1.9339079605813716,2.0,2.0,3.0,25.0,2.9,1.0
78,5461,5,2.2825424421026654,2.0,2.0,3.0,25.5,3.3,1.0
78,5461,6,2.3958297101421877,1.0,2.0,2.0,24.0,2.9,1.0
78,5461,7,2.449489742783178,1.0,2.0,4.0,26.5,3.2,1.0
78,5461,8,2.692582403567252,1.0,1.0,2.0,23.0,3.2,1.0
78,5461,9,2.72213151776324,1.0,1.0,5.0,27.0,2.6,1.0
78,5461,10,2.7313000567495322,3.0,2.0,3.0,24.0,3.3,1.0
79,16981,1,0.8999999999999999,1.0,1.0,1.0,26.5,3.9,1.0
79,16981,2,1.1224972160321824,1.0,1.0,2.0,27.0,2.9,1.0
79,16981,3,1.1874342087037917,1.0,1.0,2.0,27.0,2.6,1.0
79,16981,4,1.5524174696260025,2.0,1.0,1.0,27.0,2.6,2.0
79,16981,5,1.8275666882497066,2.0,2.0,2.0,26.0,2.7,1.0
79,16981,6,2.083266665599966,1.0,1.0,3.0,27.0,2.7,1.0
79,16981,7,2.29128784747792,3.0,1.0,2.0,27.0,3.0,1.0
79,16981,8,2.293468988235943,3.0,1.0,2.0,27.0,3.1,1.0
79,16981,9,2.293468988235943,3.0,2.0,1.0,27.0,3.1,1.0
79,16981,10,2.3108440016582685,2.0,2.0,1.0,25.0,2.7,2.0
80,14512,1,1.0440306508910548,6.0,4.0,3.0,32.0,3.0,1.0
80,14512,2,1.0770329614269007,6.0,4.0,4.0,33.0,3.1,1.0
80,14512,3,1.0770329614269007,5.0,4.0,4.0,32.0,3.1,1.0
80,14512,4,1.077032961426901,6.0,4.0,4.0,33.0,2.3,1.0
80,14512,5,1.118033988749895,5.0,4.0,4.0,32.0,3.2,1.0
80,14512,6,1.1224972160321824,5.0,4.0,4.0,32.5,2.8,1.0
80,14512,7,1.224744871391589,6.0,4.0,5.0,31.5,3.2,1.0
80,14512,8,1.345362404707371,6.0,4.0,3.0,32.0,3.6,1.0
80,14512,9,1.3747727084867518,5.0,4.0,4.0,31.5,3.5,1.0
80,14512,10,1.4142135623730951,5.0,4.0,4.0,33.0,2.7,1.0
81,5705,1,2.835489375751565,1.0,1.0,3.0,20.0,3.4,1.0
81,5705,2,3.0016662039607267,2.0,3.0,3.0,20.0,3.3,1.0
81,5705,3,3.014962686336267,2.0,1.0,1.0,20.0,2.9,1.0
81,5705,4,3.0413812651491097,3.0,3.0,2.0,20.0,2.7,1.0
81,5705,5,3.168595903550972,2.0,1.0,3.0,21.0,3.0,1.0
81,5705,6,3.306055050963307,3.0,2.0,2.0,20.7,2.4,2.0
81,5705,7,3.3896902513356584,2.0,1.0,2.0,21.0,3.9,1.0
81,5705,8,4.243819034784589,3.0,4.0,1.0,20.0,3.3,2.0
81,5705,9,4.261455150532504,4.0,4.0,1.0,20.0,2.8,1.0
81,5705,10,4.504442251822083,4.0,5.0,4.0,19.5,3.4,1.0
82,17941,1,0.10000000000000009,3.0,3.0,4.0,36.0,2.9,1.0
82,17941,2,0.10000000000000009,3.0,3.0,4.0,36.0,3.1,1.0
82,17941,3,0.3999999999999999,3.0,3.0,4.0,36.0,2.6,1.0
82,17941,4,0.3999999999999999,3.0,3.0,4.0,36.0,3.4,1.0
82,17941,5,0.5099019513592785,3.0,3.0,4.0,35.5,3.1,1.0
82,17941,6,0.6000000000000001,3.0,3.0,4.0,36.0,3.6,1.0
82,17941,7,0.6403124237432848,3.0,3.0,4.0,36.5,3.4,1.0
82,17941,8,1.0,3.0,2.0,4.0,36.0,3.0,1.0
82,17941,9,1.004987562112089,3.0,3.0,4.0,35.0,2.9,1.0
82,17941,10,1.004987562112089,3.0,3.0,4.0,37.0,2.9,1.0
83,14096,1,1.445683229480096,2.0,1.0,3.0,21.0,3.0,1.0
83,14096,2,1.57797338380595,1.0,1.0,3.0,20.0,3.4,1.0
83,14096,3,2.315167380558045,2.0,3.0,3.0,20.0,3.3,1.0
83,14096,4,2.537715508089904,2.0,1.0,2.0,21.0,3.9,1.0
83,14096,5,2.753179979587241,3.0,2.0,2.0,20.7,2.4,2.0
83,14096,6,3.0,3.0,3.0,2.0,20.0,2.7,1.0
83,14096,7,3.0066592756745814,2.0,1.0,1.0,20.0,2.9,1.0
83,14096,8,3.17804971641414,2.0,2.0,3.0,22.7,3.6,1.0
83,14096,9,3.195309061734091,1.0,1.0,2.0,22.0,3.8,1.0
83,14096,10,3.641428291206625,1.0,1.0,4.0,23.5,2.8,1.0
84,14047,1,2.753179979587241,3.0,2.0,2.0,20.7,2.4,2.0
84,14047,2,3.0,3.0,3.0,2.0,20.0,2.7,1.0
84,14047,3,3.163858403911275,5.0,3.0,2.0,22.0,2.8,2.0
84,14047,4,3.176476034853718,2.0,1.0,3.0,21.0,3.0,1.0
84,14047,5,3.3226495451672298,4.0,2.0,3.0,23.0,2.9,1.0
84,14047,6,3.5270384177096794,2.0,1.0,2.0,21.0,3.9,1.0
84,14047,7,3.6110940170535577,2.0,1.0,1.0,20.0,2.9,1.0
84,14047,8,3.655133376499413,2.0,3.0,3.0,20.0,3.3,1.0
84,14047,9,3.7429934544425802,4.0,4.0,1.0,20.0,2.8,1.0
84,14047,10,4.060788100849391,1.0,1.0,3.0,20.0,3.4,1.0
85,20346,1,1.2083045973594573,1.0,1.0,2.0,23.0,3.2,1.0
85,20346,2,1.3747727084867518,1.0,2.0,2.0,24.0,2.9,1.0
85,20346,3,2.1,1.0,1.0,4.0,24.0,2.5,1.0
85,20346,4,2.118962010041709,1.0,1.0,4.0,23.5,2.8,1.0
85,20346,5,2.1213203435596424,1.0,3.0,2.0,24.0,2.6,1.0
85,20346,6,2.2671568097509267,1.0,1.0,2.0,22.0,3.8,1.0
85,20346,7,2.3108440016582685,2.0,2.0,3.0,25.0,2.4,1.0
85,20346,8,2.4269322199023193,2.0,2.0,3.0,25.0,2.9,1.0
85,20346,9,2.4269322199023193,2.0,2.0,3.0,22.7,3.6,1.0
85,20346,10,2.570992026436488,2.0,2.0,1.0,25.0,2.7,2.0
86,17074,1,0.5,1.0,1.0,3.0,33.0,3.5,1.0
86,17074,2,1.019803902718557,1.0,1.0,3.0,34.0,3.2,1.0
86,17074,3,1.019803902718557,1.0,1.0,3.0,34.0,3.2,1.0
86,17074,4,1.0440306508910548,2.0,1.0,3.0,33.0,2.7,1.0
86,17074,5,1.0440306508910548,1.0,1.0,3.0,34.0,3.3,1.0
86,17074,6,1.118033988749895,1.0,1.0,3.0,32.0,3.5,1.0
86,17074,7,1.1661903789690602,1.0,1.0,3.0,32.0,3.6,1.0
86,17074,8,1.469693845669907,2.0,2.0,3.0,33.0,3.4,1.0
86,17074,9,1.4999999999999993,2.0,1.0,4.0,32.7,3.4,1.0
86,17074,10,1.5297058540778354,2.0,2.0,3.0,32.5,3.3,1.0
87,11100,1,0.5385164807134505,3.0,2.0,3.0,29.5,3.0,1.0
87,11100,2,0.9000000000000004,3.0,2.0,3.0,30.0,3.7,1.0
87,11100,3,1.044030650891055,2.0,2.0,3.0,30.0,3.1,1.0
87,11100,4,1.077032961426901,3.0,3.0,3.0,30.0,3.2,1.0
87,11100,5,1.1575836902790226,3.0,3.0,3.0,29.5,3.1,1.0
87,11100,6,1.1661903789690602,3.0,2.0,3.0,31.0,3.4,1.0
87,11100,7,1.2206555615733703,3.0,3.0,3.0,30.0,3.5,1.0
87,11100,8,1.2206555615733703,2.0,2.0,3.0,30.0,3.5,1.0
87,11100,9,1.2688577540449522,2.0,2.0,3.0,30.5,3.4,1.0
87,11100,10,1.4177446878757827,3.0,3.0,2.0,30.0,2.9,1.0
88,5496,1,1.7435595774162693,2.0,5.0,3.0,22.0,2.4,1.0
88,5496,2,1.8681541692269403,3.0,3.0,3.0,23.0,2.9,1.0
88,5496,3,2.41039415863879,4.0,4.0,4.0,24.0,3.1,1.0
88,5496,4,2.6476404589747453,5.0,5.0,3.0,23.0,2.3,1.0
88,5496,5,2.7367864366808017,4.0,2.0,3.0,23.0,2.9,1.0
88,5496,6,2.8653097563788803,2.0,3.0,3.0,20.0,3.3,1.0
88,5496,7,2.9068883707497264,2.0,2.0,3.0,22.7,3.6,1.0
88,5496,8,3.0413812651491097,3.0,3.0,2.0,20.0,2.7,1.0
88,5496,9,3.0919249667480613,2.0,5.0,2.0,22.0,3.8,2.0
88,5496,10,3.1128764832546763,4.0,5.0,4.0,19.5,3.4,1.0
89,17456,1,0.3999999999999999,5.0,4.0,4.0,35.0,3.4,1.0
89,17456,2,0.5,5.0,4.0,4.0,35.0,3.5,1.0
89,17456,3,1.0,5.0,5.0,4.0,35.0,3.0,1.0
89,17456,4,1.0,5.0,3.0,4.0,35.0,3.0,1.0
89,17456,5,1.0,5.0,4.0,4.0,36.0,3.0,1.0
89,17456,6,1.0,5.0,4.0,5.0,35.0,3.0,1.0
89,17456,7,1.004987562112089,5.0,4.0,3.0,35.0,3.1,1.0
89,17456,8,1.004987562112089,5.0,5.0,4.0,35.0,3.1,1.0
89,17456,9,1.004987562112089,5.0,3.0,4.0,35.0,2.9,1.0
89,17456,10,1.004987562112089,5.0,4.0,4.0,36.0,2.9,1.0
90,10929,1,0.10000000000000009,5.0,1.0,4.0,34.0,2.9,1.0
90,10929,2,0.7810249675906655,5.0,1.0,4.0,33.5,3.4,1.0
90,10929,3,1.004987562112089,4.0,1.0,4.0,34.0,2.9,1.0
90,10929,4,1.019803902718557,4.0,1.0,4.0,34.0,3.0,1.0
90,10929,5,1.1224972160321824,5.0,2.0,4.0,34.5,2.9,1.0
90,10929,6,1.1357816691600546,4.0,1.0,4.0,33.5,3.0,1.0
90,10929,7,1.445683229480096,5.0,2.0,3.0,34.0,3.1,1.0
90,10929,8,1.5362291495737217,4.0,2.0,4.0,34.0,3.4,1.0
90,10929,9,1.7349351572897473,4.0,2.0,4.0,33.0,2.9,1.0
90,10929,10,1.7349351572897473,4.0,2.0,4.0,35.0,2.9,1.0
91,7639,1,1.118033988749895,5.0,3.0,3.0,42.0,2.9,1.0
91,7639,2,1.42828568570857,5.0,3.0,4.0,42.0,2.6,1.0
91,7639,3,1.42828568570857,5.0,3.0,4.0,42.0,2.6,1.0
91,7639,4,1.5362291495737217,4.0,2.0,3.0,43.0,3.0,1.0
91,7639,5,1.562049935181331,5.0,3.0,3.0,42.0,3.6,1.0
91,7639,6,1.6248076809271923,4.0,2.0,3.0,41.0,3.2,1.0
91,7639,7,1.7204650534085253,5.0,3.0,3.0,42.0,3.8,1.0
91,7639,8,1.7320508075688772,4.0,2.0,3.0,41.0,3.4,1.0
91,7639,9,1.7320508075688772,6.0,3.0,3.0,42.0,3.4,1.0
91,7639,10,1.7320508075688772,5.0,3.0,2.0,42.0,3.4,1.0
92,10394,1,0.30000000000000027,1.0,1.0,4.0,29.0,3.2,1.0
92,10394,2,0.9433981132056606,1.0,1.0,4.0,29.5,3.7,1.0
92,10394,3,1.004987562112089,1.0,1.0,5.0,29.0,3.0,1.0
92,10394,4,1.004987562112089,2.0,1.0,4.0,29.0,3.0,1.0
92,10394,5,1.004987562112089,1.0,1.0,4.0,28.0,3.0,1.0
92,10394,6,1.2206555615733699,2.0,1.0,4.0,28.3,2.9,1.0
92,10394,7,1.2247448713915885,1.0,2.0,4.0,28.3,2.8,1.0
92,10394,8,1.319090595827292,1.0,1.0,3.0,29.5,3.6,1.0
92,10394,9,1.4142135623730951,2.0,1.0,4.0,30.0,2.9,1.0
92,10394,10,1.4177446878757827,1.0,1.0,3.0,28.0,2.8,1.0
93,15067,1,0.10000000000000009,3.0,3.0,4.0,34.0,3.0,1.0
93,15067,2,0.19999999999999973,3.0,3.0,4.0,34.0,3.3,1.0
93,15067,3,0.3999999999999999,3.0,3.0,4.0,34.0,2.7,1.0
93,15067,4,1.0,3.0,3.0,3.0,34.0,3.1,1.0
93,15067,5,1.0,3.0,3.0,3.0,34.0,3.1,1.0
93,15067,6,1.004987562112089,2.0,3.0,4.0,34.0,3.2,1.0
93,15067,7,1.004987562112089,3.0,3.0,4.0,33.0,3.2,1.0
93,15067,8,1.0198039027185568,3.0,3.0,4.0,35.0,3.3,1.0
93,15067,9,1.019803902718557,3.0,3.0,4.0,33.0,2.9,1.0
93,15067,10,1.019803902718557,3.0,3.0,4.0,35.0,2.9,1.0
94,18292,1,0.6999999999999997,3.0,2.0,3.0,24.0,3.3,1.0
94,18292,2,1.42828568570857,2.0,2.0,3.0,25.0,2.4,1.0
94,18292,3,1.445683229480096,2.0,2.0,3.0,25.0,2.9,1.0
94,18292,4,1.445683229480096,4.0,2.0,3.0,23.0,2.9,1.0
94,18292,5,1.445683229480096,3.0,3.0,3.0,23.0,2.9,1.0
94,18292,6,1.5811388300841898,3.0,2.0,3.0,25.5,3.1,1.0
94,18292,7,1.9209372712298551,2.0,2.0,3.0,22.7,3.6,1.0
94,18292,8,1.9339079605813716,2.0,2.0,3.0,25.5,3.3,1.0
94,18292,9,2.211334438749598,3.0,3.0,3.0,25.5,3.4,2.0
94,18292,10,2.2561028345356955,1.0,2.0,2.0,24.0,2.9,1.0
95,13931,1,1.0,2.0,1.0,3.0,36.0,3.7,1.0
95,13931,2,1.004987562112089,1.0,1.0,3.0,36.0,2.8,1.0
95,13931,3,1.004987562112089,2.0,1.0,4.0,36.0,2.8,1.0
95,13931,4,1.0198039027185568,1.0,1.0,3.0,36.0,2.9,1.0
95,13931,5,1.0198039027185568,2.0,2.0,3.0,36.0,2.9,1.0
95,13931,6,1.044030650891055,2.0,2.0,3.0,36.0,2.4,1.0
95,13931,7,1.0770329614269007,1.0,1.0,3.0,36.0,3.1,1.0
95,13931,8,1.0770329614269007,2.0,2.0,3.0,36.0,3.1,1.0
95,13931,9,1.118033988749895,2.0,1.0,4.0,36.0,3.2,1.0
95,13931,10,1.118033988749895,1.0,1.0,3.0,36.0,3.2,1.0
96,15999,1,1.004987562112089,8.0,6.0,2.0,33.0,3.2,2.0
96,15999,2,1.0440306508910548,8.0,6.0,3.0,32.0,3.4,2.0
96,15999,3,1.0770329614269007,8.0,6.0,3.0,33.0,3.5,1.0
96,15999,4,1.0770329614269007,8.0,6.0,3.0,33.0,3.5,1.0
96,15999,5,1.1575836902790226,8.0,6.0,3.0,33.5,2.8,1.0
96,15999,6,1.22065556157337,8.0,6.0,3.0,33.0,3.8,1.0
96,15999,7,1.4142135623730951,9.0,6.0,4.0,33.0,3.1,2.0
96,15999,8,1.4177446878757824,8.0,7.0,3.0,33.0,3.0,1.0
96,15999,9,1.4177446878757824,8.0,7.0,3.0,33.0,3.2,1.0
96,15999,10,1.469693845669907,7.0,6.0,3.0,33.0,3.5,1.0
97,3540,1,0.3999999999999999,5.0,3.0,4.0,35.0,3.0,1.0
97,3540,2,0.5,5.0,3.0,4.0,35.0,2.9,1.0
97,3540,3,0.6000000000000001,5.0,3.0,4.0,35.0,2.8,1.0
97,3540,4,1.0,5.0,3.0,5.0,35.0,3.4,1.0
97,3540,5,1.0,5.0,4.0,4.0,35.0,3.4,1.0
97,3540,6,1.0,5.0,3.0,4.0,36.0,3.4,1.0
97,3540,7,1.0,5.0,3.0,4.0,36.0,3.4,1.0
97,3540,8,1.004987562112089,4.0,3.0,4.0,35.0,3.3,1.0
97,3540,9,1.004987562112089,5.0,3.0,4.0,36.0,3.3,1.0
97,3540,10,1.004987562112089,5.0,3.0,4.0,34.0,3.5,1.0
98,10004,1,1.4177446878757824,3.0,1.0,2.0,27.0,3.0,1.0
98,10004,2,1.42828568570857,3.0,1.0,2.0,27.0,3.1,1.0
98,10004,3,1.445683229480096,4.0,1.0,2.0,27.0,2.6,2.0
98,10004,4,1.445683229480096,3.0,1.0,2.0,28.0,3.2,2.0
98,10004,5,1.7435595774162693,3.0,2.0,4.0,27.0,3.1,1.0
98,10004,6,1.7776388834631178,3.0,2.0,4.0,27.0,3.3,1.0
98,10004,7,1.8027756377319946,3.0,1.0,2.0,28.0,3.4,1.0
98,10004,8,1.8330302779823362,4.0,1.0,2.0,26.0,2.3,2.0
98,10004,9,1.8681541692269406,2.0,1.0,4.0,27.0,3.6,1.0
98,10004,10,2.009975124224178,4.0,2.0,2.0,28.0,2.7,2.0
99,10060,1,0.8602325267042628,1.0,1.0,3.0,29.5,3.6,1.0
99,10060,2,1.004987562112089,1.0,1.0,3.0,28.0,2.8,1.0
99,10060,3,1.004987562112089,1.0,2.0,3.0,29.0,2.8,1.0
99,10060,4,1.004987562112089,1.0,2.0,3.0,29.0,3.0,1.0
99,10060,5,1.044030650891055,1.0,1.0,4.0,29.0,3.2,1.0
99,10060,6,1.0770329614269007,1.0,2.0,3.0,29.0,3.3,1.0
99,10060,7,1.1661903789690602,1.0,1.0,3.0,30.0,3.5,1.0
99,10060,8,1.3747727084867523,1.0,1.0,4.0,29.5,3.7,1.0
99,10060,9,1.4177446878757827,1.0,2.0,2.0,29.0,3.0,1.0
99,10060,10,1.4177446878757827,1.0,1.0,4.0,28.0,3.0,1.0
100,5515,1,0.5999999999999996,1.0,1.0,3.0,28.0,2.8,1.0
100,5515,2,1.0440306508910548,1.0,1.0,3.0,28.0,2.5,2.0
100,5515,3,1.118033988749895,1.0,1.0,3.0,27.0,2.7,1.0
100,5515,4,1.2806248474865696,1.0,1.0,4.0,28.0,3.0,1.0
100,5515,5,1.469693845669907,1.0,1.0,2.0,27.0,2.6,1.0
100,5515,6,1.5362291495737215,1.0,2.0,3.0,29.0,2.8,1.0
100,5515,7,1.5652475842498528,1.0,2.0,4.0,28.3,2.8,1.0
100,5515,8,1.57797338380595,1.0,1.0,2.0,27.0,2.9,1.0
100,5515,9,1.606237840420901,2.0,1.0,4.0,28.3,2.9,1.0
100,5515,10,1.624807680927192,1.0,2.0,3.0,29.0,3.0,1.0
101,13644,1,1.077032961426901,1.0,2.0,3.0,29.0,3.3,1.0
101,13644,2,1.2206555615733703,1.0,2.0,3.0,29.0,3.0,1.0
101,13644,3,1.3453624047073711,1.0,1.0,3.0,28.0,2.8,1.0
101,13644,4,1.3453624047073711,1.0,2.0,3.0,29.0,2.8,1.0
101,13644,5,1.3784048752090226,1.0,2.0,4.0,28.3,2.8,1.0
101,13644,6,1.57797338380595,1.0,1.0,4.0,28.0,3.0,1.0
101,13644,7,1.57797338380595,1.0,2.0,2.0,29.0,3.0,1.0
101,13644,8,1.7320508075688772,1.0,1.0,3.0,27.0,2.7,1.0
101,13644,9,1.7320508075688772,1.0,1.0,4.0,27.0,3.7,1.0
101,13644,10,1.7492855684535902,2.0,2.0,4.0,27.5,2.8,1.0
102,4196,1,0.19999999999999973,9.0,9.0,4.0,40.0,3.1,1.0
102,4196,2,0.30000000000000027,9.0,9.0,4.0,40.0,3.6,1.0
102,4196,3,0.5,9.0,9.0,4.0,40.0,3.8,1.0
102,4196,4,0.58309518948453,9.0,9.0,4.0,39.5,3.0,1.0
102,4196,5,1.0,9.0,9.0,4.0,41.0,3.3,1.0
102,4196,6,1.0,9.0,9.0,4.0,39.0,3.3,1.0
102,4196,7,1.0,9.0,8.0,4.0,40.0,3.3,1.0
102,4196,8,1.0,9.0,9.0,4.0,39.0,3.3,1.0
102,4196,9,1.0,9.0,9.0,4.0,39.0,3.3,1.0
102,4196,10,1.0,8.0,9.0,4.0,40.0,3.3,1.0
103,7084,1,0.5099019513592785,1.0,1.0,4.0,31.0,3.1,1.0
103,7084,2,0.9433981132056606,1.0,1.0,4.0,31.0,2.4,1.0
103,7084,3,1.004987562112089,2.0,1.0,4.0,30.5,3.1,1.0
103,7084,4,1.118033988749895,1.0,1.0,4.0,29.5,3.7,1.0
103,7084,5,1.1357816691600546,1.0,1.0,5.0,30.0,3.4,1.0
103,7084,6,1.1357816691600546,1.0,1.0,3.0,31.0,3.4,1.0
103,7084,7,1.1357816691600546,1.0,2.0,4.0,30.0,3.0,1.0
103,7084,8,1.1575836902790224,1.0,2.0,4.0,31.0,3.5,1.0
103,7084,9,1.1575836902790224,1.0,1.0,3.0,30.0,3.5,1.0
103,7084,10,1.1575836902790226,1.0,2.0,4.0,31.0,2.9,1.0
104,16316,1,0.30000000000000027,1.0,1.0,4.0,40.0,2.8,1.0
104,16316,2,0.6000000000000001,1.0,1.0,4.0,40.0,2.5,1.0
104,16316,3,1.0,1.0,2.0,4.0,40.0,3.1,1.0
104,16316,4,1.0770329614269007,1.0,1.0,4.0,39.0,3.5,1.0
104,16316,5,1.118033988749895,2.0,1.0,4.0,40.0,2.6,1.0
104,16316,6,1.1224972160321824,1.0,1.0,5.0,39.5,3.0,1.0
104,16316,7,1.1661903789690602,2.0,1.0,4.0,40.0,3.7,1.0
104,16316,8,1.1661903789690602,1.0,1.0,4.0,39.0,2.5,1.0
104,16316,9,1.224744871391589,2.0,1.0,4.0,40.5,3.6,1.0
104,16316,10,1.2688577540449522,1.0,1.0,3.0,40.5,3.7,1.0
105,16137,1,1.0770329614269007,2.0,2.0,2.0,29.0,2.7,1.0
105,16137,2,1.4177446878757827,1.0,2.0,2.0,29.0,3.0,1.0
105,16137,3,1.445683229480096,3.0,1.0,2.0,28.0,3.4,1.0
105,16137,4,1.469693845669907,3.0,3.0,2.0,28.0,2.7,1.0
105,16137,5,1.503329637837291,2.0,2.0,2.0,29.5,3.2,1.0
105,16137,6,1.7320508075688772,3.0,2.0,1.0,27.0,3.1,1.0
105,16137,7,1.7320508075688772,3.0,1.0,2.0,27.0,3.1,1.0
105,16137,8,1.7349351572897473,1.0,2.0,3.0,29.0,3.0,1.0
105,16137,9,1.7349351572897473,3.0,1.0,2.0,27.0,3.0,1.0
105,16137,10,1.7349351572897473,3.0,1.0,2.0,28.0,3.2,2.0
106,5114,1,1.5,1.0,1.0,4.0,23.5,2.8,1.0
106,5114,2,1.972308292331602,1.0,1.0,4.0,24.0,2.5,1.0
106,5114,3,2.4758836806279896,2.0,2.0,3.0,22.7,3.6,1.0
106,5114,4,2.7092434368288134,2.0,1.0,3.0,21.0,3.0,1.0
106,5114,5,3.043024810940588,1.0,1.0,2.0,23.0,3.2,1.0
106,5114,6,3.082207001484488,1.0,1.0,2.0,22.0,3.8,1.0
106,5114,7,3.2031234756093934,1.0,1.0,3.0,20.0,3.4,1.0
106,5114,8,3.3541019662496847,3.0,2.0,3.0,24.0,3.3,1.0
106,5114,9,3.5227829907617076,1.0,2.0,2.0,24.0,2.9,1.0
106,5114,10,3.5227829907617076,3.0,3.0,3.0,23.0,2.9,1.0
107,9369,1,0.10000000000000009,5.0,6.0,3.0,39.0,3.7,1.0
107,9369,2,0.5,5.0,6.0,3.0,39.0,3.1,1.0
107,9369,3,1.0198039027185568,4.0,6.0,3.0,39.0,3.8,1.0
107,9369,4,1.0440306508910548,5.0,6.0,3.0,38.0,3.9,1.0
107,9369,5,1.044030650891055,5.0,6.0,3.0,40.0,3.3,1.0
107,9369,6,1.044030650891055,6.0,6.0,3.0,39.0,3.3,1.0
107,9369,7,1.118033988749895,5.0,5.0,3.0,39.0,3.1,1.0
107,9369,8,1.118033988749895,5.0,6.0,4.0,39.0,3.1,1.0
107,9369,9,1.1661903789690602,5.0,5.0,3.0,39.0,3.0,1.0
107,9369,10,1.2206555615733703,4.0,6.0,3.0,39.0,2.9,1.0
108,18021,1,1.0198039027185568,1.0,1.0,3.0,36.0,2.8,1.0
108,18021,2,1.0198039027185568,2.0,1.0,4.0,36.0,2.8,1.0
108,18021,3,1.019803902718557,2.0,2.0,3.0,36.0,2.4,1.0
108,18021,4,1.0440306508910548,2.0,2.0,3.0,36.0,2.9,1.0
108,18021,5,1.0440306508910548,1.0,1.0,3.0,36.0,2.9,1.0
108,18021,6,1.1,2.0,1.0,3.0,36.0,3.7,1.0
108,18021,7,1.118033988749895,1.0,1.0,3.0,36.0,3.1,1.0
108,18021,8,1.118033988749895,2.0,2.0,3.0,36.0,3.1,1.0
108,18021,9,1.1661903789690602,1.0,1.0,3.0,36.0,3.2,1.0
108,18021,10,1.1661903789690602,2.0,1.0,4.0,36.0,3.2,1.0
109,14233,1,1.42828568570857,1.0,1.0,4.0,24.0,2.5,1.0
109,14233,2,1.42828568570857,2.0,2.0,3.0,25.0,2.9,1.0
109,14233,3,1.445683229480096,2.0,2.0,3.0,25.0,2.4,1.0
109,14233,4,1.6155494421403511,2.0,2.0,3.0,25.5,3.3,1.0
109,14233,5,1.7435595774162693,1.0,2.0,2.0,24.0,2.9,1.0
109,14233,6,1.8055470085267789,1.0,1.0,4.0,23.5,2.8,1.0
109,14233,7,2.0,2.0,2.0,2.0,26.0,2.7,1.0
109,14233,8,2.0,1.0,1.0,3.0,27.0,2.7,1.0
109,14233,9,2.1213203435596424,1.0,2.0,4.0,26.5,3.2,1.0
109,14233,10,2.238302928559939,1.0,1.0,2.0,27.0,2.6,1.0
110,10529,1,0.30000000000000027,2.0,1.0,4.0,38.0,3.2,1.0
110,10529,2,0.7071067811865476,2.0,1.0,4.0,38.5,3.4,1.0
110,10529,3,1.0,2.0,2.0,4.0,38.0,2.9,1.0
110,10529,4,1.004987562112089,2.0,2.0,4.0,38.0,3.0,1.0
110,10529,5,1.004987562112089,2.0,2.0,4.0,38.0,3.0,1.0
110,10529,6,1.004987562112089,3.0,1.0,4.0,38.0,2.8,1.0
110,10529,7,1.004987562112089,2.0,2.0,4.0,38.0,2.8,1.0
110,10529,8,1.019803902718557,2.0,1.0,4.0,37.0,3.1,1.0
110,10529,9,1.019803902718557,2.0,2.0,4.0,38.0,3.1,1.0
110,10529,10,1.0770329614269007,2.0,2.0,4.0,38.0,3.3,1.0
111,9845,1,1.1575836902790226,1.0,1.0,3.0,34.0,3.2,1.0
111,9845,2,1.1575836902790226,1.0,1.0,3.0,34.0,3.2,1.0
111,9845,3,1.1874342087037917,1.0,1.0,3.0,34.0,3.3,1.0
111,9845,4,1.2688577540449522,1.0,1.0,3.0,33.0,3.5,1.0
111,9845,5,1.319090595827292,2.0,1.0,4.0,34.0,3.6,1.0
111,9845,6,1.3747727084867503,2.0,1.0,4.0,32.7,3.4,1.0
111,9845,7,1.42828568570857,2.0,2.0,4.0,33.5,3.1,1.0
111,9845,8,1.503329637837291,2.0,2.0,4.0,34.0,2.8,1.0
111,9845,9,1.5132745950421556,2.0,1.0,3.0,33.0,2.7,1.0
111,9845,10,1.5811388300841898,2.0,2.0,4.0,34.0,3.4,1.0
112,18662,1,0.09999999999999964,1.0,1.0,4.0,37.0,3.7,1.0
112,18662,2,0.09999999999999964,1.0,1.0,4.0,37.0,3.7,1.0
112,18662,3,1.004987562112089,1.0,2.0,4.0,37.0,3.9,1.0
112,18662,4,1.004987562112089,1.0,1.0,4.0,36.0,3.7,1.0
112,18662,5,1.004987562112089,1.0,1.0,4.0,38.0,3.7,1.0
112,18662,6,1.0770329614269007,1.0,2.0,4.0,37.0,3.4,1.0
112,18662,7,1.22065556157337,2.0,1.0,4.0,37.0,3.1,1.0
112,18662,8,1.4142135623730951,1.0,1.0,3.0,38.0,3.8,1.0
112,18662,9,1.4177446878757824,1.0,2.0,4.0,36.0,3.7,1.0
112,18662,10,1.445683229480096,2.0,2.0,4.0,37.0,3.5,1.0
113,20182,1,1.3038404810405295,1.0,1.0,3.0,20.0,3.4,1.0
113,20182,2,2.0928449536456344,2.0,1.0,3.0,21.0,3.0,1.0
113,20182,3,2.4186773244895647,2.0,1.0,1.0,20.0,2.9,1.0
113,20182,4,2.5475478405713994,2.0,3.0,3.0,20.0,3.3,1.0
113,20182,5,2.729468812791236,2.0,1.0,2.0,21.0,3.9,1.0
113,20182,6,2.9949958263743865,3.0,2.0,2.0,20.7,2.4,2.0
113,20182,7,3.106444913401813,3.0,3.0,2.0,20.0,2.7,1.0
113,20182,8,3.2465366161495846,1.0,1.0,2.0,22.0,3.8,1.0
113,20182,9,3.905124837953326,2.0,2.0,3.0,22.7,3.6,1.0
113,20182,10,3.9370039370059047,1.0,1.0,2.0,23.0,3.2,1.0
114,14429,1,1.0,5.0,4.0,4.0,31.0,2.7,1.0
114,14429,2,1.0770329614269007,4.0,3.0,4.0,31.0,3.1,1.0
114,14429,3,1.0770329614269007,4.0,3.0,4.0,31.0,3.1,1.0
114,14429,4,1.118033988749895,5.0,4.0,4.0,31.0,3.2,1.0
114,14429,5,1.16619037896906,5.0,3.0,4.0,30.0,3.3,1.0
114,14429,6,1.16619037896906,4.0,3.0,4.0,31.0,3.3,1.0
114,14429,7,1.345362404707371,5.0,3.0,4.0,31.0,3.6,2.0
114,14429,8,1.3747727084867518,5.0,4.0,4.0,31.5,3.5,1.0
114,14429,9,1.4142135623730951,5.0,2.0,4.0,30.0,2.7,1.0
114,14429,10,1.4142135623730951,4.0,3.0,4.0,31.0,3.7,1.0
115,3976,1,0.09999999999999964,3.0,2.0,4.0,36.0,3.2,1.0
115,3976,2,0.2999999999999998,3.0,2.0,4.0,36.0,3.0,1.0
115,3976,3,0.6999999999999997,3.0,2.0,4.0,36.0,2.6,1.0
115,3976,4,1.0,4.0,2.0,4.0,36.0,3.3,1.0
115,3976,5,1.0,4.0,2.0,4.0,36.0,3.3,1.0
115,3976,6,1.004987562112089,3.0,3.0,4.0,36.0,3.4,1.0
115,3976,7,1.004987562112089,2.0,2.0,4.0,36.0,3.2,1.0
115,3976,8,1.004987562112089,2.0,2.0,4.0,36.0,3.2,1.0
115,3976,9,1.004987562112089,3.0,2.0,4.0,37.0,3.2,1.0
115,3976,10,1.0198039027185568,2.0,2.0,4.0,36.0,3.1,1.0
116,18206,1,1.345362404707371,5.0,3.0,3.0,24.0,3.5,1.0
116,18206,2,1.445683229480096,5.0,5.0,3.0,23.0,2.3,1.0
116,18206,3,1.5,4.0,4.0,4.0,24.0,3.1,1.0
116,18206,4,2.238302928559939,5.0,4.0,2.0,26.0,2.7,1.0
116,18206,5,2.29128784747792,6.0,5.0,2.0,25.5,2.6,1.0
116,18206,6,2.3151673805580453,6.0,6.0,3.0,24.0,3.2,1.0
116,18206,7,2.33238075793812,6.0,5.0,3.0,25.0,3.8,2.0
116,18206,8,2.467792535850613,3.0,3.0,3.0,23.0,2.9,1.0
116,18206,9,2.467792535850613,4.0,2.0,3.0,23.0,2.9,1.0
116,18206,10,2.5475478405713994,4.0,3.0,3.0,26.0,3.3,1.0
117,14004,1,4.158124577258358,8.0,4.0,3.0,21.5,2.9,1.0
117,14004,2,4.583666654546336,8.0,4.0,3.0,22.0,2.8,1.0
117,14004,3,4.583666654546336,4.0,4.0,1.0,20.0,2.8,1.0
117,14004,4,4.662617290749907,4.0,5.0,4.0,19.5,3.4,1.0
117,14004,5,4.69041575982343,3.0,3.0,2.0,20.0,2.7,1.0
117,14004,6,4.796873982084583,5.0,3.0,2.0,22.0,2.8,2.0
117,14004,7,5.037856687123999,3.0,2.0,2.0,20.7,2.4,2.0
117,14004,8,5.418486873657627,3.0,4.0,1.0,20.0,3.3,2.0
117,14004,9,5.509990925582365,2.0,3.0,3.0,20.0,3.3,1.0
117,14004,10,5.834380858325929,2.0,1.0,1.0,20.0,2.9,1.0
118,10511,1,1.445683229480096,4.0,2.0,1.0,30.0,2.6,1.0
118,10511,2,1.7349351572897473,4.0,2.0,3.0,31.0,3.0,1.0
118,10511,3,1.7435595774162693,4.0,2.0,3.0,31.0,3.1,1.0
118,10511,4,1.8055470085267789,3.0,2.0,3.0,29.5,3.0,1.0
118,10511,5,1.8330302779823362,3.0,1.0,2.0,31.0,2.3,2.0
118,10511,6,1.8708286933869704,4.0,2.0,3.0,30.7,2.8,2.0
118,10511,7,1.9078784028338915,3.0,2.0,3.0,30.0,3.7,1.0
118,10511,8,1.9519221295943134,3.0,2.0,2.0,31.0,3.8,1.0
118,10511,9,2.0615528128088303,3.0,2.0,3.0,31.0,3.4,1.0
118,10511,10,2.0615528128088303,5.0,2.0,3.0,31.0,3.4,1.0
119,2466,1,0.19999999999999973,1.0,1.0,3.0,38.0,3.2,1.0
119,2466,2,0.3999999999999999,1.0,1.0,3.0,38.0,3.8,1.0
119,2466,3,0.6000000000000001,1.0,1.0,3.0,38.0,2.8,1.0
119,2466,4,1.0,1.0,2.0,3.0,38.0,3.4,1.0
119,2466,5,1.004987562112089,1.0,1.0,2.0,38.0,3.3,1.0
119,2466,6,1.044030650891055,1.0,1.0,4.0,38.0,3.7,1.0
119,2466,7,1.2806248474865696,1.0,2.0,3.0,38.0,2.6,1.0
119,2466,8,1.4177446878757827,1.0,1.0,2.0,37.0,3.5,1.0
119,2466,9,1.4177446878757827,1.0,1.0,4.0,39.0,3.5,1.0
119,2466,10,1.42828568570857,1.0,1.0,2.0,37.0,3.2,1.0
120,9661,1,1.0,1.0,1.0,3.0,36.0,2.9,1.0
120,9661,2,1.004987562112089,1.0,1.0,2.0,35.0,3.0,1.0
120,9661,3,1.004987562112089,1.0,1.0,3.0,36.0,2.8,1.0
120,9661,4,1.019803902718557,1.0,1.0,3.0,36.0,3.1,1.0
120,9661,5,1.044030650891055,1.0,1.0,3.0,34.0,3.2,1.0
120,9661,6,1.044030650891055,1.0,1.0,3.0,36.0,3.2,1.0
120,9661,7,1.044030650891055,1.0,1.0,3.0,34.0,3.2,1.0
120,9661,8,1.0770329614269007,2.0,1.0,3.0,35.0,3.3,1.0
120,9661,9,1.0770329614269007,1.0,1.0,3.0,34.0,3.3,1.0
120,9661,10,1.1357816691600546,1.0,1.0,4.0,35.5,3.1,1.0
121,16557,1,1.0,7.0,9.0,4.0,35.0,3.0,1.0
121,16557,2,1.118033988749895,6.0,8.0,4.0,35.0,3.5,1.0
121,16557,3,1.2206555615733703,6.0,8.0,4.0,35.0,3.7,1.0
121,16557,4,1.4142135623730951,7.0,8.0,4.0,35.0,3.0,1.0
121,16557,5,1.4177446878757827,6.0,9.0,3.0,36.0,2.9,1.0
121,16557,6,1.4177446878757827,5.0,8.0,4.0,35.0,3.1,1.0
121,16557,7,1.4177446878757827,7.0,8.0,4.0,35.0,3.1,1.0
121,16557,8,1.4177446878757827,7.0,9.0,4.0,34.0,3.1,1.0
121,16557,9,1.4177446878757827,7.0,9.0,4.0,36.0,2.9,1.0
121,16557,10,1.42828568570857,6.0,8.0,4.0,34.0,3.2,1.0
122,20211,1,1.118033988749895,1.0,1.0,3.0,28.0,2.8,1.0
122,20211,2,1.2041594578792298,2.0,1.0,4.0,28.3,2.9,1.0
122,20211,3,1.42828568570857,1.0,1.0,3.0,28.0,2.5,2.0
122,20211,4,1.469693845669907,1.0,1.0,3.0,27.0,2.7,1.0
122,20211,5,1.57797338380595,1.0,1.0,4.0,28.0,3.0,1.0
122,20211,6,1.57797338380595,2.0,1.0,4.0,29.0,3.0,1.0
122,20211,7,1.5811388300841898,2.0,2.0,4.0,27.5,2.8,1.0
122,20211,8,1.7578395831246947,1.0,1.0,2.0,27.0,2.6,1.0
122,20211,9,1.7776388834631178,2.0,2.0,2.0,29.0,2.7,1.0
122,20211,10,1.7916472867168918,3.0,1.0,2.0,28.0,3.4,1.0
123,8729,1,1.1575836902790224,1.0,1.0,1.0,26.5,3.9,1.0
123,8729,2,1.676305461424021,2.0,2.0,2.0,26.0,2.7,1.0
123,8729,3,1.7320508075688772,2.0,1.0,1.0,27.0,2.6,2.0
123,8729,4,1.8027756377319946,3.0,1.0,2.0,27.0,3.1,1.0
123,8729,5,1.8027756377319946,3.0,2.0,1.0,27.0,3.1,1.0
123,8729,6,1.8330302779823362,3.0,1.0,2.0,27.0,3.0,1.0
123,8729,7,1.8681541692269406,1.0,1.0,2.0,27.0,2.9,1.0
123,8729,8,1.9519221295943134,2.0,2.0,1.0,25.0,2.7,2.0
123,8729,9,2.0,1.0,1.0,2.0,27.0,2.6,1.0
123,8729,10,2.3108440016582685,2.0,2.0,3.0,25.5,3.3,1.0
124,14750,1,1.1224972160321824,1.0,2.0,4.0,26.5,3.2,1.0
124,14750,2,1.1661903789690602,1.0,1.0,4.0,27.0,3.7,1.0
124,14750,3,1.42828568570857,1.0,1.0,5.0,27.0,2.9,1.0
124,14750,4,1.469693845669907,1.0,1.0,3.0,27.0,2.7,1.0
124,14750,5,1.5,2.0,1.0,4.0,27.0,3.6,1.0
124,14750,6,1.5,1.0,1.0,5.0,27.0,2.6,1.0
124,14750,7,1.8138357147217055,2.0,2.0,3.0,25.5,3.3,1.0
124,14750,8,1.8330302779823362,1.0,2.0,5.0,27.0,2.5,1.0
124,14750,9,2.0024984394500787,1.0,1.0,4.0,28.0,3.0,1.0
124,14750,10,2.009975124224178,2.0,2.0,3.0,25.0,2.9,1.0
125,20049,1,0.10000000000000009,2.0,2.0,3.0,25.0,2.4,1.0
125,20049,2,0.3999999999999999,2.0,2.0,3.0,25.0,2.9,1.0
125,20049,3,0.9433981132056602,2.0,2.0,3.0,25.5,3.3,1.0
125,20049,4,1.2688577540449522,3.0,2.0,3.0,25.5,3.1,1.0
125,20049,5,1.42828568570857,2.0,2.0,2.0,26.0,2.7,1.0
125,20049,6,1.624807680927192,3.0,2.0,3.0,24.0,3.3,1.0
125,20049,7,1.6881943016134129,2.0,3.0,2.0,25.7,3.1,1.0
125,20049,8,1.7776388834631178,1.0,2.0,2.0,24.0,2.9,1.0
125,20049,9,2.0,1.0,1.0,4.0,24.0,2.5,1.0
125,20049,10,2.0024984394500787,1.0,3.0,2.0,24.0,2.6,1.0
126,12638,1,0.40000000000000036,6.0,6.0,3.0,34.0,3.3,1.0
126,12638,2,0.5099019513592785,6.0,6.0,3.0,34.5,3.6,1.0
126,12638,3,0.7810249675906655,6.0,6.0,3.0,34.5,3.1,1.0
126,12638,4,0.9433981132056606,6.0,6.0,3.0,33.5,2.9,1.0
126,12638,5,1.019803902718557,7.0,6.0,3.0,34.0,3.5,1.0
126,12638,6,1.044030650891055,6.0,7.0,3.0,34.0,3.4,1.0
126,12638,7,1.077032961426901,6.0,6.0,3.0,35.0,3.3,1.0
126,12638,8,1.077032961426901,6.0,7.0,3.0,34.0,3.3,1.0
126,12638,9,1.077032961426901,6.0,6.0,3.0,33.0,3.3,1.0
126,12638,10,1.118033988749895,7.0,6.0,3.0,33.5,3.7,1.0
127,6770,1,0.10000000000000009,2.0,2.0,3.0,35.0,3.1,1.0
127,6770,2,0.40000000000000036,2.0,2.0,3.0,35.0,2.8,1.0
127,6770,3,0.5,2.0,2.0,3.0,35.0,3.7,1.0
127,6770,4,0.6403124237432848,2.0,2.0,3.0,34.5,3.6,1.0
127,6770,5,1.0,2.0,3.0,3.0,35.0,3.2,1.0
127,6770,6,1.004987562112089,3.0,2.0,3.0,35.0,3.1,1.0
127,6770,7,1.004987562112089,2.0,2.0,4.0,35.0,3.1,1.0
127,6770,8,1.004987562112089,2.0,2.0,3.0,36.0,3.1,1.0
127,6770,9,1.004987562112089,2.0,1.0,3.0,35.0,3.3,1.0
127,6770,10,1.004987562112089,2.0,2.0,4.0,35.0,3.1,1.0
128,2233,1,1.0198039027185568,1.0,1.0,3.0,36.0,3.2,1.0
128,2233,2,1.0440306508910548,1.0,1.0,3.0,36.0,3.1,1.0
128,2233,3,1.118033988749895,1.0,1.0,3.0,36.0,2.9,1.0
128,2233,4,1.1661903789690602,1.0,1.0,3.0,36.0,2.8,1.0
128,2233,5,1.4177446878757824,1.0,2.0,3.0,36.0,3.3,1.0
128,2233,6,1.4177446878757827,1.0,2.0,4.0,36.0,3.5,2.0
128,2233,7,1.445683229480096,1.0,1.0,4.0,36.0,3.7,1.0
128,2233,8,1.445683229480096,2.0,1.0,3.0,36.0,3.7,1.0
128,2233,9,1.445683229480096,1.0,2.0,3.0,36.0,3.7,1.0
128,2233,10,1.445683229480096,1.0,2.0,3.0,36.0,3.1,1.0
129,16701,1,0.7810249675906655,1.0,1.0,3.0,29.5,3.6,1.0
129,16701,2,1.0,1.0,2.0,3.0,29.0,3.0,1.0
129,16701,3,1.019803902718557,1.0,1.0,3.0,28.0,2.8,1.0
129,16701,4,1.019803902718557,1.0,1.0,4.0,29.0,3.2,1.0
129,16701,5,1.019803902718557,1.0,2.0,3.0,29.0,2.8,1.0
129,16701,6,1.0440306508910548,1.0,2.0,3.0,29.0,3.3,1.0
129,16701,7,1.118033988749895,1.0,1.0,3.0,30.0,3.5,1.0
129,16701,8,1.319090595827292,1.0,1.0,4.0,29.5,3.7,1.0
129,16701,9,1.4142135623730951,1.0,2.0,2.0,29.0,3.0,1.0
129,16701,10,1.4142135623730951,1.0,1.0,4.0,28.0,3.0,1.0
130,19996,1,0.2999999999999998,1.0,2.0,3.0,29.0,2.8,1.0
130,19996,2,0.5,1.0,2.0,3.0,29.0,3.0,1.0
130,19996,3,0.7999999999999998,1.0,2.0,3.0,29.0,3.3,1.0
130,19996,4,1.118033988749895,1.0,2.0,2.0,29.0,3.0,1.0
130,19996,5,1.256980508997653,1.0,2.0,4.0,28.3,2.8,1.0
130,19996,6,1.42828568570857,2.0,2.0,2.0,29.0,2.7,1.0
130,19996,7,1.445683229480096,1.0,1.0,3.0,28.0,2.8,1.0
130,19996,8,1.5,1.0,2.0,4.0,30.0,3.0,1.0
130,19996,9,1.5132745950421556,1.0,3.0,4.0,29.5,2.7,1.0
130,19996,10,1.5362291495737217,2.0,2.0,3.0,30.0,3.1,1.0
131,20370,1,1.1999999999999997,3.0,2.0,4.0,31.0,3.3,1.0
131,20370,2,1.22065556157337,4.0,2.0,4.0,31.0,2.8,1.0
131,20370,3,1.4142135623730951,4.0,2.0,4.0,31.0,3.1,1.0
131,20370,4,1.469693845669907,4.0,2.0,4.0,32.0,2.5,1.0
131,20370,5,1.4866068747318506,3.0,2.0,4.0,32.0,3.2,1.0
131,20370,6,1.4866068747318506,3.0,1.0,4.0,31.0,3.2,1.0
131,20370,7,1.5,2.0,2.0,3.0,31.0,2.6,1.0
131,20370,8,1.57797338380595,3.0,3.0,4.0,32.0,2.8,1.0
131,20370,9,1.624807680927192,2.0,2.0,4.0,32.0,2.9,1.0
131,20370,10,1.624807680927192,2.0,2.0,4.0,32.0,2.9,1.0
132,4806,1,1.0,1.0,2.0,3.0,36.0,3.3,1.0
132,4806,2,1.0198039027185568,1.0,2.0,3.0,36.0,3.1,1.0
132,4806,3,1.077032961426901,1.0,2.0,3.0,36.0,3.7,1.0
132,4806,4,1.4177446878757824,1.0,1.0,3.0,36.0,3.2,1.0
132,4806,5,1.4177446878757824,1.0,1.0,2.0,37.0,3.2,1.0
132,4806,6,1.42828568570857,2.0,2.0,2.0,37.0,3.5,1.0
132,4806,7,1.42828568570857,1.0,1.0,1.0,36.0,3.5,1.0
132,4806,8,1.42828568570857,1.0,1.0,3.0,36.0,3.1,1.0
132,4806,9,1.42828568570857,2.0,3.0,2.0,36.0,3.5,1.0
132,4806,10,1.42828568570857,1.0,1.0,2.0,37.0,3.5,1.0
133,14516,1,0.6403124237432848,2.0,3.0,4.0,33.0,3.1,1.0
133,14516,2,0.7071067811865476,2.0,3.0,4.0,33.0,3.2,1.0
133,14516,3,1.004987562112089,2.0,3.0,4.0,33.5,2.8,1.0
133,14516,4,1.019803902718557,2.0,3.0,3.0,32.5,2.5,1.0
133,14516,5,1.118033988749895,2.0,4.0,4.0,32.0,2.7,1.0
133,14516,6,1.1224972160321824,3.0,3.0,4.0,32.0,2.8,1.0
133,14516,7,1.1357816691600546,2.0,2.0,4.0,32.0,2.9,1.0
133,14516,8,1.1357816691600546,2.0,2.0,4.0,32.0,2.9,1.0
133,14516,9,1.1357816691600546,3.0,3.0,4.0,33.0,2.9,1.0
133,14516,10,1.1874342087037917,2.0,3.0,3.0,32.0,3.1,1.0
134,13853,1,1.7000000000000004,6.0,2.0,3.0,27.3,3.2,1.0
134,13853,2,2.293468988235943,4.0,1.0,2.0,27.0,2.6,2.0
134,13853,3,2.3259406699226015,4.0,1.0,2.0,26.0,2.3,2.0
134,13853,4,2.570992026436488,5.0,2.0,4.0,28.0,3.3,1.0
134,13853,5,2.8442925306655784,5.0,3.0,4.0,27.5,2.4,1.0
134,13853,6,2.85657137141714,5.0,2.0,5.0,27.5,3.1,1.0
134,13853,7,2.8722813232690143,4.0,2.0,2.0,28.0,2.7,2.0
134,13853,8,2.8792360097775935,6.0,3.0,4.0,28.0,2.9,1.0
134,13853,9,2.9,5.0,3.0,3.0,28.0,3.1,1.0
134,13853,10,3.0413812651491097,6.0,2.0,4.0,29.0,2.7,1.0
135,16248,1,0.10000000000000009,2.0,2.0,4.0,40.0,3.2,1.0
135,16248,2,0.2999999999999998,2.0,2.0,4.0,40.0,3.4,1.0
135,16248,3,0.58309518948453,2.0,2.0,4.0,39.5,3.4,1.0
135,16248,4,0.6999999999999997,2.0,2.0,4.0,40.0,3.8,1.0
135,16248,5,1.0,1.0,2.0,4.0,40.0,3.1,1.0
135,16248,6,1.0,2.0,3.0,4.0,40.0,3.1,1.0
135,16248,7,1.004987562112089,2.0,3.0,4.0,40.0,3.2,1.0
135,16248,8,1.004987562112089,2.0,2.0,3.0,40.0,3.2,1.0
135,16248,9,1.004987562112089,2.0,2.0,3.0,40.0,3.2,1.0
135,16248,10,1.004987562112089,2.0,2.0,4.0,39.0,3.0,1.0
136,19970,1,1.0440306508910548,1.0,1.0,3.0,36.0,2.8,1.0
136,19970,2,1.0770329614269007,1.0,1.0,3.0,36.0,2.9,1.0
136,19970,3,1.0770329614269007,1.0,1.0,1.0,36.0,2.9,1.0
136,19970,4,1.118033988749895,1.0,1.0,2.0,35.0,3.0,1.0
136,19970,5,1.1357816691600546,1.0,1.0,1.0,35.5,2.7,1.0
136,19970,6,1.1661903789690602,1.0,1.0,3.0,36.0,3.1,1.0
136,19970,7,1.2206555615733703,1.0,1.0,2.0,37.0,3.2,1.0
136,19970,8,1.2206555615733703,1.0,1.0,3.0,36.0,3.2,1.0
136,19970,9,1.4142135623730951,1.0,1.0,1.0,36.0,3.5,1.0
136,19970,10,1.4142135623730951,1.0,1.0,2.0,37.0,3.5,1.0
137,14354,1,1.0440306508910548,6.0,5.0,3.0,38.0,3.0,1.0
137,14354,2,1.118033988749895,6.0,4.0,4.0,38.0,3.2,1.0
137,14354,3,1.16619037896906,6.0,4.0,3.0,37.0,3.3,1.0
137,14354,4,1.16619037896906,6.0,4.0,4.0,38.0,3.3,1.0
137,14354,5,1.22065556157337,6.0,4.0,3.0,39.0,3.4,1.0
137,14354,6,1.22065556157337,6.0,4.0,4.0,38.0,3.4,1.0
137,14354,7,1.2806248474865696,6.0,5.0,3.0,38.0,3.5,1.0
137,14354,8,1.345362404707371,7.0,4.0,3.0,38.0,3.6,1.0
137,14354,9,1.4142135623730951,5.0,4.0,3.0,37.0,2.7,1.0
137,14354,10,1.4142135623730951,5.0,4.0,4.0,38.0,2.7,1.0
138,7583,1,1.4866068747318506,5.0,3.0,3.0,24.0,3.5,1.0
138,7583,2,1.57797338380595,4.0,4.0,4.0,24.0,3.1,1.0
138,7583,3,2.0615528128088303,4.0,2.0,3.0,23.0,2.9,1.0
138,7583,4,2.4515301344262523,5.0,5.0,3.0,23.0,2.3,1.0
138,7583,5,2.5,3.0,3.0,3.0,23.0,2.9,1.0
138,7583,6,2.6095976701399777,4.0,3.0,3.0,26.0,3.3,1.0
138,7583,7,2.6095976701399777,3.0,2.0,3.0,24.0,3.3,1.0
138,7583,8,2.9563490998188966,3.0,2.0,3.0,25.5,3.1,1.0
138,7583,9,3.0016662039607267,3.0,4.0,4.0,26.0,2.5,1.0
138,7583,10,3.014962686336267,5.0,4.0,2.0,26.0,2.7,1.0
139,5050,1,0.5099019513592784,3.0,2.0,4.0,37.0,3.2,1.0
139,5050,2,0.5099019513592784,3.0,2.0,4.0,36.0,3.2,1.0
139,5050,3,0.58309518948453,3.0,2.0,4.0,37.0,3.0,1.0
139,5050,4,0.58309518948453,3.0,2.0,4.0,36.0,3.0,1.0
139,5050,5,0.5830951894845302,3.0,2.0,4.0,37.0,3.6,1.0
139,5050,6,0.8602325267042624,3.0,2.0,4.0,36.0,2.6,1.0
139,5050,7,0.8602325267042624,3.0,2.0,4.0,37.0,2.6,1.0
139,5050,8,0.9433981132056602,3.0,2.0,4.0,37.0,2.5,1.0
139,5050,9,1.004987562112089,3.0,3.0,4.0,36.5,3.4,1.0
139,5050,10,1.0198039027185568,3.0,2.0,3.0,36.5,3.1,1.0
140,15910,1,0.3999999999999999,2.0,2.0,3.0,39.0,2.7,1.0
140,15910,2,1.0,2.0,2.0,2.0,39.0,3.1,1.0
140,15910,3,1.004987562112089,3.0,2.0,3.0,39.0,3.0,1.0
140,15910,4,1.004987562112089,2.0,2.0,3.0,40.0,3.2,1.0
140,15910,5,1.004987562112089,2.0,2.0,3.0,40.0,3.2,1.0
140,15910,6,1.004987562112089,2.0,2.0,4.0,39.0,3.0,1.0
140,15910,7,1.0198039027185568,3.0,2.0,3.0,39.0,3.3,1.0
140,15910,8,1.0440306508910548,2.0,2.0,4.0,39.0,3.4,1.0
140,15910,9,1.0440306508910548,2.0,2.0,4.0,39.0,3.4,1.0
140,15910,10,1.044030650891055,2.0,1.0,3.0,39.0,2.8,1.0
141,11141,1,1.224744871391589,2.0,2.0,3.0,25.5,3.3,1.0
141,11141,2,1.4177446878757824,1.0,1.0,3.0,27.0,2.7,1.0
141,11141,3,1.4177446878757824,2.0,2.0,2.0,26.0,2.7,1.0
141,11141,4,1.4177446878757827,2.0,2.0,3.0,25.0,2.9,1.0
141,11141,5,1.469693845669907,2.0,2.0,3.0,25.0,2.4,1.0
141,11141,6,1.5297058540778357,3.0,2.0,3.0,25.5,3.1,1.0
141,11141,7,1.6248076809271923,2.0,1.0,4.0,27.0,3.6,1.0
141,11141,8,1.7349351572897473,1.0,1.0,2.0,27.0,2.9,1.0
141,11141,9,1.7435595774162693,1.0,1.0,2.0,27.0,2.6,1.0
141,11141,10,1.7435595774162693,3.0,1.0,2.0,27.0,3.0,1.0
142,18058,1,1.019803902718557,1.0,1.0,4.0,31.0,2.4,1.0
142,18058,2,1.0440306508910548,2.0,1.0,4.0,30.0,2.9,1.0
142,18058,3,1.0770329614269007,1.0,2.0,4.0,30.0,3.0,1.0
142,18058,4,1.118033988749895,1.0,1.0,4.0,31.0,3.1,1.0
142,18058,5,1.1661903789690602,1.0,1.0,4.0,29.0,3.2,1.0
142,18058,6,1.2083045973594573,1.0,1.0,4.0,29.5,3.7,1.0
142,18058,7,1.224744871391589,2.0,1.0,4.0,30.5,3.1,1.0
142,18058,8,1.2806248474865696,1.0,1.0,5.0,30.0,3.4,1.0
142,18058,9,1.345362404707371,1.0,1.0,3.0,30.0,3.5,1.0
142,18058,10,1.445683229480096,1.0,2.0,4.0,31.0,2.9,1.0
143,18038,1,1.42828568570857,1.0,1.0,4.0,23.5,2.8,1.0
143,18038,2,1.503329637837291,1.0,1.0,4.0,24.0,2.5,1.0
143,18038,3,1.6155494421403513,1.0,1.0,2.0,23.0,3.2,1.0
143,18038,4,1.6248076809271923,2.0,2.0,3.0,22.7,3.6,1.0
143,18038,5,1.6552945357246849,3.0,2.0,3.0,24.0,3.3,1.0
143,18038,6,1.8138357147217055,2.0,2.0,3.0,25.0,2.4,1.0
143,18038,7,1.8275666882497066,2.0,2.0,3.0,25.0,2.9,1.0
143,18038,8,1.8275666882497066,1.0,2.0,2.0,24.0,2.9,1.0
143,18038,9,2.3108440016582685,4.0,2.0,3.0,23.0,2.9,1.0
143,18038,10,2.3108440016582685,3.0,3.0,3.0,23.0,2.9,1.0
144,5545,1,1.624807680927192,2.0,1.0,3.0,21.0,3.0,1.0
144,5545,2,1.8681541692269403,4.0,2.0,3.0,23.0,2.9,1.0
144,5545,3,2.109502310972898,2.0,2.0,3.0,22.7,3.6,1.0
144,5545,4,2.174856317093155,3.0,2.0,2.0,20.7,2.4,2.0
144,5545,5,2.3430749027719964,3.0,3.0,3.0,23.0,2.9,1.0
144,5545,6,2.4269322199023193,2.0,1.0,2.0,21.0,3.9,1.0
144,5545,7,2.491987158875422,3.0,2.0,3.0,24.0,3.3,1.0
144,5545,8,2.6457513110645907,1.0,1.0,2.0,23.0,3.2,1.0
144,5545,9,2.7495454169735036,1.0,1.0,2.0,22.0,3.8,1.0
144,5545,10,2.758622844826744,1.0,1.0,4.0,23.5,2.8,1.0
145,19309,1,0.19999999999999973,5.0,4.0,3.0,27.0,3.6,1.0
145,19309,2,1.0295630140987,5.0,4.0,3.0,27.5,2.9,1.0
145,19309,3,1.3190905958272918,5.0,5.0,3.0,27.5,3.1,1.0
145,19309,4,1.4177446878757824,4.0,3.0,3.0,27.0,3.7,1.0
145,19309,5,1.5,5.0,5.0,4.0,27.0,3.3,1.0
145,19309,6,1.57797338380595,5.0,3.0,3.0,28.0,3.1,1.0
145,19309,7,1.7349351572897471,4.0,4.0,4.0,28.0,3.7,1.0
145,19309,8,1.7349351572897473,5.0,3.0,4.0,28.0,3.9,1.0
145,19309,9,1.7578395831246945,4.0,3.0,3.0,28.0,3.5,1.0
145,19309,10,1.7916472867168916,5.0,4.0,2.0,26.0,2.7,1.0
146,17768,1,0.20000000000000018,5.0,5.0,4.0,30.5,3.2,1.0
146,17768,2,0.3999999999999999,5.0,5.0,4.0,30.5,2.6,1.0
146,17768,3,0.5099019513592785,5.0,5.0,4.0,31.0,3.1,1.0
146,17768,4,1.0,5.0,5.0,4.0,29.5,3.0,1.0
146,17768,5,1.1357816691600546,4.0,5.0,4.0,30.3,2.5,1.0
146,17768,6,1.1357816691600546,6.0,5.0,4.0,31.0,3.2,1.0
146,17768,7,1.1357816691600546,5.0,4.0,4.0,31.0,3.2,1.0
146,17768,8,1.1357816691600546,6.0,5.0,4.0,31.0,2.8,1.0
146,17768,9,1.1575836902790224,5.0,5.0,4.0,30.0,3.3,2.0
146,17768,10,1.1575836902790224,5.0,4.0,4.0,31.0,2.7,1.0
147,1647,1,0.5099019513592785,6.0,4.0,4.0,38.0,3.4,1.0
147,1647,2,0.5385164807134505,6.0,4.0,4.0,38.0,3.3,1.0
147,1647,3,0.58309518948453,6.0,4.0,4.0,38.0,3.2,1.0
147,1647,4,0.7071067811865476,6.0,4.0,4.0,39.0,3.0,1.0
147,1647,5,1.0,6.0,5.0,4.0,38.5,3.5,1.0
147,1647,6,1.019803902718557,6.0,5.0,4.0,38.5,3.3,1.0
147,1647,7,1.118033988749895,6.0,5.0,4.0,38.0,3.5,1.0
147,1647,8,1.118033988749895,5.0,4.0,4.0,39.0,3.5,1.0
147,1647,9,1.118033988749895,6.0,5.0,4.0,39.0,3.5,1.0
147,1647,10,1.1224972160321824,6.0,4.0,3.0,39.0,3.4,1.0
148,596,1,1.5132745950421556,2.0,2.0,3.0,25.5,3.3,1.0
148,596,2,1.5362291495737217,2.0,2.0,3.0,25.0,2.9,1.0
148,596,3,1.7320508075688772,1.0,1.0,4.0,24.0,2.5,1.0
148,596,4,1.7916472867168918,2.0,2.0,3.0,25.0,2.4,1.0
148,596,5,1.8330302779823362,1.0,2.0,2.0,24.0,2.9,1.0
148,596,6,1.9339079605813716,1.0,1.0,4.0,23.5,2.8,1.0
148,596,7,2.083266665599966,1.0,2.0,4.0,26.5,3.2,1.0
148,596,8,2.1540659228538015,2.0,2.0,2.0,26.0,2.7,1.0
148,596,9,2.1540659228538015,1.0,1.0,3.0,27.0,2.7,1.0
148,596,10,2.244994432064365,1.0,1.0,4.0,27.0,3.7,1.0
149,9401,1,1.224744871391589,3.0,2.0,3.0,25.5,3.1,1.0
149,9401,2,1.5,3.0,1.0,2.0,27.0,3.1,1.0
149,9401,3,1.5297058540778357,2.0,2.0,3.0,25.5,3.3,1.0
149,9401,4,1.5362291495737217,3.0,1.0,2.0,27.0,3.0,1.0
149,9401,5,1.7320508075688772,2.0,1.0,4.0,27.0,3.6,1.0
149,9401,6,1.7578395831246947,3.0,2.0,4.0,27.0,3.3,1.0
149,9401,7,1.8027756377319946,3.0,2.0,4.0,27.0,3.1,1.0
149,9401,8,1.8681541692269406,2.0,2.0,3.0,25.0,2.9,1.0
149,9401,9,1.9519221295943134,2.0,2.0,2.0,26.0,2.7,1.0
149,9401,10,2.1071307505705477,2.0,2.0,3.0,25.0,2.4,1.0
150,17673,1,0.2999999999999998,3.0,2.0,4.0,38.0,2.7,1.0
150,17673,2,0.2999999999999998,3.0,2.0,4.0,38.0,3.3,1.0
150,17673,3,0.5,3.0,2.0,4.0,37.5,3.0,1.0
150,17673,4,1.0,3.0,2.0,4.0,37.0,3.0,1.0
150,17673,5,1.0,3.0,3.0,4.0,38.0,3.0,1.0
150,17673,6,1.0,3.0,2.0,3.0,38.0,3.0,1.0
150,17673,7,1.0,2.0,2.0,4.0,38.0,3.0,1.0
150,17673,8,1.0,3.0,3.0,4.0,38.0,3.0,1.0
150,17673,9,1.0,2.0,2.0,4.0,38.0,3.0,1.0
150,17673,10,1.0,3.0,3.0,4.0,38.0,3.0,1.0
151,17730,1,0.0,6.0,3.0,4.0,32.0,3.0,2.0
151,17730,2,1.4177446878757824,6.0,3.0,5.0,32.0,3.1,1.0
151,17730,3,1.4177446878757824,6.0,3.0,3.0,32.0,3.1,1.0
151,17730,4,1.5,6.0,3.0,3.0,31.5,3.0,1.0
151,17730,5,1.5362291495737217,5.0,3.0,4.0,31.0,3.6,2.0
151,17730,6,1.7320508075688772,6.0,4.0,3.0,32.0,3.0,1.0
151,17730,7,1.7320508075688772,6.0,3.0,3.0,33.0,3.0,1.0
151,17730,8,1.7349351572897473,6.0,4.0,4.0,33.0,3.1,1.0
151,17730,9,1.7349351572897473,5.0,4.0,4.0,32.0,3.1,1.0
151,17730,10,1.7435595774162693,5.0,4.0,4.0,32.0,3.2,1.0
152,15696,1,1.7578395831246945,1.0,1.0,3.0,20.0,3.4,1.0
152,15696,2,2.009975124224178,2.0,3.0,3.0,20.0,3.3,1.0
152,15696,3,2.009975124224178,2.0,1.0,1.0,20.0,2.9,1.0
152,15696,4,2.1540659228538015,2.0,1.0,2.0,21.0,3.9,1.0
152,15696,5,2.2315913604421396,3.0,2.0,2.0,20.7,2.4,2.0
152,15696,6,2.238302928559939,2.0,1.0,3.0,21.0,3.0,1.0
152,15696,7,2.4819347291981715,3.0,3.0,2.0,20.0,2.7,1.0
152,15696,8,2.5475478405713994,1.0,1.0,2.0,22.0,3.8,1.0
152,15696,9,3.0066592756745814,3.0,4.0,1.0,20.0,3.3,2.0
152,15696,10,3.2465366161495846,2.0,2.0,3.0,22.7,3.6,1.0
153,2313,1,0.7999999999999998,5.0,2.0,3.0,38.0,2.6,1.0
153,2313,2,1.0,5.0,3.0,3.0,38.0,3.4,1.0
153,2313,3,1.004987562112089,5.0,3.0,3.0,38.0,3.5,1.0
153,2313,4,1.044030650891055,4.0,2.0,3.0,38.0,3.7,1.0
153,2313,5,1.044030650891055,5.0,2.0,3.0,38.0,3.7,2.0
153,2313,6,1.4177446878757827,4.0,3.0,3.0,38.0,3.3,1.0
153,2313,7,1.4177446878757827,4.0,2.0,3.0,39.0,3.5,1.0
153,2313,8,1.4177446878757827,4.0,2.0,2.0,38.0,3.5,1.0
153,2313,9,1.42828568570857,4.0,3.0,3.0,38.0,3.2,1.0
153,2313,10,1.469693845669907,5.0,2.0,4.0,39.0,3.0,1.0
154,12534,1,1.118033988749895,2.0,2.0,3.0,37.0,3.2,1.0
154,12534,2,1.118033988749895,2.0,2.0,3.0,37.0,3.2,1.0
154,12534,3,1.4142135623730951,2.0,2.0,3.0,38.0,3.7,1.0
154,12534,4,1.4177446878757824,2.0,2.0,3.0,38.0,3.6,1.0
154,12534,5,1.4177446878757824,2.0,2.0,3.0,36.0,3.6,1.0
154,12534,6,1.4177446878757824,3.0,2.0,3.0,37.0,3.8,1.0
154,12534,7,1.42828568570857,2.0,2.0,2.0,37.0,3.5,1.0
154,12534,8,1.42828568570857,2.0,2.0,4.0,37.0,3.5,1.0
154,12534,9,1.445683229480096,2.0,3.0,3.0,37.0,3.4,1.0
154,12534,10,1.5,3.0,2.0,3.0,37.0,3.2,1.0
155,20224,1,1.0295630140987002,1.0,1.0,4.0,29.0,3.2,1.0
155,20224,2,1.2688577540449522,2.0,1.0,4.0,30.0,2.9,1.0
155,20224,3,1.319090595827292,1.0,1.0,5.0,29.0,3.0,1.0
155,20224,4,1.319090595827292,1.0,2.0,4.0,30.0,3.0,1.0
155,20224,5,1.319090595827292,2.0,1.0,4.0,29.0,3.0,1.0
155,20224,6,1.4000000000000004,1.0,1.0,4.0,29.5,3.7,1.0
155,20224,7,1.503329637837291,1.0,1.0,4.0,31.0,2.4,1.0
155,20224,8,1.5684387141358123,1.0,1.0,5.0,30.0,3.4,1.0
155,20224,9,1.5811388300841898,1.0,2.0,3.0,29.0,2.8,1.0
155,20224,10,1.6248076809271923,2.0,1.0,4.0,30.5,3.1,1.0
156,4920,1,1.4142135623730951,4.0,3.0,3.0,26.0,3.3,1.0
156,4920,2,1.42828568570857,4.0,4.0,4.0,24.0,3.1,1.0
156,4920,3,1.7435595774162693,5.0,3.0,3.0,24.0,3.5,1.0
156,4920,4,1.7435595774162693,3.0,5.0,3.0,26.0,3.5,1.0
156,4920,5,1.8055470085267789,3.0,3.0,3.0,25.5,3.4,2.0
156,4920,6,1.8330302779823358,5.0,4.0,2.0,26.0,2.7,1.0
156,4920,7,1.9078784028338913,3.0,4.0,4.0,26.0,2.5,1.0
156,4920,8,2.244994432064365,4.0,4.0,1.0,26.0,3.5,1.0
156,4920,9,2.2561028345356955,5.0,4.0,3.0,27.0,3.6,1.0
156,4920,10,2.2715633383201093,4.0,3.0,3.0,27.0,3.7,1.0
157,10859,1,0.40000000000000036,4.0,4.0,3.0,39.0,3.2,1.0
157,10859,2,1.0,4.0,4.0,3.0,40.0,2.8,1.0
157,10859,3,1.0,4.0,4.0,3.0,40.0,2.8,1.0
157,10859,4,1.004987562112089,4.0,4.0,3.0,40.0,2.9,1.0
157,10859,5,1.004987562112089,4.0,5.0,3.0,39.0,2.7,1.0
157,10859,6,1.004987562112089,5.0,4.0,3.0,39.0,2.7,1.0
157,10859,7,1.0198039027185568,4.0,4.0,3.0,38.0,2.6,1.0
157,10859,8,1.044030650891055,4.0,4.0,3.0,40.0,3.1,1.0
157,10859,9,1.077032961426901,4.0,4.0,4.0,39.0,3.2,1.0
157,10859,10,1.118033988749895,4.0,4.0,4.0,39.0,3.3,1.0
158,18481,1,1.0770329614269007,1.0,1.0,2.0,35.0,3.0,1.0
158,18481,2,1.1661903789690602,1.0,1.0,3.0,34.0,3.2,1.0
158,18481,3,1.1661903789690602,1.0,1.0,3.0,34.0,3.2,1.0
158,18481,4,1.22065556157337,1.0,1.0,3.0,34.0,3.3,1.0
158,18481,5,1.4177446878757827,2.0,1.0,2.0,35.0,2.5,1.0
158,18481,6,1.445683229480096,1.0,1.0,1.0,35.0,2.9,1.0
158,18481,7,1.676305461424021,1.0,1.0,3.0,33.0,3.5,1.0
158,18481,8,1.7,2.0,1.0,3.0,34.5,3.4,1.0
158,18481,9,1.7349351572897473,2.0,1.0,3.0,33.0,2.7,1.0
158,18481,10,1.8055470085267789,1.0,1.0,1.0,35.5,2.7,1.0
159,3870,1,0.3999999999999999,3.0,2.0,4.0,35.0,2.9,1.0
159,3870,2,1.0,3.0,3.0,4.0,35.0,3.3,1.0
159,3870,3,1.004987562112089,3.0,2.0,3.0,35.0,3.4,1.0
159,3870,4,1.004987562112089,2.0,2.0,4.0,35.0,3.4,1.0
159,3870,5,1.004987562112089,3.0,2.0,4.0,36.0,3.2,1.0
159,3870,6,1.0198039027185568,3.0,2.0,3.0,35.0,3.1,1.0
159,3870,7,1.0198039027185568,2.0,2.0,4.0,35.0,3.1,1.0
159,3870,8,1.0198039027185568,2.0,2.0,4.0,35.0,3.1,1.0
159,3870,9,1.0440306508910548,3.0,2.0,4.0,36.0,3.0,1.0
159,3870,10,1.0440306508910548,4.0,2.0,4.0,35.0,3.0,1.0
160,10428,1,1.5,3.0,3.0,3.0,23.0,2.9,1.0
160,10428,2,1.6155494421403513,5.0,5.0,3.0,23.0,2.3,1.0
160,10428,3,1.8138357147217055,4.0,4.0,4.0,24.0,3.1,1.0
160,10428,4,2.0615528128088303,4.0,2.0,3.0,23.0,2.9,1.0
160,10428,5,2.0639767440550294,5.0,3.0,2.0,22.0,2.8,2.0
160,10428,6,2.147091055358389,5.0,3.0,3.0,24.0,3.5,1.0
160,10428,7,2.345207879911715,2.0,5.0,3.0,22.0,2.4,1.0
160,10428,8,2.72213151776324,3.0,2.0,3.0,24.0,3.3,1.0
160,10428,9,2.8390139133156778,2.0,5.0,2.0,22.0,3.8,2.0
160,10428,10,2.9206163733020465,2.0,2.0,3.0,22.7,3.6,1.0
161,20322,1,1.118033988749895,1.0,1.0,2.0,27.0,2.6,1.0
161,20322,2,1.22065556157337,1.0,1.0,3.0,28.0,2.8,1.0
161,20322,3,1.2806248474865696,1.0,1.0,2.0,27.0,2.9,1.0
161,20322,4,1.469693845669907,1.0,1.0,3.0,28.0,2.5,2.0
161,20322,5,1.5362291495737217,1.0,1.0,3.0,27.0,2.7,1.0
161,20322,6,1.676305461424021,1.0,2.0,2.0,29.0,3.0,1.0
161,20322,7,1.8330302779823362,2.0,2.0,2.0,29.0,2.7,1.0
161,20322,8,1.8681541692269403,1.0,2.0,3.0,29.0,2.8,1.0
161,20322,9,1.9078784028338913,2.0,1.0,1.0,29.0,2.9,1.0
161,20322,10,1.9519221295943134,1.0,2.0,3.0,29.0,3.0,1.0
162,3637,1,0.5099019513592784,3.0,2.0,4.0,37.0,3.2,1.0
162,3637,2,0.5099019513592784,3.0,2.0,4.0,36.0,3.2,1.0
162,3637,3,0.58309518948453,3.0,2.0,4.0,37.0,3.0,1.0
162,3637,4,0.58309518948453,3.0,2.0,4.0,36.0,3.0,1.0
162,3637,5,0.5830951894845302,3.0,2.0,4.0,37.0,3.6,1.0
162,3637,6,0.8602325267042624,3.0,2.0,4.0,36.0,2.6,1.0
162,3637,7,0.8602325267042624,3.0,2.0,4.0,37.0,2.6,1.0
162,3637,8,0.9433981132056602,3.0,2.0,4.0,37.0,2.5,1.0
162,3637,9,1.004987562112089,3.0,3.0,4.0,36.5,3.4,1.0
162,3637,10,1.0198039027185568,3.0,2.0,3.0,36.5,3.1,1.0
163,4053,1,0.40000000000000036,1.0,1.0,4.0,27.0,3.7,1.0
163,4053,2,1.0440306508910548,1.0,1.0,4.0,28.0,3.0,1.0
163,4053,3,1.044030650891055,2.0,1.0,4.0,27.0,3.6,1.0
163,4053,4,1.0770329614269007,1.0,1.0,5.0,27.0,2.9,1.0
163,4053,5,1.1224972160321824,1.0,2.0,4.0,26.5,3.2,1.0
163,4053,6,1.16619037896906,1.0,1.0,3.0,27.0,2.7,1.0
163,4053,7,1.22065556157337,1.0,1.0,5.0,27.0,2.6,1.0
163,4053,8,1.5,1.0,1.0,3.0,28.0,2.8,1.0
163,4053,9,1.5811388300841898,2.0,2.0,4.0,27.5,2.8,1.0
163,4053,10,1.624807680927192,1.0,2.0,5.0,27.0,2.5,1.0
164,2220,1,0.6403124237432848,6.0,8.0,3.0,31.5,3.0,1.0
164,2220,2,1.0,6.0,8.0,3.0,31.0,3.4,1.0
164,2220,3,1.0770329614269007,6.0,8.0,4.0,32.0,3.0,1.0
164,2220,4,1.118033988749895,7.0,8.0,3.0,32.0,2.9,1.0
164,2220,5,1.4142135623730951,6.0,7.0,4.0,32.0,3.4,1.0
164,2220,6,1.42828568570857,6.0,8.0,4.0,33.0,3.6,1.0
164,2220,7,1.42828568570857,7.0,7.0,3.0,32.0,3.2,1.0
164,2220,8,1.469693845669907,7.0,8.0,3.0,33.0,3.0,1.0
164,2220,9,1.469693845669907,6.0,8.0,4.0,31.0,3.8,1.0
164,2220,10,1.469693845669907,7.0,8.0,3.0,31.0,3.0,1.0
165,14424,1,1.224744871391589,1.0,1.0,2.0,23.0,3.2,1.0
165,14424,2,1.5684387141358118,1.0,1.0,2.0,22.0,3.8,1.0
165,14424,3,2.071231517720798,1.0,2.0,2.0,24.0,2.9,1.0
165,14424,4,2.3853720883753127,2.0,1.0,2.0,21.0,3.9,1.0
165,14424,5,2.6172504656604803,2.0,2.0,3.0,22.7,3.6,1.0
165,14424,6,2.694438717061496,1.0,3.0,2.0,24.0,2.6,1.0
165,14424,7,2.7,2.0,1.0,1.0,20.0,2.9,1.0
165,14424,8,2.7092434368288134,2.0,1.0,3.0,21.0,3.0,1.0
165,14424,9,3.0413812651491097,2.0,2.0,1.0,25.0,2.7,2.0
165,14424,10,3.163858403911275,1.0,1.0,4.0,23.5,2.8,1.0
166,20102,1,0.6403124237432851,1.0,3.0,4.0,29.5,2.7,1.0
166,20102,2,1.3190905958272916,1.0,2.0,4.0,28.3,2.8,1.0
166,20102,3,1.3453624047073711,1.0,3.0,4.0,29.0,3.2,2.0
166,20102,4,1.5,1.0,2.0,3.0,29.0,2.8,1.0
166,20102,5,1.57797338380595,1.0,2.0,4.0,30.0,3.0,1.0
166,20102,6,1.57797338380595,1.0,2.0,3.0,29.0,3.0,1.0
166,20102,7,1.6248076809271923,2.0,3.0,4.0,28.0,3.1,1.0
166,20102,8,1.652271164185831,2.0,4.0,4.0,29.3,3.1,1.0
166,20102,9,1.7320508075688772,1.0,2.0,3.0,29.0,3.3,1.0
166,20102,10,1.7320508075688772,2.0,3.0,3.0,29.0,3.3,1.0
167,14551,1,1.0862780491200217,1.0,1.0,3.0,31.3,3.0,1.0
167,14551,2,1.22065556157337,2.0,1.0,3.0,31.0,3.4,2.0
167,14551,3,1.22065556157337,1.0,1.0,3.0,31.0,3.4,1.0
167,14551,4,1.4177446878757824,1.0,2.0,3.0,31.0,2.8,1.0
167,14551,5,1.445683229480096,1.0,1.0,4.0,31.0,2.4,1.0
167,14551,6,1.445683229480096,1.0,2.0,3.0,31.0,3.0,1.0
167,14551,7,1.469693845669907,1.0,1.0,4.0,31.0,3.1,1.0
167,14551,8,1.624807680927192,1.0,1.0,3.0,30.0,3.5,1.0
167,14551,9,1.624807680927192,1.0,1.0,3.0,32.0,3.5,1.0
167,14551,10,1.676305461424021,1.0,1.0,3.0,32.0,3.6,1.0
168,18252,1,1.0770329614269007,4.0,2.0,5.0,32.0,3.0,1.0
168,18252,2,1.1661903789690602,3.0,2.0,4.0,32.0,3.2,1.0
168,18252,3,1.22065556157337,3.0,2.0,5.0,33.0,3.3,1.0
168,18252,4,1.345362404707371,2.0,2.0,5.0,32.0,3.5,1.0
168,18252,5,1.345362404707371,3.0,2.0,4.0,32.0,3.5,1.0
168,18252,6,1.4142135623730951,4.0,2.0,5.0,33.0,2.6,1.0
168,18252,7,1.4177446878757827,4.0,2.0,4.0,32.0,2.5,1.0
168,18252,8,1.4177446878757827,4.0,3.0,5.0,32.0,2.5,1.0
168,18252,9,1.42828568570857,3.0,3.0,4.0,32.0,2.8,1.0
168,18252,10,1.445683229480096,2.0,2.0,4.0,32.0,2.9,1.0
169,14829,1,0.5,4.0,1.0,4.0,36.0,2.6,1.0
169,14829,2,0.8000000000000003,4.0,1.0,4.0,36.0,2.3,1.0
169,14829,3,1.004987562112089,3.0,1.0,4.0,36.0,3.0,1.0
169,14829,4,1.0198039027185568,4.0,2.0,4.0,36.0,3.3,1.0
169,14829,5,1.0198039027185568,4.0,2.0,4.0,36.0,3.3,1.0
169,14829,6,1.1661903789690602,3.0,1.0,4.0,36.0,3.7,1.0
169,14829,7,1.4177446878757827,3.0,2.0,4.0,36.0,3.2,1.0
169,14829,8,1.4177446878757827,4.0,2.0,4.0,35.0,3.0,1.0
169,14829,9,1.4177446878757827,3.0,2.0,4.0,36.0,3.0,1.0
169,14829,10,1.4177446878757827,4.0,1.0,3.0,37.0,3.0,1.0
170,19693,1,1.0,2.0,1.0,3.0,30.0,3.5,1.0
170,19693,2,1.0770329614269007,2.0,1.0,4.0,30.0,2.9,1.0
170,19693,3,1.1661903789690602,2.0,2.0,3.0,30.0,3.1,1.0
170,19693,4,1.2688577540449522,2.0,1.0,4.0,30.5,3.1,1.0
170,19693,5,1.4142135623730951,1.0,1.0,3.0,30.0,3.5,1.0
170,19693,6,1.4142135623730951,2.0,2.0,3.0,30.0,3.5,1.0
170,19693,7,1.4177446878757824,2.0,2.0,3.0,30.0,2.4,2.0
170,19693,8,1.4177446878757827,2.0,2.0,3.0,31.0,2.6,1.0
170,19693,9,1.4352700094407322,2.0,2.0,3.0,30.5,3.4,1.0
170,19693,10,1.445683229480096,1.0,1.0,2.0,30.0,2.8,1.0
171,10097,1,1.0,1.0,1.0,2.0,27.0,2.9,1.0
171,10097,2,1.0440306508910548,1.0,1.0,2.0,27.0,2.6,1.0
171,10097,3,1.42828568570857,1.0,1.0,3.0,27.0,2.7,1.0
171,10097,4,1.42828568570857,2.0,2.0,2.0,26.0,2.7,1.0
171,10097,5,1.5,1.0,1.0,1.0,26.5,3.9,1.0
171,10097,6,1.8466185312619388,2.0,2.0,3.0,25.5,3.3,1.0
171,10097,7,2.0,2.0,2.0,3.0,25.0,2.9,1.0
171,10097,8,2.0223748416156684,2.0,1.0,1.0,27.0,2.6,2.0
171,10097,9,2.0615528128088303,2.0,2.0,3.0,25.0,2.4,1.0
171,10097,10,2.23606797749979,1.0,2.0,2.0,24.0,2.9,1.0
172,10954,1,1.187434208703792,1.0,2.0,4.0,26.5,3.2,1.0
172,10954,2,1.3453624047073711,1.0,1.0,4.0,27.0,3.7,1.0
172,10954,3,1.4177446878757824,1.0,1.0,3.0,27.0,2.7,1.0
172,10954,4,1.4177446878757827,1.0,1.0,5.0,27.0,2.9,1.0
172,10954,5,1.42828568570857,1.0,1.0,5.0,27.0,2.6,1.0
172,10954,6,1.6248076809271923,2.0,1.0,4.0,27.0,3.6,1.0
172,10954,7,1.7578395831246945,1.0,2.0,5.0,27.0,2.5,1.0
172,10954,8,1.8708286933869707,2.0,2.0,3.0,25.5,3.3,1.0
172,10954,9,2.0024984394500787,2.0,2.0,3.0,25.0,2.9,1.0
172,10954,10,2.009975124224178,1.0,1.0,4.0,28.0,3.0,1.0
173,16021,1,0.30000000000000027,3.0,2.0,1.0,35.0,2.8,1.0
173,16021,2,1.4177446878757827,3.0,3.0,2.0,35.0,3.2,1.0
173,16021,3,1.42828568570857,3.0,3.0,1.0,36.0,2.9,1.0
173,16021,4,1.445683229480096,4.0,3.0,1.0,35.0,3.4,1.0
173,16021,5,1.469693845669907,2.0,2.0,1.0,34.0,3.5,1.0
173,16021,6,1.469693845669907,3.0,3.0,2.0,35.0,3.5,1.0
173,16021,7,1.5,2.0,2.0,1.0,34.0,3.6,1.0
173,16021,8,1.6552945357246849,3.0,3.0,2.0,35.5,2.4,1.0
173,16021,9,1.7320508075688772,3.0,1.0,2.0,36.0,3.1,1.0
173,16021,10,1.7435595774162693,2.0,3.0,2.0,35.0,3.3,1.0
174,19072,1,0.2999999999999998,1.0,1.0,4.0,39.0,3.5,1.0
174,19072,2,1.0,2.0,1.0,4.0,39.0,3.8,1.0
174,19072,3,1.004987562112089,1.0,1.0,4.0,38.0,3.7,1.0
174,19072,4,1.118033988749895,2.0,1.0,4.0,39.0,3.3,1.0
174,19072,5,1.1874342087037917,2.0,1.0,4.0,38.5,3.4,1.0
174,19072,6,1.2999999999999998,1.0,1.0,4.0,39.0,2.5,1.0
174,19072,7,1.3747727084867518,1.0,1.0,5.0,39.5,3.0,1.0
174,19072,8,1.4142135623730951,2.0,2.0,4.0,39.0,3.8,1.0
174,19072,9,1.4142135623730951,1.0,1.0,3.0,38.0,3.8,1.0
174,19072,10,1.4142135623730951,1.0,1.0,4.0,40.0,2.8,1.0
175,2680,1,0.20000000000000018,1.0,1.0,3.0,29.5,3.6,1.0
175,2680,2,0.5099019513592785,1.0,1.0,3.0,30.0,3.5,1.0
175,2680,3,1.044030650891055,1.0,1.0,4.0,29.5,3.7,1.0
175,2680,4,1.1224972160321824,2.0,1.0,3.0,30.0,3.5,1.0
175,2680,5,1.1224972160321824,1.0,2.0,3.0,29.0,3.3,1.0
175,2680,6,1.1357816691600546,1.0,1.0,4.0,29.0,3.2,1.0
175,2680,7,1.1874342087037917,1.0,2.0,3.0,29.0,3.0,1.0
175,2680,8,1.2688577540449522,1.0,2.0,3.0,29.0,2.8,1.0
175,2680,9,1.2688577540449522,1.0,1.0,2.0,30.0,2.8,1.0
175,2680,10,1.5,1.0,1.0,3.0,31.0,3.4,1.0
176,18112,1,0.5385164807134504,8.0,6.0,3.0,33.5,2.8,1.0
176,18112,2,0.8999999999999999,8.0,6.0,3.0,34.0,3.5,1.0
176,18112,3,1.004987562112089,8.0,6.0,2.0,34.0,2.7,1.0
176,18112,4,1.118033988749895,8.0,7.0,3.0,34.0,3.1,1.0
176,18112,5,1.1661903789690602,8.0,7.0,3.0,34.0,3.2,1.0
176,18112,6,1.1661903789690602,8.0,6.0,4.0,34.0,3.2,1.0
176,18112,7,1.1999999999999997,8.0,6.0,3.0,34.0,3.8,1.0
176,18112,8,1.22065556157337,8.0,6.0,3.0,35.0,3.3,1.0
176,18112,9,1.2688577540449522,8.0,6.0,3.0,34.5,3.2,2.0
176,18112,10,1.2806248474865696,8.0,6.0,4.0,34.0,3.4,1.0
177,19723,1,0.2999999999999998,5.0,6.0,3.0,36.0,2.8,1.0
177,19723,2,0.6000000000000001,5.0,6.0,3.0,36.0,3.1,1.0
177,19723,3,0.6403124237432848,5.0,6.0,3.0,36.5,2.9,1.0
177,19723,4,0.7999999999999998,5.0,6.0,3.0,36.0,3.3,1.0
177,19723,5,1.0,5.0,6.0,3.0,36.0,3.5,1.0
177,19723,6,1.0,5.0,6.0,4.0,36.0,2.5,1.0
177,19723,7,1.019803902718557,5.0,6.0,4.0,36.0,2.7,1.0
177,19723,8,1.019803902718557,5.0,7.0,3.0,36.0,2.7,1.0
177,19723,9,1.0440306508910548,5.0,5.0,3.0,36.0,2.8,1.0
177,19723,10,1.0770329614269007,5.0,5.0,3.0,36.0,2.1,1.0
178,5056,1,1.0,1.0,1.0,3.0,34.0,3.3,1.0
178,5056,2,1.0,2.0,1.0,3.0,35.0,3.3,1.0
178,5056,3,1.004987562112089,1.0,1.0,3.0,36.0,3.2,1.0
178,5056,4,1.004987562112089,1.0,1.0,3.0,34.0,3.2,1.0
178,5056,5,1.004987562112089,1.0,1.0,3.0,34.0,3.2,1.0
178,5056,6,1.0198039027185568,1.0,1.0,3.0,36.0,3.1,1.0
178,5056,7,1.019803902718557,2.0,1.0,3.0,35.0,3.5,1.0
178,5056,8,1.0440306508910548,1.0,1.0,2.0,35.0,3.0,1.0
178,5056,9,1.0770329614269007,1.0,1.0,3.0,36.0,2.9,1.0
178,5056,10,1.118033988749895,1.0,1.0,3.0,36.0,2.8,1.0
179,17126,1,0.5,1.0,1.0,3.0,30.0,3.5,1.0
179,17126,2,0.7810249675906655,1.0,1.0,3.0,29.5,3.6,1.0
179,17126,3,1.019803902718557,1.0,1.0,2.0,30.0,2.8,1.0
179,17126,4,1.0770329614269007,1.0,1.0,3.0,31.0,3.4,1.0
179,17126,5,1.118033988749895,2.0,1.0,3.0,30.0,3.5,1.0
179,17126,6,1.3000000000000007,1.0,1.0,3.0,31.3,3.0,1.0
179,17126,7,1.319090595827292,1.0,1.0,4.0,29.5,3.7,1.0
179,17126,8,1.4142135623730951,1.0,2.0,3.0,29.0,3.0,1.0
179,17126,9,1.4142135623730951,1.0,2.0,4.0,30.0,3.0,1.0
179,17126,10,1.4142135623730951,1.0,2.0,3.0,31.0,3.0,1.0
180,311,1,1.019803902718557,3.0,3.0,4.0,45.0,3.7,1.0
180,311,2,1.4142135623730951,3.0,4.0,4.0,47.0,3.5,1.0
180,311,3,1.445683229480096,3.0,4.0,4.0,45.0,3.8,1.0
180,311,4,1.7349351572897473,2.0,2.0,4.0,47.0,3.4,1.0
180,311,5,1.7349351572897473,3.0,4.0,3.0,47.0,3.4,1.0
180,311,6,1.7349351572897473,4.0,4.0,4.0,47.0,3.6,1.0
180,311,7,1.7435595774162693,3.0,4.0,3.0,47.0,3.3,1.0
180,311,8,1.7435595774162693,4.0,4.0,3.0,46.0,3.3,1.0
180,311,9,1.7578395831246945,2.0,2.0,3.0,46.0,3.8,1.0
180,311,10,1.7578395831246945,3.0,2.0,4.0,47.0,3.2,2.0
181,16225,1,0.30000000000000027,1.0,1.0,2.0,30.0,2.8,1.0
181,16225,2,1.0770329614269007,1.0,1.0,3.0,30.0,3.5,1.0
181,16225,3,1.224744871391589,1.0,1.0,3.0,29.5,3.6,1.0
181,16225,4,1.4142135623730951,1.0,1.0,1.0,31.0,3.1,1.0
181,16225,5,1.4177446878757827,1.0,2.0,2.0,29.0,3.0,1.0
181,16225,6,1.4177446878757827,1.0,2.0,2.0,31.0,3.0,1.0
181,16225,7,1.42828568570857,1.0,2.0,2.0,31.0,2.9,1.0
181,16225,8,1.445683229480096,1.0,1.0,3.0,31.0,3.4,1.0
181,16225,9,1.469693845669907,2.0,1.0,3.0,30.0,3.5,1.0
181,16225,10,1.5,2.0,2.0,2.0,30.0,3.6,1.0
182,6813,1,1.0,1.0,1.0,3.0,34.0,3.2,1.0
182,6813,2,1.0,1.0,1.0,3.0,36.0,3.2,1.0
182,6813,3,1.0,1.0,1.0,3.0,34.0,3.2,1.0
182,6813,4,1.004987562112089,1.0,1.0,3.0,34.0,3.3,1.0
182,6813,5,1.004987562112089,2.0,1.0,3.0,35.0,3.3,1.0
182,6813,6,1.004987562112089,1.0,1.0,3.0,36.0,3.1,1.0
182,6813,7,1.019803902718557,1.0,1.0,2.0,35.0,3.0,1.0
182,6813,8,1.0440306508910548,2.0,1.0,3.0,35.0,3.5,1.0
182,6813,9,1.044030650891055,1.0,1.0,3.0,36.0,2.9,1.0
182,6813,10,1.077032961426901,1.0,1.0,3.0,36.0,2.8,1.0
183,8150,1,1.5297058540778357,2.0,2.0,3.0,25.5,3.3,1.0
183,8150,2,1.57797338380595,2.0,2.0,3.0,25.0,2.9,1.0
183,8150,3,1.7916472867168918,1.0,1.0,4.0,24.0,2.5,1.0
183,8150,4,1.854723699099141,2.0,2.0,3.0,25.0,2.4,1.0
183,8150,5,1.8681541692269406,1.0,2.0,2.0,24.0,2.9,1.0
183,8150,6,1.9723082923316022,1.0,1.0,4.0,23.5,2.8,1.0
183,8150,7,2.1,1.0,2.0,4.0,26.5,3.2,1.0
183,8150,8,2.1931712199461306,2.0,2.0,2.0,26.0,2.7,1.0
183,8150,9,2.1931712199461306,1.0,1.0,3.0,27.0,2.7,1.0
183,8150,10,2.238302928559939,1.0,1.0,4.0,27.0,3.7,1.0
184,2031,1,1.118033988749895,5.0,4.0,3.0,27.5,2.9,1.0
184,2031,2,1.1575836902790224,5.0,3.0,3.0,28.0,3.1,1.0
184,2031,3,1.1874342087037917,4.0,4.0,3.0,29.0,3.0,1.0
184,2031,4,1.2688577540449522,5.0,3.0,3.0,29.0,2.8,1.0
184,2031,5,1.3190905958272918,5.0,4.0,3.0,28.0,2.7,2.0
184,2031,6,1.3190905958272918,4.0,4.0,3.0,29.0,2.7,1.0
184,2031,7,1.3747727084867518,5.0,4.0,2.0,28.0,2.6,1.0
184,2031,8,1.4177446878757827,4.0,5.0,3.0,28.5,3.3,1.0
184,2031,9,1.42828568570857,4.0,3.0,3.0,28.5,3.6,1.0
184,2031,10,1.4352700094407322,6.0,4.0,3.0,29.0,2.5,1.0
185,14513,1,0.58309518948453,4.0,4.0,4.0,32.5,3.0,1.0
185,14513,2,0.5999999999999996,4.0,4.0,4.0,32.0,3.3,1.0
185,14513,3,0.7999999999999998,4.0,4.0,4.0,32.0,3.5,1.0
185,14513,4,1.004987562112089,4.0,4.0,3.0,32.0,2.8,1.0
185,14513,5,1.044030650891055,4.0,4.0,4.0,31.0,2.4,1.0
185,14513,6,1.0770329614269007,3.0,4.0,4.0,32.0,3.1,1.0
185,14513,7,1.0770329614269007,4.0,4.0,4.0,33.0,3.1,1.0
185,14513,8,1.0770329614269007,5.0,4.0,4.0,32.0,3.1,1.0
185,14513,9,1.118033988749895,5.0,4.0,4.0,32.0,3.2,1.0
185,14513,10,1.1224972160321824,5.0,4.0,4.0,32.5,2.8,1.0
186,16222,1,1.3747727084867523,2.0,2.0,3.0,22.7,3.6,1.0
186,16222,2,1.445683229480096,1.0,1.0,4.0,23.5,2.8,1.0
186,16222,3,1.5132745950421556,3.0,2.0,3.0,24.0,3.3,1.0
186,16222,4,1.6155494421403513,1.0,1.0,4.0,24.0,2.5,1.0
186,16222,5,1.8138357147217055,3.0,3.0,3.0,23.0,2.9,1.0
186,16222,6,1.8138357147217055,2.0,2.0,3.0,25.0,2.9,1.0
186,16222,7,1.9339079605813716,2.0,2.0,3.0,25.0,2.4,1.0
186,16222,8,2.244994432064365,2.0,2.0,3.0,25.5,3.3,1.0
186,16222,9,2.3,4.0,2.0,3.0,23.0,2.9,1.0
186,16222,10,2.3,1.0,2.0,2.0,24.0,2.9,1.0
187,10694,1,1.019803902718557,2.0,1.0,4.0,37.0,3.1,1.0
187,10694,2,1.0770329614269007,1.0,1.0,5.0,37.0,2.5,1.0
187,10694,3,1.1874342087037917,2.0,2.0,5.0,37.5,3.3,1.0
187,10694,4,1.28062484748657,2.0,2.0,5.0,37.0,3.7,1.0
187,10694,5,1.4142135623730951,1.0,1.0,5.0,38.0,2.9,1.0
187,10694,6,1.4177446878757827,2.0,1.0,4.0,36.0,2.8,1.0
187,10694,7,1.42828568570857,1.0,2.0,5.0,37.0,3.1,1.0
187,10694,8,1.445683229480096,2.0,2.0,4.0,37.0,3.2,1.0
187,10694,9,1.445683229480096,2.0,1.0,4.0,38.0,3.2,1.0
187,10694,10,1.445683229480096,3.0,2.0,5.0,37.0,3.2,1.0
188,10841,1,1.019803902718557,2.0,3.0,4.0,35.0,3.0,1.0
188,10841,2,1.0440306508910548,2.0,3.0,5.0,34.0,2.5,1.0
188,10841,3,1.118033988749895,2.0,2.0,5.0,35.0,3.3,1.0
188,10841,4,1.118033988749895,2.0,3.0,4.0,34.5,2.8,1.0
188,10841,5,1.1357816691600546,2.0,3.0,4.0,34.5,2.6,1.0
188,10841,6,1.1661903789690602,2.0,3.0,4.0,35.0,3.4,1.0
188,10841,7,1.2206555615733703,2.0,3.0,4.0,35.0,3.5,1.0
188,10841,8,1.224744871391589,2.0,3.0,4.0,34.5,3.3,1.0
188,10841,9,1.4142135623730951,3.0,2.0,5.0,35.0,2.8,1.0
188,10841,10,1.4142135623730951,3.0,2.0,5.0,35.0,2.8,1.0
189,16291,1,0.3999999999999999,1.0,1.0,3.0,30.0,3.5,1.0
189,16291,2,0.7071067811865476,1.0,1.0,3.0,29.5,3.6,1.0
189,16291,3,1.0440306508910548,1.0,1.0,3.0,31.0,3.4,1.0
189,16291,4,1.044030650891055,1.0,1.0,2.0,30.0,2.8,1.0
189,16291,5,1.0770329614269007,2.0,1.0,3.0,30.0,3.5,1.0
189,16291,6,1.2688577540449522,1.0,1.0,4.0,29.5,3.7,1.0
189,16291,7,1.3038404810405304,1.0,1.0,3.0,31.3,3.0,1.0
189,16291,8,1.4142135623730951,2.0,2.0,3.0,30.0,3.1,1.0
189,16291,9,1.4142135623730951,1.0,1.0,4.0,31.0,3.1,1.0
189,16291,10,1.4177446878757827,1.0,1.0,4.0,29.0,3.2,1.0
190,20391,1,1.7578395831246945,2.0,2.0,3.0,25.0,2.4,1.0
190,20391,2,1.8330302779823362,1.0,1.0,3.0,27.0,2.7,1.0
190,20391,3,1.8330302779823362,2.0,2.0,2.0,26.0,2.7,1.0
190,20391,4,1.9078784028338913,2.0,2.0,3.0,25.0,2.9,1.0
190,20391,5,1.9209372712298545,2.0,2.0,3.0,25.5,3.3,1.0
190,20391,6,2.0615528128088303,1.0,1.0,2.0,27.0,2.6,1.0
190,20391,7,2.0615528128088303,3.0,2.0,3.0,25.5,3.1,1.0
190,20391,8,2.1540659228538015,1.0,1.0,2.0,27.0,2.9,1.0
190,20391,9,2.1931712199461306,3.0,1.0,2.0,27.0,3.0,1.0
190,20391,10,2.23606797749979,3.0,1.0,2.0,27.0,3.1,1.0
191,14639,1,1.1575836902790226,2.0,2.0,4.0,27.5,2.8,1.0
191,14639,2,1.4142135623730951,2.0,3.0,4.0,28.0,3.1,1.0
191,14639,3,1.4177446878757827,1.0,2.0,3.0,29.0,3.0,1.0
191,14639,4,1.42828568570857,2.0,3.0,3.0,29.0,3.3,1.0
191,14639,5,1.42828568570857,1.0,2.0,3.0,29.0,3.3,1.0
191,14639,6,1.445683229480096,1.0,1.0,3.0,28.0,2.8,1.0
191,14639,7,1.445683229480096,1.0,2.0,3.0,29.0,2.8,1.0
191,14639,8,1.4594519519326425,2.0,1.0,4.0,28.3,2.9,1.0
191,14639,9,1.469693845669907,3.0,3.0,3.0,28.0,3.5,1.0
191,14639,10,1.469693845669907,2.0,2.0,2.0,29.0,2.7,1.0
192,9930,1,0.2999999999999998,2.0,2.0,3.0,38.0,2.6,1.0
192,9930,2,0.58309518948453,2.0,2.0,3.0,37.5,2.6,1.0
192,9930,3,0.7000000000000002,2.0,2.0,3.0,38.0,3.6,1.0
192,9930,4,0.8000000000000003,2.0,2.0,3.0,38.0,3.7,1.0
192,9930,5,1.0,2.0,2.0,4.0,38.0,2.9,1.0
192,9930,6,1.004987562112089,2.0,2.0,4.0,38.0,2.8,1.0
192,9930,7,1.004987562112089,2.0,3.0,3.0,38.0,2.8,1.0
192,9930,8,1.004987562112089,2.0,2.0,4.0,38.0,3.0,1.0
192,9930,9,1.004987562112089,3.0,2.0,3.0,38.0,3.0,1.0
192,9930,10,1.004987562112089,2.0,2.0,4.0,38.0,3.0,1.0
193,18299,1,1.445683229480096,4.0,1.0,2.0,39.0,2.3,1.0
193,18299,2,1.469693845669907,2.0,1.0,2.0,39.0,3.0,1.0
193,18299,3,1.469693845669907,3.0,2.0,3.0,38.0,3.0,1.0
193,18299,4,1.4866068747318506,3.0,2.0,2.0,38.0,3.7,1.0
193,18299,5,1.676305461424021,4.0,2.0,2.0,38.0,3.5,1.0
193,18299,6,1.676305461424021,3.0,2.0,2.0,39.0,3.5,1.0
193,18299,7,1.7320508075688772,2.0,2.0,3.0,38.0,2.6,1.0
193,18299,8,1.7320508075688772,2.0,2.0,2.0,38.0,3.6,1.0
193,18299,9,1.7435595774162693,2.0,1.0,3.0,39.0,2.8,1.0
193,18299,10,1.7776388834631178,4.0,1.0,3.0,37.0,3.0,1.0
194,14152,1,0.5999999999999996,2.0,1.0,3.0,35.0,3.3,1.0
194,14152,2,0.7999999999999998,2.0,1.0,3.0,35.0,3.5,1.0
194,14152,3,0.8602325267042624,2.0,1.0,3.0,34.5,3.4,1.0
194,14152,4,1.004987562112089,2.0,2.0,3.0,35.0,2.8,1.0
194,14152,5,1.0198039027185568,2.0,1.0,4.0,35.0,2.9,1.0
194,14152,6,1.0198039027185568,2.0,1.0,4.0,35.0,2.9,1.0
194,14152,7,1.0198039027185568,3.0,1.0,3.0,35.0,2.9,1.0
194,14152,8,1.019803902718557,2.0,1.0,2.0,35.0,2.5,1.0
194,14152,9,1.0440306508910548,2.0,1.0,4.0,35.0,3.0,1.0
194,14152,10,1.0440306508910548,2.0,1.0,4.0,35.0,3.0,1.0
195,14108,1,0.7615773105863901,1.0,1.0,3.0,31.3,3.0,1.0
195,14108,2,0.7999999999999998,1.0,1.0,3.0,32.0,3.5,1.0
195,14108,3,0.8999999999999999,1.0,1.0,3.0,32.0,3.6,1.0
195,14108,4,1.22065556157337,1.0,1.0,3.0,31.0,3.4,1.0
195,14108,5,1.2806248474865696,1.0,1.0,3.0,33.0,3.5,1.0
195,14108,6,1.4142135623730951,2.0,1.0,3.0,33.0,2.7,1.0
195,14108,7,1.4177446878757824,2.0,1.0,4.0,32.0,2.8,1.0
195,14108,8,1.4177446878757824,1.0,2.0,3.0,31.0,2.8,1.0
195,14108,9,1.4177446878757827,2.0,1.0,4.0,32.0,2.6,1.0
195,14108,10,1.4177446878757827,2.0,1.0,4.0,32.0,2.6,1.0
196,2455,1,0.5385164807134505,1.0,1.0,3.0,29.5,3.6,1.0
196,2455,2,1.004987562112089,1.0,1.0,3.0,30.0,3.5,1.0
196,2455,3,1.004987562112089,1.0,2.0,3.0,29.0,3.3,1.0
196,2455,4,1.0198039027185568,1.0,1.0,4.0,29.0,3.2,1.0
196,2455,5,1.0770329614269007,1.0,2.0,3.0,29.0,3.0,1.0
196,2455,6,1.1575836902790226,1.0,1.0,4.0,29.5,3.7,1.0
196,2455,7,1.1661903789690602,1.0,2.0,3.0,29.0,2.8,1.0
196,2455,8,1.1661903789690602,1.0,1.0,3.0,28.0,2.8,1.0
196,2455,9,1.4177446878757827,2.0,1.0,3.0,30.0,3.5,1.0
196,2455,10,1.469693845669907,1.0,1.0,4.0,28.0,3.0,1.0
197,20177,1,0.6403124237432851,2.0,2.0,4.0,36.0,2.7,1.0
197,20177,2,0.7810249675906655,2.0,2.0,4.0,36.0,2.9,1.0
197,20177,3,0.8602325267042628,2.0,2.0,4.0,36.0,3.0,1.0
197,20177,4,0.8602325267042628,2.0,2.0,4.0,36.0,3.0,1.0
197,20177,5,0.9433981132056606,2.0,2.0,4.0,36.0,3.1,1.0
197,20177,6,1.0295630140987002,2.0,2.0,4.0,36.0,3.2,1.0
197,20177,7,1.0295630140987002,2.0,2.0,4.0,36.0,3.2,1.0
197,20177,8,1.0295630140987002,2.0,2.0,4.0,37.0,3.2,1.0
197,20177,9,1.1224972160321824,2.0,2.0,3.0,36.0,2.4,1.0
197,20177,10,1.1357816691600546,3.0,2.0,4.0,37.0,2.5,1.0
198,7476,1,1.5524174696260025,2.0,2.0,4.0,27.5,2.8,1.0
198,7476,2,1.57797338380595,2.0,3.0,4.0,28.0,3.1,1.0
198,7476,3,1.57797338380595,2.0,4.0,4.0,27.0,3.1,1.0
198,7476,4,1.7349351572897473,3.0,3.0,4.0,28.0,2.5,1.0
198,7476,5,1.7578395831246947,2.0,3.0,5.0,28.0,2.7,1.0
198,7476,6,1.8027756377319946,2.0,4.0,4.0,26.0,2.9,1.0
198,7476,7,1.8681541692269406,3.0,3.0,3.0,28.0,3.1,2.0
198,7476,8,1.8681541692269406,3.0,2.0,4.0,27.0,3.1,1.0
198,7476,9,1.9519221295943134,3.0,2.0,4.0,27.0,3.3,1.0
198,7476,10,1.9723082923316022,1.0,2.0,4.0,26.5,3.2,1.0
199,10629,1,0.8602325267042628,1.0,1.0,3.0,29.5,3.6,1.0
199,10629,2,1.004987562112089,1.0,1.0,3.0,28.0,2.8,1.0
199,10629,3,1.004987562112089,1.0,2.0,3.0,29.0,2.8,1.0
199,10629,4,1.004987562112089,1.0,2.0,3.0,29.0,3.0,1.0
199,10629,5,1.044030650891055,1.0,1.0,4.0,29.0,3.2,1.0
199,10629,6,1.0770329614269007,1.0,2.0,3.0,29.0,3.3,1.0
199,10629,7,1.1661903789690602,1.0,1.0,3.0,30.0,3.5,1.0
199,10629,8,1.3747727084867523,1.0,1.0,4.0,29.5,3.7,1.0
199,10629,9,1.4177446878757827,1.0,2.0,2.0,29.0,3.0,1.0
199,10629,10,1.4177446878757827,1.0,1.0,4.0,28.0,3.0,1.0
200,17096,1,0.6000000000000001,2.0,1.0,4.0,27.0,3.6,1.0
200,17096,2,1.1357816691600546,2.0,2.0,4.0,27.5,2.8,1.0
200,17096,3,1.2206555615733703,1.0,1.0,4.0,27.0,3.7,1.0
200,17096,4,1.3038404810405304,2.0,1.0,4.0,28.3,2.9,1.0
200,17096,5,1.4142135623730951,1.0,1.0,4.0,28.0,3.0,1.0
200,17096,6,1.4177446878757827,1.0,1.0,5.0,27.0,2.9,1.0
200,17096,7,1.4177446878757827,3.0,2.0,4.0,27.0,3.1,1.0
200,17096,8,1.445683229480096,1.0,1.0,3.0,27.0,2.7,1.0
200,17096,9,1.445683229480096,3.0,2.0,4.0,27.0,3.3,1.0
200,17096,10,1.469693845669907,1.0,1.0,5.0,27.0,2.6,1.0
201,7534,1,1.5,4.0,2.0,3.0,23.0,2.9,1.0
201,7534,2,1.676305461424021,3.0,2.0,3.0,24.0,3.3,1.0
201,7534,3,2.0518284528683193,5.0,3.0,3.0,24.0,3.5,1.0
201,7534,4,2.0615528128088303,3.0,3.0,3.0,23.0,2.9,1.0
201,7534,5,2.177154105707724,3.0,2.0,3.0,25.5,3.1,1.0
201,7534,6,2.3853720883753127,5.0,3.0,1.0,25.0,3.7,1.0
201,7534,7,2.449489742783178,2.0,2.0,3.0,25.0,2.4,1.0
201,7534,8,2.4515301344262523,4.0,1.0,2.0,26.0,2.3,2.0
201,7534,9,2.5,2.0,2.0,3.0,25.0,2.9,1.0
201,7534,10,2.6095976701399777,4.0,3.0,3.0,26.0,3.3,1.0
202,9945,1,0.3999999999999999,2.0,1.0,3.0,35.0,3.3,1.0
202,9945,2,0.6000000000000001,2.0,1.0,3.0,35.0,3.5,1.0
202,9945,3,0.7071067811865476,2.0,1.0,3.0,34.5,3.4,1.0
202,9945,4,1.0,2.0,1.0,4.0,35.0,2.9,1.0
202,9945,5,1.0,3.0,1.0,3.0,35.0,2.9,1.0
202,9945,6,1.0,2.0,1.0,4.0,35.0,2.9,1.0
202,9945,7,1.004987562112089,2.0,1.0,4.0,35.0,3.0,1.0
202,9945,8,1.004987562112089,2.0,2.0,3.0,35.0,2.8,1.0
202,9945,9,1.004987562112089,2.0,1.0,4.0,35.0,3.0,1.0
202,9945,10,1.019803902718557,2.0,2.0,3.0,35.0,3.1,1.0
203,15320,1,0.3999999999999999,2.0,2.0,3.0,39.0,2.7,1.0
203,15320,2,1.0,2.0,2.0,2.0,39.0,3.1,1.0
203,15320,3,1.004987562112089,3.0,2.0,3.0,39.0,3.0,1.0
203,15320,4,1.004987562112089,2.0,2.0,3.0,40.0,3.2,1.0
203,15320,5,1.004987562112089,2.0,2.0,3.0,40.0,3.2,1.0
203,15320,6,1.004987562112089,2.0,2.0,4.0,39.0,3.0,1.0
203,15320,7,1.0198039027185568,3.0,2.0,3.0,39.0,3.3,1.0
203,15320,8,1.0440306508910548,2.0,2.0,4.0,39.0,3.4,1.0
203,15320,9,1.0440306508910548,2.0,2.0,4.0,39.0,3.4,1.0
203,15320,10,1.044030650891055,2.0,1.0,3.0,39.0,2.8,1.0
204,7908,1,0.8999999999999999,1.0,1.0,3.0,27.0,2.7,1.0
204,7908,2,1.004987562112089,1.0,1.0,4.0,27.0,3.7,1.0
204,7908,3,1.2206555615733703,1.0,1.0,2.0,27.0,2.9,1.0
204,7908,4,1.28062484748657,1.0,1.0,3.0,28.0,2.8,1.0
204,7908,5,1.4142135623730951,1.0,1.0,2.0,27.0,2.6,1.0
204,7908,6,1.4142135623730951,2.0,1.0,4.0,27.0,3.6,1.0
204,7908,7,1.5362291495737217,1.0,1.0,4.0,28.0,3.0,1.0
204,7908,8,1.5524174696260025,1.0,2.0,4.0,26.5,3.2,1.0
204,7908,9,1.7916472867168918,1.0,1.0,3.0,28.0,2.5,2.0
204,7908,10,1.9723082923316022,2.0,2.0,4.0,27.5,2.8,1.0
205,5792,1,1.044030650891055,3.0,3.0,3.0,23.0,2.9,1.0
205,5792,2,1.7349351572897473,4.0,4.0,4.0,24.0,3.1,1.0
205,5792,3,1.9078784028338915,2.0,5.0,3.0,22.0,2.4,1.0
205,5792,4,2.238302928559939,3.0,2.0,3.0,24.0,3.3,1.0
205,5792,5,2.2561028345356955,4.0,2.0,3.0,23.0,2.9,1.0
205,5792,6,2.2912878474779204,2.0,2.0,3.0,22.7,3.6,1.0
205,5792,7,2.315167380558045,2.0,5.0,2.0,22.0,3.8,2.0
205,5792,8,2.4103941586387903,5.0,5.0,3.0,23.0,2.3,1.0
205,5792,9,2.467792535850613,5.0,3.0,3.0,24.0,3.5,1.0
205,5792,10,2.6095976701399777,2.0,4.0,3.0,25.0,2.3,2.0
206,4015,1,0.10000000000000009,4.0,2.0,4.0,34.0,3.4,1.0
206,4015,2,1.019803902718557,4.0,3.0,4.0,34.0,3.5,1.0
206,4015,3,1.0440306508910548,4.0,1.0,4.0,34.0,3.0,1.0
206,4015,4,1.0440306508910548,4.0,2.0,4.0,35.0,3.0,1.0
206,4015,5,1.0770329614269007,4.0,2.0,4.0,35.0,2.9,1.0
206,4015,6,1.0770329614269007,4.0,1.0,4.0,34.0,2.9,1.0
206,4015,7,1.0770329614269007,4.0,2.0,4.0,33.0,2.9,1.0
206,4015,8,1.1575836902790224,4.0,3.0,4.0,33.5,3.0,1.0
206,4015,9,1.1575836902790224,4.0,1.0,4.0,33.5,3.0,1.0
206,4015,10,1.1874342087037917,5.0,2.0,4.0,34.5,2.9,1.0
207,2533,1,0.19999999999999973,8.0,9.0,4.0,42.0,3.2,1.0
207,2533,2,1.0,8.0,9.0,4.0,41.0,3.4,1.0
207,2533,3,1.004987562112089,8.0,9.0,4.0,41.0,3.5,1.0
207,2533,4,1.019803902718557,8.0,8.0,4.0,42.0,3.6,1.0
207,2533,5,1.019803902718557,8.0,8.0,4.0,42.0,3.6,1.0
207,2533,6,1.019803902718557,8.0,9.0,5.0,42.0,3.6,1.0
207,2533,7,1.0440306508910548,8.0,8.0,4.0,42.0,3.1,1.0
207,2533,8,1.0440306508910548,9.0,9.0,4.0,42.0,3.1,1.0
207,2533,9,1.0440306508910548,8.0,8.0,4.0,42.0,3.1,1.0
207,2533,10,1.044030650891055,8.0,8.0,4.0,42.0,3.7,1.0
208,11214,1,1.5811388300841898,4.0,3.0,3.0,26.0,3.3,1.0
208,11214,2,1.9339079605813716,5.0,3.0,3.0,24.0,3.5,1.0
208,11214,3,2.039607805437114,5.0,3.0,4.0,27.5,2.4,1.0
208,11214,4,2.071231517720798,4.0,3.0,5.0,27.0,2.6,1.0
208,11214,5,2.083266665599966,4.0,4.0,4.0,24.0,3.1,1.0
208,11214,6,2.2113344387495983,5.0,4.0,3.0,27.0,3.6,1.0
208,11214,7,2.249444375840399,4.0,3.0,3.0,27.0,3.7,1.0
208,11214,8,2.293468988235943,5.0,4.0,2.0,26.0,2.7,1.0
208,11214,9,2.3108440016582685,3.0,4.0,4.0,26.0,2.5,1.0
208,11214,10,2.4515301344262523,5.0,4.0,3.0,27.5,2.9,1.0
209,3252,1,1.004987562112089,1.0,1.0,4.0,39.0,3.5,1.0
209,3252,2,1.0198039027185568,1.0,1.0,3.0,38.0,3.2,1.0
209,3252,3,1.019803902718557,2.0,1.0,3.0,39.0,3.6,1.0
209,3252,4,1.044030650891055,1.0,2.0,3.0,39.0,3.7,1.0
209,3252,5,1.0770329614269007,1.0,1.0,2.0,39.0,3.8,1.0
209,3252,6,1.0770329614269007,1.0,1.0,3.0,38.0,3.8,1.0
209,3252,7,1.1661903789690602,1.0,1.0,3.0,38.0,2.8,1.0
209,3252,8,1.1661903789690602,2.0,1.0,3.0,39.0,2.8,1.0
209,3252,9,1.345362404707371,1.0,1.0,4.0,39.0,2.5,1.0
209,3252,10,1.4142135623730951,1.0,2.0,3.0,38.0,3.4,1.0
210,10856,1,1.004987562112089,9.0,5.0,4.0,37.0,2.9,1.0
210,10856,2,1.7320508075688772,10.0,5.0,3.0,36.0,3.8,1.0
210,10856,3,1.7349351572897471,9.0,6.0,4.0,38.0,2.7,1.0
210,10856,4,1.7349351572897473,9.0,5.0,5.0,36.0,2.9,1.0
210,10856,5,2.0024984394500787,8.0,5.0,4.0,37.0,2.9,1.0
210,10856,6,2.118962010041709,9.0,6.0,3.0,36.0,3.5,1.0
210,10856,7,2.23606797749979,8.0,5.0,5.0,37.0,2.8,1.0
210,10856,8,2.2561028345356955,9.0,7.0,4.0,37.0,3.1,1.0
210,10856,9,2.2561028345356955,9.0,5.0,4.0,39.0,3.1,1.0
210,10856,10,2.2715633383201093,8.0,6.0,4.0,37.0,3.2,1.0
211,17626,1,0.3999999999999999,4.0,2.0,4.0,34.0,3.4,1.0
211,17626,2,1.0,4.0,1.0,4.0,34.0,3.0,1.0
211,17626,3,1.0,4.0,2.0,4.0,35.0,3.0,1.0
211,17626,4,1.004987562112089,4.0,1.0,4.0,34.0,2.9,1.0
211,17626,5,1.004987562112089,4.0,2.0,4.0,35.0,2.9,1.0
211,17626,6,1.004987562112089,4.0,2.0,4.0,33.0,2.9,1.0
211,17626,7,1.0770329614269007,4.0,2.0,4.0,35.0,2.6,1.0
211,17626,8,1.118033988749895,4.0,1.0,4.0,33.5,3.0,1.0
211,17626,9,1.118033988749895,4.0,3.0,4.0,34.0,3.5,1.0
211,17626,10,1.118033988749895,4.0,3.0,4.0,33.5,3.0,1.0
212,11230,1,0.09999999999999964,3.0,2.0,4.0,38.0,2.7,1.0
212,11230,2,0.5,3.0,2.0,4.0,38.0,3.3,1.0
212,11230,3,0.5385164807134505,3.0,2.0,4.0,37.5,3.0,1.0
212,11230,4,1.0,2.0,2.0,4.0,38.0,2.8,1.0
212,11230,5,1.0,3.0,1.0,4.0,38.0,2.8,1.0
212,11230,6,1.004987562112089,2.0,2.0,4.0,38.0,2.9,1.0
212,11230,7,1.004987562112089,3.0,3.0,4.0,38.0,2.9,1.0
212,11230,8,1.0198039027185568,3.0,2.0,4.0,37.0,2.6,1.0
212,11230,9,1.019803902718557,3.0,3.0,4.0,38.0,3.0,1.0
212,11230,10,1.019803902718557,3.0,2.0,3.0,38.0,3.0,1.0
213,15857,1,0.19999999999999973,1.0,1.0,3.0,44.0,3.3,1.0
213,15857,2,1.0,1.0,1.0,3.0,43.0,3.1,1.0
213,15857,3,1.004987562112089,1.0,2.0,3.0,44.0,3.2,1.0
213,15857,4,1.019803902718557,1.0,1.0,3.0,43.0,2.9,1.0
213,15857,5,1.22065556157337,1.0,1.0,3.0,45.0,3.8,1.0
213,15857,6,1.28062484748657,1.0,1.0,3.0,43.0,2.3,1.0
213,15857,7,1.3190905958272918,1.0,2.0,3.0,43.5,3.8,1.0
213,15857,8,1.4142135623730951,2.0,2.0,3.0,44.0,3.1,1.0
213,15857,9,1.445683229480096,1.0,2.0,3.0,43.0,3.4,1.0
213,15857,10,1.57797338380595,2.0,2.0,3.0,44.0,3.8,1.0
214,14461,1,1.0198039027185568,3.0,1.0,3.0,35.0,2.9,1.0
214,14461,2,1.0440306508910548,4.0,2.0,3.0,35.0,3.0,1.0
214,14461,3,1.3190905958272918,4.0,2.0,3.0,35.5,3.4,1.0
214,14461,4,1.345362404707371,4.0,2.0,3.0,35.0,3.6,1.0
214,14461,5,1.4177446878757824,3.0,2.0,3.0,35.0,2.8,1.0
214,14461,6,1.4177446878757824,3.0,2.0,3.0,35.0,2.8,1.0
214,14461,7,1.4177446878757827,3.0,2.0,3.0,35.0,2.6,1.0
214,14461,8,1.4177446878757827,4.0,2.0,4.0,35.0,2.6,1.0
214,14461,9,1.4177446878757827,4.0,1.0,4.0,36.0,2.6,1.0
214,14461,10,1.42828568570857,4.0,2.0,3.0,36.0,2.9,1.0
215,974,1,0.3999999999999999,1.0,2.0,5.0,37.0,3.1,1.0
215,974,2,1.004987562112089,1.0,2.0,4.0,37.0,3.4,1.0
215,974,3,1.019803902718557,2.0,2.0,5.0,37.0,3.7,1.0
215,974,4,1.0770329614269007,1.0,2.0,4.0,37.0,3.9,1.0
215,974,5,1.1357816691600546,2.0,2.0,5.0,37.5,3.3,1.0
215,974,6,1.4142135623730951,1.0,2.0,4.0,36.0,3.5,1.0
215,974,7,1.4142135623730951,1.0,1.0,5.0,37.0,2.5,1.0
215,974,8,1.4142135623730951,2.0,2.0,4.0,37.0,3.5,1.0
215,974,9,1.4177446878757827,2.0,2.0,5.0,38.0,3.4,1.0
215,974,10,1.42828568570857,1.0,1.0,4.0,37.0,3.7,1.0
216,1413,1,0.6000000000000001,2.0,1.0,4.0,30.0,2.9,1.0
216,1413,2,0.6403124237432848,2.0,1.0,4.0,30.5,3.1,1.0
216,1413,3,1.0,2.0,1.0,3.0,30.0,3.5,1.0
216,1413,4,1.0770329614269007,3.0,1.0,4.0,30.0,3.1,1.0
216,1413,5,1.118033988749895,2.0,1.0,4.0,29.0,3.0,1.0
216,1413,6,1.1357816691600546,1.0,1.0,4.0,29.5,3.7,1.0
216,1413,7,1.4142135623730951,2.0,2.0,3.0,30.0,3.5,1.0
216,1413,8,1.4142135623730951,1.0,1.0,3.0,30.0,3.5,1.0
216,1413,9,1.4177446878757827,1.0,1.0,5.0,30.0,3.4,1.0
216,1413,10,1.445683229480096,1.0,1.0,4.0,29.0,3.2,1.0
217,10295,1,0.10000000000000009,4.0,3.0,4.0,33.0,3.0,1.0
217,10295,2,0.3605551275463967,4.0,3.0,4.0,32.7,3.1,1.0
217,10295,3,0.5,4.0,3.0,4.0,33.0,3.4,1.0
217,10295,4,0.5099019513592785,4.0,3.0,4.0,33.5,3.0,1.0
217,10295,5,0.8000000000000003,4.0,3.0,4.0,33.0,3.7,1.0
217,10295,6,1.0,4.0,3.0,3.0,33.0,2.9,1.0
217,10295,7,1.0,4.0,2.0,4.0,33.0,2.9,1.0
217,10295,8,1.0,3.0,3.0,4.0,33.0,2.9,1.0
217,10295,9,1.019803902718557,4.0,4.0,4.0,33.0,3.1,1.0
217,10295,10,1.044030650891055,3.0,3.0,4.0,33.0,3.2,1.0
218,15348,1,0.6000000000000001,2.0,2.0,4.0,42.0,3.7,1.0
218,15348,2,0.6000000000000001,2.0,2.0,4.0,42.0,3.7,1.0
218,15348,3,0.8999999999999999,2.0,2.0,4.0,42.0,2.2,1.0
218,15348,4,1.004987562112089,2.0,1.0,4.0,42.0,3.2,1.0
218,15348,5,1.118033988749895,2.0,1.0,4.0,42.0,3.6,1.0
218,15348,6,1.1661903789690602,3.0,2.0,4.0,42.0,3.7,1.0
218,15348,7,1.1661903789690602,1.0,2.0,4.0,42.0,3.7,1.0
218,15348,8,1.22065556157337,3.0,2.0,4.0,42.0,3.8,1.0
218,15348,9,1.2806248474865696,3.0,2.0,4.0,42.0,3.9,1.0
218,15348,10,1.4142135623730951,2.0,2.0,3.0,42.0,3.1,2.0
219,18596,1,2.2561028345356955,2.0,1.0,1.0,20.0,2.9,1.0
219,18596,2,2.939387691339814,1.0,1.0,3.0,20.0,3.4,1.0
219,18596,3,3.562302626111375,2.0,1.0,2.0,21.0,3.9,1.0
219,18596,4,3.606937759374287,3.0,3.0,2.0,20.0,2.7,1.0
219,18596,5,3.6728735344413916,2.0,3.0,3.0,20.0,3.3,1.0
219,18596,6,3.7629775444453557,2.0,1.0,3.0,21.0,3.0,1.0
219,18596,7,3.7854986461495397,3.0,2.0,2.0,20.7,2.4,2.0
219,18596,8,4.294182110716777,1.0,1.0,2.0,22.0,3.8,1.0
219,18596,9,4.3,3.0,4.0,1.0,20.0,3.3,2.0
219,18596,10,4.6946778377222005,4.0,4.0,1.0,20.0,2.8,1.0
220,11523,1,0.10000000000000009,2.0,2.0,3.0,36.0,2.9,1.0
220,11523,2,0.30000000000000027,2.0,2.0,3.0,36.0,3.1,1.0
220,11523,3,0.3999999999999999,2.0,2.0,3.0,36.0,2.4,1.0
220,11523,4,0.8000000000000003,2.0,2.0,3.0,36.0,3.6,1.0
220,11523,5,1.0,2.0,2.0,3.0,35.0,2.8,1.0
220,11523,6,1.004987562112089,2.0,2.0,4.0,36.0,2.7,1.0
220,11523,7,1.004987562112089,2.0,2.0,4.0,36.0,2.9,1.0
220,11523,8,1.019803902718557,2.0,2.0,4.0,36.0,3.0,1.0
220,11523,9,1.019803902718557,3.0,2.0,3.0,36.0,3.0,1.0
220,11523,10,1.019803902718557,2.0,2.0,4.0,36.0,3.0,1.0
221,14661,1,1.0770329614269007,1.0,1.0,3.0,32.0,3.5,1.0
221,14661,2,1.118033988749895,1.0,1.0,3.0,32.0,3.6,1.0
221,14661,3,1.1224972160321824,1.0,2.0,2.0,31.5,3.0,1.0
221,14661,4,1.2247448713915885,1.0,1.0,3.0,31.3,3.0,1.0
221,14661,5,1.4142135623730951,1.0,1.0,1.0,31.0,3.1,1.0
221,14661,6,1.4177446878757827,1.0,2.0,2.0,31.0,3.0,1.0
221,14661,7,1.42828568570857,1.0,2.0,2.0,31.0,2.9,1.0
221,14661,8,1.445683229480096,1.0,1.0,3.0,31.0,3.4,1.0
221,14661,9,1.445683229480096,2.0,2.0,2.0,32.0,2.8,1.0
221,14661,10,1.469693845669907,1.0,1.0,3.0,33.0,3.5,1.0
222,19052,1,0.2999999999999998,1.0,1.0,3.0,33.0,3.5,1.0
222,19052,2,1.0198039027185568,1.0,1.0,3.0,32.0,3.6,1.0
222,19052,3,1.0440306508910548,1.0,1.0,3.0,32.0,3.5,1.0
222,19052,4,1.118033988749895,1.0,1.0,3.0,34.0,3.3,1.0
222,19052,5,1.16619037896906,1.0,1.0,3.0,34.0,3.2,1.0
222,19052,6,1.16619037896906,1.0,1.0,3.0,34.0,3.2,1.0
222,19052,7,1.4142135623730951,2.0,1.0,3.0,34.0,3.8,1.0
222,19052,8,1.469693845669907,2.0,2.0,3.0,33.0,3.4,1.0
222,19052,9,1.4866068747318502,2.0,1.0,3.0,33.0,2.7,1.0
222,19052,10,1.4999999999999993,2.0,1.0,4.0,32.7,3.4,1.0
223,13216,1,1.004987562112089,2.0,2.0,2.0,41.0,3.8,1.0
223,13216,2,1.0198039027185568,1.0,1.0,2.0,41.0,3.9,1.0
223,13216,3,1.118033988749895,1.0,1.0,2.0,41.0,3.2,1.0
223,13216,4,1.2206555615733703,2.0,1.0,3.0,41.0,3.0,1.0
223,13216,5,1.4177446878757824,2.0,2.0,3.0,41.0,3.8,1.0
223,13216,6,1.469693845669907,2.0,2.0,2.0,40.0,3.3,1.0
223,13216,7,1.5,2.0,2.0,3.0,41.0,3.2,1.0
223,13216,8,1.5,1.0,1.0,3.0,40.5,3.7,1.0
223,13216,9,1.7320508075688772,2.0,2.0,3.0,40.0,3.7,1.0
223,13216,10,1.7349351572897471,2.0,2.0,1.0,42.0,3.8,1.0
224,17823,1,0.10000000000000009,1.0,1.0,3.0,36.0,3.1,1.0
224,17823,2,0.10000000000000009,1.0,1.0,3.0,36.0,2.9,1.0
224,17823,3,0.20000000000000018,1.0,1.0,3.0,36.0,3.2,1.0
224,17823,4,0.20000000000000018,1.0,1.0,3.0,36.0,2.8,1.0
224,17823,5,1.004987562112089,1.0,2.0,3.0,36.0,3.1,1.0
224,17823,6,1.0440306508910548,1.0,2.0,3.0,36.0,3.3,1.0
224,17823,7,1.1224972160321824,1.0,1.0,4.0,35.5,3.1,1.0
224,17823,8,1.2206555615733703,2.0,1.0,3.0,36.0,3.7,1.0
224,17823,9,1.2206555615733703,1.0,1.0,4.0,36.0,3.7,1.0
224,17823,10,1.2206555615733703,1.0,2.0,3.0,36.0,3.7,1.0
225,16107,1,0.30000000000000027,1.0,1.0,3.0,28.0,2.8,1.0
225,16107,2,1.004987562112089,1.0,1.0,4.0,28.0,3.0,1.0
225,16107,3,1.0770329614269007,1.0,1.0,3.0,27.0,2.7,1.0
225,16107,4,1.1661903789690602,1.0,1.0,3.0,28.0,2.5,2.0
225,16107,5,1.4177446878757827,1.0,1.0,4.0,29.0,3.2,1.0
225,16107,6,1.4177446878757827,1.0,2.0,3.0,29.0,3.0,1.0
225,16107,7,1.42828568570857,1.0,2.0,3.0,29.0,3.3,1.0
225,16107,8,1.42828568570857,1.0,1.0,2.0,27.0,2.9,1.0
225,16107,9,1.445683229480096,1.0,2.0,3.0,29.0,2.8,1.0
225,16107,10,1.4594519519326425,2.0,1.0,4.0,28.3,2.9,1.0
226,20421,1,1.5362291495737217,2.0,2.0,3.0,25.0,2.4,1.0
226,20421,2,1.57797338380595,1.0,1.0,4.0,24.0,2.5,1.0
226,20421,3,1.7916472867168918,2.0,2.0,3.0,25.0,2.9,1.0
226,20421,4,2.0518284528683193,1.0,2.0,2.0,24.0,2.9,1.0
226,20421,5,2.0615528128088303,1.0,1.0,4.0,23.5,2.8,1.0
226,20421,6,2.1213203435596424,2.0,2.0,3.0,25.5,3.3,1.0
226,20421,7,2.193171219946131,2.0,2.0,2.0,26.0,2.7,1.0
226,20421,8,2.193171219946131,1.0,1.0,3.0,27.0,2.7,1.0
226,20421,9,2.3748684174075834,1.0,1.0,2.0,27.0,2.6,1.0
226,20421,10,2.4919871588754225,1.0,1.0,2.0,27.0,2.9,1.0
227,8010,1,1.044030650891055,3.0,2.0,4.0,27.0,3.3,1.0
227,8010,2,1.118033988749895,3.0,2.0,4.0,27.0,3.1,1.0
227,8010,3,1.4177446878757827,3.0,3.0,3.0,28.0,3.5,1.0
227,8010,4,1.4177446878757827,4.0,3.0,3.0,27.0,3.7,1.0
227,8010,5,1.445683229480096,3.0,3.0,2.0,27.0,3.3,1.0
227,8010,6,1.5,3.0,1.0,2.0,27.0,3.1,1.0
227,8010,7,1.5362291495737217,3.0,1.0,2.0,27.0,3.0,1.0
227,8010,8,1.5811388300841893,2.0,3.0,3.0,26.3,3.7,1.0
227,8010,9,1.5811388300841898,3.0,2.0,3.0,25.5,3.1,1.0
227,8010,10,1.7000000000000002,2.0,2.0,4.0,27.5,2.8,1.0
228,15981,1,1.019803902718557,1.0,1.0,2.0,27.0,2.9,1.0
228,15981,2,1.044030650891055,1.0,1.0,3.0,28.0,2.8,1.0
228,15981,3,1.118033988749895,1.0,1.0,2.0,27.0,2.6,1.0
228,15981,4,1.4177446878757827,1.0,2.0,2.0,29.0,3.0,1.0
228,15981,5,1.469693845669907,1.0,1.0,3.0,27.0,2.7,1.0
228,15981,6,1.5362291495737217,1.0,1.0,3.0,28.0,2.5,2.0
228,15981,7,1.7349351572897473,1.0,2.0,3.0,29.0,3.0,1.0
228,15981,8,1.7435595774162693,1.0,2.0,3.0,29.0,3.3,1.0
228,15981,9,1.7435595774162693,2.0,1.0,1.0,29.0,2.9,1.0
228,15981,10,1.7578395831246947,1.0,2.0,3.0,29.0,2.8,1.0
229,13313,1,1.004987562112089,1.0,1.0,2.0,22.0,3.8,1.0
229,13313,2,1.5,1.0,1.0,2.0,23.0,3.2,1.0
229,13313,3,1.7435595774162693,2.0,1.0,2.0,21.0,3.9,1.0
229,13313,4,2.3748684174075834,2.0,1.0,1.0,20.0,2.9,1.0
229,13313,5,2.5475478405713994,2.0,1.0,3.0,21.0,3.0,1.0
229,13313,6,2.5495097567963922,2.0,2.0,3.0,22.7,3.6,1.0
229,13313,7,2.5768197453450252,1.0,2.0,2.0,24.0,2.9,1.0
229,13313,8,2.8442925306655784,1.0,1.0,3.0,20.0,3.4,1.0
229,13313,9,3.1953090617340916,1.0,3.0,2.0,24.0,2.6,1.0
229,13313,10,3.221800738717403,3.0,2.0,2.0,20.7,2.4,2.0
230,3055,1,1.0,2.0,2.0,3.0,33.0,3.4,1.0
230,3055,2,1.1224972160321824,2.0,2.0,3.0,32.5,3.3,1.0
230,3055,3,1.1661903789690602,2.0,2.0,2.0,32.0,2.8,1.0
230,3055,4,1.3747727084867518,3.0,2.0,2.0,33.5,2.6,1.0
230,3055,5,1.4177446878757827,2.0,2.0,1.0,34.0,3.5,1.0
230,3055,6,1.42828568570857,2.0,2.0,1.0,34.0,3.6,1.0
230,3055,7,1.42828568570857,2.0,2.0,3.0,32.0,3.2,1.0
230,3055,8,1.42828568570857,3.0,3.0,2.0,33.0,3.6,1.0
230,3055,9,1.42828568570857,3.0,2.0,3.0,33.0,3.6,1.0
230,3055,10,1.445683229480096,3.0,3.0,2.0,33.0,3.7,1.0
231,19906,1,1.004987562112089,2.0,2.0,3.0,36.0,2.4,1.0
231,19906,2,1.0770329614269007,2.0,2.0,3.0,36.0,2.9,1.0
231,19906,3,1.1575836902790224,3.0,2.0,2.0,36.5,2.8,1.0
231,19906,4,1.1661903789690602,2.0,2.0,3.0,36.0,3.1,1.0
231,19906,5,1.4142135623730951,2.0,1.0,2.0,35.0,2.5,1.0
231,19906,6,1.4142135623730951,2.0,3.0,2.0,36.0,3.5,1.0
231,19906,7,1.4142135623730951,2.0,2.0,2.0,37.0,3.5,1.0
231,19906,8,1.445683229480096,2.0,2.0,3.0,35.0,2.8,1.0
231,19906,9,1.4866068747318506,2.0,1.0,2.0,36.0,3.6,1.0
231,19906,10,1.4866068747318506,2.0,2.0,3.0,36.0,3.6,1.0
232,7770,1,0.7071067811865476,2.0,1.0,4.0,30.0,2.9,1.0
232,7770,2,0.7810249675906655,2.0,1.0,4.0,29.0,3.0,1.0
232,7770,3,1.2206555615733703,2.0,1.0,4.0,30.5,3.1,1.0
232,7770,4,1.2999999999999994,2.0,1.0,4.0,28.3,2.9,1.0
232,7770,5,1.319090595827292,3.0,1.0,4.0,30.0,3.1,1.0
232,7770,6,1.3747727084867523,1.0,1.0,4.0,29.0,3.2,1.0
232,7770,7,1.4142135623730951,2.0,1.0,5.0,28.5,2.4,1.0
232,7770,8,1.5684387141358123,2.0,1.0,3.0,30.0,3.5,1.0
232,7770,9,1.6155494421403513,1.0,1.0,5.0,29.0,3.0,1.0
232,7770,10,1.6155494421403513,1.0,2.0,4.0,30.0,3.0,1.0
233,1951,1,1.004987562112089,1.0,1.0,4.0,39.0,3.5,1.0
233,1951,2,1.0198039027185568,1.0,1.0,3.0,38.0,3.2,1.0
233,1951,3,1.019803902718557,2.0,1.0,3.0,39.0,3.6,1.0
233,1951,4,1.044030650891055,1.0,2.0,3.0,39.0,3.7,1.0
233,1951,5,1.0770329614269007,1.0,1.0,2.0,39.0,3.8,1.0
233,1951,6,1.0770329614269007,1.0,1.0,3.0,38.0,3.8,1.0
233,1951,7,1.1661903789690602,1.0,1.0,3.0,38.0,2.8,1.0
233,1951,8,1.1661903789690602,2.0,1.0,3.0,39.0,2.8,1.0
233,1951,9,1.345362404707371,1.0,1.0,4.0,39.0,2.5,1.0
233,1951,10,1.4142135623730951,1.0,2.0,3.0,38.0,3.4,1.0
234,18675,1,1.004987562112089,2.0,1.0,3.0,36.0,3.7,1.0
234,18675,2,1.16619037896906,2.0,2.0,3.0,37.0,3.2,1.0
234,18675,3,1.16619037896906,2.0,2.0,3.0,37.0,3.2,1.0
234,18675,4,1.22065556157337,2.0,1.0,4.0,37.0,3.1,1.0
234,18675,5,1.4142135623730951,3.0,2.0,3.0,37.0,3.8,1.0
234,18675,6,1.4142135623730951,1.0,1.0,3.0,38.0,3.8,1.0
234,18675,7,1.4177446878757824,2.0,2.0,3.0,38.0,3.7,1.0
234,18675,8,1.4177446878757824,1.0,1.0,4.0,37.0,3.7,1.0
234,18675,9,1.4177446878757824,1.0,1.0,4.0,37.0,3.7,1.0
234,18675,10,1.42828568570857,2.0,1.0,2.0,36.0,3.6,1.0
235,10084,1,0.10000000000000009,3.0,2.0,3.0,37.0,3.0,1.0
235,10084,2,0.30000000000000027,3.0,2.0,3.0,37.0,3.2,1.0
235,10084,3,0.30000000000000027,3.0,2.0,3.0,37.0,3.2,1.0
235,10084,4,0.5385164807134505,3.0,2.0,3.0,36.5,3.1,1.0
235,10084,5,0.8999999999999999,3.0,2.0,3.0,37.0,3.8,1.0
235,10084,6,1.004987562112089,3.0,2.0,3.0,38.0,3.0,1.0
235,10084,7,1.004987562112089,3.0,2.0,4.0,37.0,3.0,1.0
235,10084,8,1.004987562112089,3.0,2.0,3.0,36.0,3.0,1.0
235,10084,9,1.019803902718557,3.0,3.0,3.0,37.0,3.1,1.0
235,10084,10,1.0440306508910548,3.0,2.0,4.0,37.0,2.6,1.0
236,17548,1,0.8999999999999999,3.0,2.0,4.0,34.0,2.1,1.0
236,17548,2,1.0,3.0,2.0,5.0,34.0,3.0,1.0
236,17548,3,1.0,3.0,3.0,4.0,34.0,3.0,1.0
236,17548,4,1.004987562112089,3.0,2.0,5.0,34.0,2.9,1.0
236,17548,5,1.004987562112089,3.0,2.0,4.0,35.0,2.9,1.0
236,17548,6,1.004987562112089,3.0,1.0,4.0,34.0,2.9,1.0
236,17548,7,1.019803902718557,2.0,2.0,4.0,34.0,2.8,1.0
236,17548,8,1.0440306508910548,3.0,3.0,4.0,34.0,2.7,1.0
236,17548,9,1.0440306508910548,3.0,3.0,4.0,34.0,3.3,1.0
236,17548,10,1.0440306508910548,3.0,2.0,4.0,33.0,3.3,1.0
237,14477,1,1.4142135623730951,4.0,3.0,3.0,27.0,3.7,1.0
237,14477,2,1.469693845669907,3.0,3.0,3.0,28.0,3.1,2.0
237,14477,3,1.5362291495737215,4.0,3.0,3.0,26.0,3.3,1.0
237,14477,4,1.624807680927192,4.0,3.0,3.0,28.0,3.5,1.0
237,14477,5,1.676305461424021,4.0,3.0,4.0,28.0,3.6,2.0
237,14477,6,1.7320508075688772,5.0,4.0,3.0,28.0,2.7,2.0
237,14477,7,1.7320508075688772,4.0,2.0,2.0,28.0,2.7,2.0
237,14477,8,1.7776388834631178,5.0,3.0,3.0,28.0,3.1,1.0
237,14477,9,1.8138357147217055,5.0,4.0,3.0,27.5,2.9,1.0
237,14477,10,1.8275666882497066,5.0,3.0,4.0,27.5,2.4,1.0
238,5773,1,5.593746508378798,1.0,1.0,3.0,20.0,3.4,1.0
238,5773,2,5.853204250664759,2.0,3.0,3.0,20.0,3.3,1.0
238,5773,3,5.860034129593445,2.0,1.0,1.0,20.0,2.9,1.0
238,5773,4,6.041522986797286,3.0,3.0,2.0,20.0,2.7,1.0
238,5773,5,6.503076195155644,2.0,1.0,3.0,21.0,3.0,1.0
238,5773,6,6.563535632568775,3.0,2.0,2.0,20.7,2.4,2.0
238,5773,7,6.613622305514581,2.0,1.0,2.0,21.0,3.9,1.0
238,5773,8,6.727555276621664,3.0,4.0,1.0,20.0,3.3,2.0
238,5773,9,6.78527818147495,4.0,5.0,4.0,19.5,3.4,1.0
238,5773,10,6.8854919940408035,4.0,4.0,1.0,20.0,2.8,1.0
239,14348,1,1.445683229480096,2.0,2.0,3.0,30.0,2.4,2.0
239,14348,2,1.469693845669907,3.0,1.0,4.0,30.0,3.1,1.0
239,14348,3,1.469693845669907,3.0,1.0,2.0,31.0,2.3,2.0
239,14348,4,1.5297058540778354,3.0,2.0,3.0,29.5,3.0,1.0
239,14348,5,1.57797338380595,2.0,1.0,3.0,31.0,3.4,2.0
239,14348,6,1.5811388300841893,4.0,2.0,3.0,30.7,2.8,2.0
239,14348,7,1.624807680927192,2.0,1.0,3.0,30.0,3.5,1.0
239,14348,8,1.7320508075688772,3.0,2.0,3.0,30.0,3.7,1.0
239,14348,9,1.7435595774162693,2.0,1.0,4.0,30.0,2.9,1.0
239,14348,10,1.7776388834631178,2.0,2.0,3.0,30.0,3.1,1.0
240,2985,1,0.20000000000000018,10.0,10.0,4.0,45.0,3.6,1.0
240,2985,2,0.30000000000000027,10.0,10.0,4.0,45.0,3.7,1.0
240,2985,3,0.5,10.0,10.0,4.0,45.0,3.9,1.0
240,2985,4,0.5,10.0,10.0,4.0,45.0,3.9,1.0
240,2985,5,0.5,10.0,10.0,4.0,45.0,3.9,1.0
240,2985,6,0.5,10.0,10.0,4.0,45.0,3.9,1.0
240,2985,7,1.0,10.0,10.0,3.0,45.0,3.4,1.0
240,2985,8,1.004987562112089,10.0,10.0,3.0,45.0,3.5,1.0
240,2985,9,1.0198039027185568,9.0,10.0,4.0,45.0,3.2,1.0
240,2985,10,1.019803902718557,10.0,10.0,4.0,44.0,3.6,1.0
241,20064,1,1.4352700094407325,1.0,1.0,2.0,23.0,3.2,1.0
241,20064,2,1.6155494421403513,1.0,2.0,2.0,24.0,2.9,1.0
241,20064,3,2.3108440016582685,1.0,3.0,2.0,24.0,2.6,1.0
241,20064,4,2.3259406699226015,2.0,2.0,1.0,25.0,2.7,2.0
241,20064,5,2.345207879911715,1.0,1.0,2.0,22.0,3.8,1.0
241,20064,6,2.874021572639983,2.0,2.0,3.0,25.0,2.4,1.0
241,20064,7,2.8861739379323628,2.0,2.0,3.0,22.7,3.6,1.0
241,20064,8,2.9342801502242417,2.0,2.0,3.0,25.0,2.9,1.0
241,20064,9,3.0413812651491097,1.0,1.0,4.0,23.5,2.8,1.0
241,20064,10,3.047950130825634,1.0,1.0,4.0,24.0,2.5,1.0
242,17627,1,1.42828568570857,1.0,2.0,4.0,26.5,3.2,1.0
242,17627,2,1.5811388300841898,1.0,1.0,4.0,24.0,2.5,1.0
242,17627,3,1.6552945357246849,1.0,1.0,4.0,27.0,3.7,1.0
242,17627,4,1.7578395831246945,2.0,2.0,3.0,25.5,3.3,1.0
242,17627,5,1.8055470085267789,1.0,1.0,5.0,27.0,2.9,1.0
242,17627,6,1.8055470085267789,2.0,2.0,3.0,25.0,2.9,1.0
242,17627,7,1.8275666882497066,1.0,1.0,3.0,27.0,2.7,1.0
242,17627,8,1.8466185312619388,1.0,1.0,5.0,27.0,2.6,1.0
242,17627,9,1.9000000000000001,2.0,2.0,3.0,25.0,2.4,1.0
242,17627,10,1.9000000000000001,2.0,1.0,4.0,27.0,3.6,1.0
243,4675,1,0.2999999999999998,3.0,2.0,4.0,39.0,3.0,1.0
243,4675,2,0.49999999999999856,3.0,2.0,4.0,39.3,3.7,1.0
243,4675,3,1.0,3.0,2.0,4.0,38.0,3.3,1.0
243,4675,4,1.0,3.0,2.0,3.0,39.0,3.3,1.0
243,4675,5,1.004987562112089,2.0,2.0,4.0,39.0,3.4,1.0
243,4675,6,1.004987562112089,3.0,3.0,4.0,39.0,3.2,1.0
243,4675,7,1.004987562112089,2.0,2.0,4.0,39.0,3.4,1.0
243,4675,8,1.019803902718557,3.0,3.0,4.0,39.0,3.5,1.0
243,4675,9,1.0440306508910548,2.0,2.0,4.0,39.0,3.0,1.0
243,4675,10,1.0440306508910548,3.0,2.0,3.0,39.0,3.0,1.0
244,7222,1,0.10000000000000009,1.0,1.0,4.0,31.0,3.1,1.0
244,7222,2,0.8000000000000003,1.0,1.0,4.0,31.0,2.4,1.0
244,7222,3,1.0198039027185568,1.0,1.0,3.0,31.0,3.4,1.0
244,7222,4,1.0440306508910548,1.0,2.0,4.0,31.0,3.5,1.0
244,7222,5,1.044030650891055,1.0,2.0,4.0,31.0,2.9,1.0
244,7222,6,1.0630145812734653,1.0,1.0,3.0,31.3,3.0,1.0
244,7222,7,1.1224972160321824,2.0,1.0,4.0,30.5,3.1,1.0
244,7222,8,1.1357816691600546,1.0,2.0,4.0,31.5,3.0,1.0
244,7222,9,1.42828568570857,1.0,2.0,4.0,30.0,3.0,1.0
244,7222,10,1.42828568570857,1.0,2.0,3.0,31.0,3.0,1.0
245,10865,1,0.20000000000000018,3.0,1.0,4.0,36.0,3.0,1.0
245,10865,2,0.9000000000000004,3.0,1.0,4.0,36.0,3.7,1.0
245,10865,3,1.0,2.0,1.0,4.0,36.0,2.8,1.0
245,10865,4,1.004987562112089,3.0,1.0,4.0,35.0,2.9,1.0
245,10865,5,1.0198039027185568,4.0,1.0,4.0,36.0,2.6,1.0
245,10865,6,1.0198039027185568,3.0,2.0,4.0,36.0,2.6,1.0
245,10865,7,1.019803902718557,3.0,2.0,4.0,36.0,3.0,1.0
245,10865,8,1.0770329614269007,3.0,1.0,5.0,36.0,2.4,1.0
245,10865,9,1.077032961426901,3.0,2.0,4.0,36.0,3.2,1.0
245,10865,10,1.077032961426901,2.0,1.0,4.0,36.0,3.2,1.0
246,19677,1,1.5,2.0,1.0,3.0,21.0,3.0,1.0
246,19677,2,1.57797338380595,1.0,1.0,2.0,23.0,3.2,1.0
246,19677,3,1.6401219466856725,1.0,1.0,2.0,22.0,3.8,1.0
246,19677,4,1.8275666882497066,1.0,1.0,4.0,23.5,2.8,1.0
246,19677,5,1.9235384061671343,2.0,2.0,3.0,22.7,3.6,1.0
246,19677,6,2.1931712199461306,1.0,1.0,3.0,20.0,3.4,1.0
246,19677,7,2.227105745132009,2.0,1.0,2.0,21.0,3.9,1.0
246,19677,8,2.23606797749979,1.0,1.0,4.0,24.0,2.5,1.0
246,19677,9,2.4819347291981715,1.0,2.0,2.0,24.0,2.9,1.0
246,19677,10,2.9495762407505257,3.0,2.0,2.0,20.7,2.4,2.0
247,15099,1,1.1874342087037917,2.0,2.0,2.0,26.0,2.7,1.0
247,15099,2,1.42828568570857,2.0,2.0,3.0,25.5,3.3,1.0
247,15099,3,1.5132745950421556,2.0,2.0,3.0,25.0,2.9,1.0
247,15099,4,1.6552945357246849,2.0,2.0,3.0,25.0,2.4,1.0
247,15099,5,1.7320508075688772,3.0,2.0,3.0,25.5,3.1,1.0
247,15099,6,1.8027756377319946,3.0,1.0,2.0,27.0,3.1,1.0
247,15099,7,1.8055470085267789,3.0,1.0,2.0,27.0,3.0,1.0
247,15099,8,1.8138357147217055,1.0,1.0,2.0,27.0,2.9,1.0
247,15099,9,1.8466185312619388,2.0,2.0,1.0,25.0,2.7,2.0
247,15099,10,1.8708286933869707,1.0,1.0,2.0,27.0,2.6,1.0
248,8382,1,1.3747727084867523,2.0,2.0,4.0,27.5,2.8,1.0
248,8382,2,1.4177446878757827,3.0,3.0,3.0,28.0,3.5,1.0
248,8382,3,1.445683229480096,1.0,2.0,3.0,29.0,3.3,1.0
248,8382,4,1.445683229480096,2.0,3.0,3.0,29.0,3.3,1.0
248,8382,5,1.5,2.0,3.0,4.0,28.0,3.1,1.0
248,8382,6,1.5362291495737217,1.0,2.0,3.0,29.0,3.0,1.0
248,8382,7,1.6062378404209012,2.0,1.0,4.0,28.3,2.9,1.0
248,8382,8,1.6248076809271923,1.0,1.0,3.0,28.0,2.8,1.0
248,8382,9,1.6248076809271923,1.0,2.0,3.0,29.0,2.8,1.0
248,8382,10,1.652271164185831,1.0,2.0,4.0,28.3,2.8,1.0
249,7256,1,1.004987562112089,1.0,1.0,1.0,31.0,3.1,1.0
249,7256,2,1.0198039027185568,1.0,1.0,3.0,31.0,3.4,1.0
249,7256,3,1.019803902718557,1.0,2.0,2.0,31.0,3.0,1.0
249,7256,4,1.044030650891055,1.0,2.0,2.0,31.0,2.9,1.0
249,7256,5,1.0630145812734653,1.0,1.0,3.0,31.3,3.0,1.0
249,7256,6,1.077032961426901,1.0,1.0,2.0,30.0,2.8,1.0
249,7256,7,1.1357816691600546,1.0,2.0,2.0,31.5,3.0,1.0
249,7256,8,1.4177446878757827,2.0,2.0,2.0,31.0,3.1,1.0
249,7256,9,1.42828568570857,1.0,2.0,3.0,31.0,3.0,1.0
249,7256,10,1.445683229480096,1.0,1.0,3.0,30.0,3.5,1.0
250,14497,1,0.30000000000000027,1.0,1.0,4.0,31.0,2.4,1.0
250,14497,2,0.3999999999999999,1.0,1.0,4.0,31.0,3.1,1.0
250,14497,3,1.0198039027185568,1.0,2.0,4.0,31.0,2.9,1.0
250,14497,4,1.0862780491200217,1.0,1.0,3.0,31.3,3.0,1.0
250,14497,5,1.1575836902790224,1.0,2.0,4.0,31.5,3.0,1.0
250,14497,6,1.1874342087037917,2.0,1.0,4.0,30.5,3.1,1.0
250,14497,7,1.22065556157337,1.0,1.0,3.0,31.0,3.4,1.0
250,14497,8,1.2806248474865696,1.0,2.0,4.0,31.0,3.5,1.0
250,14497,9,1.4177446878757824,1.0,2.0,3.0,31.0,2.8,1.0
250,14497,10,1.4177446878757824,2.0,1.0,4.0,32.0,2.8,1.0
251,15839,1,0.6000000000000001,1.0,1.0,4.0,37.0,3.7,1.0
251,15839,2,0.6000000000000001,1.0,1.0,4.0,37.0,3.7,1.0
251,15839,3,1.0,2.0,1.0,4.0,37.0,3.1,1.0
251,15839,4,1.0440306508910548,1.0,2.0,4.0,37.0,3.4,1.0
251,15839,5,1.1661903789690602,1.0,1.0,5.0,37.0,2.5,1.0
251,15839,6,1.1661903789690602,1.0,1.0,4.0,38.0,3.7,1.0
251,15839,7,1.1661903789690602,1.0,1.0,4.0,36.0,3.7,1.0
251,15839,8,1.2806248474865696,1.0,2.0,4.0,37.0,3.9,1.0
251,15839,9,1.4142135623730951,1.0,1.0,3.0,36.0,3.1,1.0
251,15839,10,1.4142135623730951,1.0,2.0,5.0,37.0,3.1,1.0
252,12903,1,1.4142135623730951,2.0,1.0,3.0,33.0,2.7,1.0
252,12903,2,1.4177446878757824,3.0,1.0,3.0,33.0,3.6,1.0
252,12903,3,1.4177446878757824,2.0,1.0,3.0,34.0,3.8,1.0
252,12903,4,1.42828568570857,1.0,1.0,3.0,33.0,3.5,1.0
252,12903,5,1.445683229480096,2.0,2.0,3.0,33.0,3.4,1.0
252,12903,6,1.4764823060233394,2.0,1.0,4.0,32.7,3.4,1.0
252,12903,7,1.5524174696260025,2.0,2.0,3.0,32.5,3.3,1.0
252,12903,8,1.57797338380595,2.0,2.0,3.0,34.0,3.0,2.0
252,12903,9,1.577973383805951,2.0,2.0,3.0,32.3,2.7,2.0
252,12903,10,1.7349351572897473,1.0,1.0,3.0,32.0,3.6,1.0
253,7845,1,0.10000000000000009,5.0,6.0,3.0,39.0,3.7,1.0
253,7845,2,0.5,5.0,6.0,3.0,39.0,3.1,1.0
253,7845,3,1.0198039027185568,4.0,6.0,3.0,39.0,3.8,1.0
253,7845,4,1.0440306508910548,5.0,6.0,3.0,38.0,3.9,1.0
253,7845,5,1.044030650891055,5.0,6.0,3.0,40.0,3.3,1.0
253,7845,6,1.044030650891055,6.0,6.0,3.0,39.0,3.3,1.0
253,7845,7,1.118033988749895,5.0,5.0,3.0,39.0,3.1,1.0
253,7845,8,1.118033988749895,5.0,6.0,4.0,39.0,3.1,1.0
253,7845,9,1.1661903789690602,5.0,5.0,3.0,39.0,3.0,1.0
253,7845,10,1.2206555615733703,4.0,6.0,3.0,39.0,2.9,1.0
254,7470,1,1.1661903789690602,1.0,1.0,2.0,35.0,3.0,1.0
254,7470,2,1.28062484748657,1.0,1.0,3.0,34.0,3.2,1.0
254,7470,3,1.28062484748657,1.0,1.0,3.0,34.0,3.2,1.0
254,7470,4,1.345362404707371,1.0,1.0,3.0,34.0,3.3,1.0
254,7470,5,1.4177446878757827,2.0,1.0,2.0,35.0,2.5,1.0
254,7470,6,1.5,1.0,1.0,1.0,35.0,2.9,1.0
254,7470,7,1.7578395831246947,2.0,1.0,3.0,33.0,2.7,1.0
254,7470,8,1.7916472867168918,1.0,1.0,3.0,33.0,3.5,1.0
254,7470,9,1.8027756377319946,2.0,1.0,3.0,34.5,3.4,1.0
254,7470,10,1.8275666882497066,1.0,1.0,1.0,35.5,2.7,1.0
255,12231,1,0.19999999999999973,4.0,3.0,3.0,33.0,3.7,1.0
255,12231,2,1.0,4.0,3.0,3.0,33.0,2.9,1.0
255,12231,3,1.0198039027185568,3.0,3.0,3.0,33.0,3.7,1.0
255,12231,4,1.0198039027185568,4.0,3.0,4.0,33.0,3.7,1.0
255,12231,5,1.0440306508910548,4.0,3.0,3.0,34.0,3.6,1.0
255,12231,6,1.0770329614269007,4.0,3.0,3.0,34.0,3.5,1.0
255,12231,7,1.0770329614269007,4.0,3.0,3.0,34.0,3.5,1.0
255,12231,8,1.0770329614269007,4.0,3.0,3.0,32.0,3.5,1.0
255,12231,9,1.0770329614269007,5.0,3.0,3.0,33.0,3.5,1.0
255,12231,10,1.0770329614269007,4.0,3.0,3.0,32.0,3.5,1.0
256,18024,1,1.445683229480096,1.0,2.0,2.0,24.0,2.9,1.0
256,18024,2,1.7349351572897473,2.0,2.0,2.0,26.0,2.7,1.0
256,18024,3,1.7435595774162693,2.0,2.0,3.0,25.0,2.4,1.0
256,18024,4,1.7578395831246945,2.0,2.0,3.0,25.0,2.9,1.0
256,18024,5,1.9339079605813716,2.0,2.0,3.0,25.5,3.3,1.0
256,18024,6,2.0,1.0,1.0,2.0,27.0,2.6,1.0
256,18024,7,2.0024984394500787,2.0,2.0,1.0,25.0,2.7,2.0
256,18024,8,2.0223748416156684,1.0,1.0,2.0,27.0,2.9,1.0
256,18024,9,2.08806130178211,1.0,1.0,2.0,23.0,3.2,1.0
256,18024,10,2.2226110770892866,1.0,1.0,1.0,26.5,3.9,1.0
257,14494,1,1.004987562112089,1.0,1.0,3.0,28.0,2.8,1.0
257,14494,2,1.004987562112089,1.0,2.0,3.0,29.0,2.8,1.0
257,14494,3,1.0295630140987,1.0,1.0,3.0,29.5,3.6,1.0
257,14494,4,1.0440306508910548,1.0,2.0,3.0,29.0,3.0,1.0
257,14494,5,1.118033988749895,1.0,1.0,4.0,29.0,3.2,1.0
257,14494,6,1.16619037896906,1.0,2.0,3.0,29.0,3.3,1.0
257,14494,7,1.2806248474865696,1.0,1.0,3.0,30.0,3.5,1.0
257,14494,8,1.4177446878757824,1.0,1.0,2.0,30.0,2.8,1.0
257,14494,9,1.42828568570857,1.0,1.0,3.0,28.0,2.5,2.0
257,14494,10,1.445683229480096,2.0,1.0,4.0,29.0,3.0,1.0
258,15792,1,0.3999999999999999,1.0,1.0,3.0,27.0,2.7,1.0
258,15792,2,1.019803902718557,1.0,1.0,2.0,27.0,2.9,1.0
258,15792,3,1.044030650891055,1.0,1.0,3.0,28.0,2.8,1.0
258,15792,4,1.118033988749895,1.0,1.0,2.0,27.0,2.6,1.0
258,15792,5,1.1661903789690602,1.0,1.0,4.0,27.0,3.7,1.0
258,15792,6,1.4177446878757827,1.0,1.0,4.0,28.0,3.0,1.0
258,15792,7,1.5,2.0,1.0,4.0,27.0,3.6,1.0
258,15792,8,1.503329637837291,1.0,2.0,4.0,26.5,3.2,1.0
258,15792,9,1.5362291495737217,1.0,1.0,3.0,28.0,2.5,2.0
258,15792,10,1.8275666882497066,2.0,2.0,4.0,27.5,2.8,1.0
259,17641,1,1.0770329614269007,1.0,1.0,3.0,20.0,3.4,1.0
259,17641,2,1.4177446878757827,2.0,1.0,1.0,20.0,2.9,1.0
259,17641,3,1.676305461424021,2.0,1.0,2.0,21.0,3.9,1.0
259,17641,4,1.7320508075688772,2.0,1.0,3.0,21.0,3.0,1.0
259,17641,5,2.1540659228538015,1.0,1.0,2.0,22.0,3.8,1.0
259,17641,6,2.467792535850613,2.0,3.0,3.0,20.0,3.3,1.0
259,17641,7,2.6172504656604803,3.0,2.0,2.0,20.7,2.4,2.0
259,17641,8,2.8442925306655784,3.0,3.0,2.0,20.0,2.7,1.0
259,17641,9,3.006659275674582,1.0,1.0,2.0,23.0,3.2,1.0
259,17641,10,3.2634337744161432,2.0,2.0,3.0,22.7,3.6,1.0
260,19899,1,0.20000000000000018,1.0,1.0,3.0,27.0,2.7,1.0
260,19899,2,1.004987562112089,1.0,1.0,2.0,27.0,2.6,1.0
260,19899,3,1.0440306508910548,1.0,1.0,3.0,28.0,2.8,1.0
260,19899,4,1.0770329614269007,1.0,1.0,2.0,27.0,2.9,1.0
260,19899,5,1.4142135623730951,1.0,1.0,3.0,28.0,2.5,2.0
260,19899,6,1.5,1.0,1.0,4.0,28.0,3.0,1.0
260,19899,7,1.562049935181331,1.0,1.0,4.0,27.0,3.7,1.0
260,19899,8,1.6552945357246849,1.0,2.0,4.0,26.5,3.2,1.0
260,19899,9,1.7916472867168918,2.0,1.0,4.0,27.0,3.6,1.0
260,19899,10,1.8275666882497066,2.0,2.0,4.0,27.5,2.8,1.0
261,1240,1,0.2999999999999998,2.0,1.0,4.0,41.0,3.2,1.0
261,1240,2,0.5099019513592785,2.0,1.0,4.0,40.5,3.6,1.0
261,1240,3,1.004987562112089,3.0,1.0,4.0,41.0,3.4,1.0
261,1240,4,1.004987562112089,2.0,1.0,4.0,42.0,3.6,1.0
261,1240,5,1.019803902718557,2.0,1.0,4.0,40.0,3.7,1.0
261,1240,6,1.0440306508910548,2.0,1.0,4.0,42.0,3.2,1.0
261,1240,7,1.0770329614269007,2.0,1.0,5.0,41.0,3.1,1.0
261,1240,8,1.118033988749895,2.0,1.0,3.0,41.0,3.0,1.0
261,1240,9,1.2206555615733703,2.0,1.0,5.0,41.0,2.8,1.0
261,1240,10,1.345362404707371,2.0,1.0,4.0,40.0,2.6,1.0
262,17805,1,0.7000000000000002,2.0,1.0,3.0,36.0,3.7,1.0
262,17805,2,1.004987562112089,1.0,1.0,3.0,36.0,3.1,1.0
262,17805,3,1.004987562112089,1.0,1.0,3.0,36.0,2.9,1.0
262,17805,4,1.004987562112089,2.0,2.0,3.0,36.0,2.9,1.0
262,17805,5,1.004987562112089,2.0,2.0,3.0,36.0,3.1,1.0
262,17805,6,1.019803902718557,1.0,1.0,3.0,36.0,3.2,1.0
262,17805,7,1.019803902718557,2.0,1.0,4.0,36.0,3.2,1.0
262,17805,8,1.019803902718557,1.0,1.0,3.0,36.0,2.8,1.0
262,17805,9,1.019803902718557,2.0,1.0,4.0,36.0,2.8,1.0
262,17805,10,1.0440306508910548,2.0,1.0,3.0,35.0,3.3,1.0
263,19803,1,0.2999999999999998,1.0,1.0,3.0,28.0,2.8,1.0
263,19803,2,1.0,1.0,1.0,3.0,28.0,2.5,2.0
263,19803,3,1.019803902718557,1.0,1.0,3.0,27.0,2.7,1.0
263,19803,4,1.118033988749895,1.0,1.0,4.0,28.0,3.0,1.0
263,19803,5,1.4177446878757827,1.0,1.0,2.0,27.0,2.6,1.0
263,19803,6,1.445683229480096,1.0,2.0,3.0,29.0,2.8,1.0
263,19803,7,1.469693845669907,1.0,1.0,2.0,27.0,2.9,1.0
263,19803,8,1.47648230602334,1.0,2.0,4.0,28.3,2.8,1.0
263,19803,9,1.5,1.0,2.0,3.0,29.0,3.0,1.0
263,19803,10,1.5,2.0,1.0,4.0,28.3,2.9,1.0
264,7523,1,1.7320508075688772,1.0,1.0,3.0,20.0,3.4,1.0
264,7523,2,2.5219040425836985,2.0,1.0,3.0,21.0,3.0,1.0
264,7523,3,2.692582403567252,2.0,1.0,1.0,20.0,2.9,1.0
264,7523,4,2.794637722496424,2.0,3.0,3.0,20.0,3.3,1.0
264,7523,5,2.981610303175114,3.0,2.0,2.0,20.7,2.4,2.0
264,7523,6,3.0413812651491097,2.0,1.0,2.0,21.0,3.9,1.0
264,7523,7,3.3301651610693423,3.0,3.0,2.0,20.0,2.7,1.0
264,7523,8,3.6,1.0,1.0,2.0,22.0,3.8,1.0
264,7523,9,4.257933771208753,2.0,2.0,3.0,22.7,3.6,1.0
264,7523,10,4.317406628984581,1.0,1.0,2.0,23.0,3.2,1.0
265,19416,1,1.0,1.0,1.0,3.0,28.0,2.8,1.0
265,19416,2,1.2806248474865696,1.0,1.0,4.0,28.0,3.0,1.0
265,19416,3,1.4177446878757824,1.0,1.0,4.0,27.0,3.7,1.0
265,19416,4,1.4866068747318502,1.0,1.0,3.0,27.0,2.7,1.0
265,19416,5,1.5,1.0,2.0,3.0,29.0,3.3,1.0
265,19416,6,1.5132745950421556,1.0,1.0,3.0,29.5,3.6,1.0
265,19416,7,1.5362291495737215,1.0,1.0,4.0,29.0,3.2,1.0
265,19416,8,1.624807680927192,1.0,2.0,3.0,29.0,3.0,1.0
265,19416,9,1.6401219466856725,1.0,1.0,3.0,28.0,2.5,2.0
265,19416,10,1.676305461424021,1.0,1.0,2.0,27.0,2.9,1.0
266,17597,1,1.004987562112089,3.0,3.0,3.0,42.0,2.9,1.0
266,17597,2,1.118033988749895,3.0,3.0,4.0,43.0,3.5,1.0
266,17597,3,1.118033988749895,4.0,3.0,3.0,43.0,2.5,1.0
266,17597,4,1.2806248474865696,3.0,3.0,3.0,42.0,3.8,1.0
266,17597,5,1.4142135623730951,4.0,2.0,3.0,43.0,3.0,1.0
266,17597,6,1.4177446878757827,2.0,2.0,3.0,43.0,3.1,1.0
266,17597,7,1.42828568570857,3.0,4.0,4.0,43.0,3.2,1.0
266,17597,8,1.445683229480096,4.0,4.0,3.0,43.0,2.7,1.0
266,17597,9,1.445683229480096,3.0,3.0,4.0,44.0,2.7,1.0
266,17597,10,1.469693845669907,3.0,3.0,4.0,42.0,3.4,1.0
267,18341,1,0.6999999999999997,7.0,7.0,4.0,40.0,3.3,1.0
267,18341,2,1.0440306508910548,7.0,7.0,4.0,41.0,2.9,1.0
267,18341,3,1.044030650891055,7.0,7.0,4.0,39.0,2.3,1.0
267,18341,4,1.0770329614269007,7.0,7.0,4.0,41.0,3.0,1.0
267,18341,5,1.0770329614269007,7.0,6.0,4.0,40.0,3.0,1.0
267,18341,6,1.0770329614269007,7.0,7.0,3.0,40.0,3.0,1.0
267,18341,7,1.0770329614269007,7.0,7.0,4.0,41.0,3.0,1.0
267,18341,8,1.0770329614269007,7.0,6.0,4.0,40.0,3.0,1.0
267,18341,9,1.118033988749895,8.0,7.0,4.0,40.0,3.1,1.0
267,18341,10,1.118033988749895,7.0,7.0,3.0,40.0,3.1,1.0
268,19951,1,1.2569805089976538,1.0,1.0,2.0,23.0,3.2,1.0
268,19951,2,1.315294643796591,1.0,1.0,4.0,23.5,2.8,1.0
268,19951,3,1.6401219466856731,1.0,1.0,4.0,24.0,2.5,1.0
268,19951,4,1.7832554500127002,1.0,1.0,2.0,22.0,3.8,1.0
268,19951,5,1.7916472867168918,2.0,2.0,3.0,22.7,3.6,1.0
268,19951,6,1.962141687034859,1.0,2.0,2.0,24.0,2.9,1.0
268,19951,7,2.0346989949375796,2.0,1.0,3.0,21.0,3.0,1.0
268,19951,8,2.5884358211089573,1.0,3.0,2.0,24.0,2.6,1.0
268,19951,9,2.6172504656604794,2.0,1.0,2.0,21.0,3.9,1.0
268,19951,10,2.7018512172212596,2.0,2.0,3.0,25.0,2.4,1.0
269,4835,1,1.0,5.0,4.0,3.0,33.5,3.3,1.0
269,4835,2,1.004987562112089,5.0,4.0,3.0,33.5,3.2,1.0
269,4835,3,1.1224972160321824,5.0,4.0,3.0,34.0,3.2,1.0
269,4835,4,1.1357816691600546,5.0,4.0,3.0,33.0,3.1,1.0
269,4835,5,1.1575836902790226,5.0,4.0,3.0,33.0,3.6,1.0
269,4835,6,1.3190905958272918,5.0,4.0,3.0,33.0,2.6,1.0
269,4835,7,1.5,4.0,5.0,3.0,33.0,3.3,2.0
269,4835,8,1.5,5.0,5.0,3.0,34.0,3.3,1.0
269,4835,9,1.5,4.0,4.0,3.0,33.0,3.3,1.0
269,4835,10,1.5033296378372907,5.0,4.0,4.0,33.0,3.2,1.0
270,4959,1,1.16619037896906,2.0,2.0,2.0,29.0,2.7,1.0
270,4959,2,1.4177446878757827,3.0,1.0,2.0,28.0,3.4,1.0
270,4959,3,1.445683229480096,1.0,2.0,2.0,29.0,3.0,1.0
270,4959,4,1.5033296378372907,2.0,2.0,2.0,29.5,3.2,1.0
270,4959,5,1.5362291495737215,3.0,3.0,2.0,28.0,2.7,1.0
270,4959,6,1.7320508075688772,3.0,3.0,2.0,27.0,3.3,1.0
270,4959,7,1.7320508075688772,2.0,3.0,3.0,29.0,3.3,1.0
270,4959,8,1.7320508075688772,1.0,2.0,3.0,29.0,3.3,1.0
270,4959,9,1.7349351572897471,3.0,1.0,2.0,28.0,3.2,2.0
270,4959,10,1.7435595774162693,3.0,1.0,2.0,27.0,3.1,1.0
271,17932,1,0.10000000000000009,5.0,2.0,3.0,40.0,3.1,1.0
271,17932,2,1.019803902718557,5.0,3.0,3.0,40.0,2.8,1.0
271,17932,3,1.0770329614269007,5.0,3.0,3.0,40.0,2.6,1.0
271,17932,4,1.1661903789690602,5.0,3.0,3.0,40.0,3.6,1.0
271,17932,5,1.4142135623730951,5.0,3.0,3.0,39.0,3.0,1.0
271,17932,6,1.4142135623730951,5.0,2.0,4.0,39.0,3.0,1.0
271,17932,7,1.4142135623730951,4.0,3.0,3.0,40.0,3.0,1.0
271,17932,8,1.4177446878757827,4.0,2.0,4.0,40.0,2.9,1.0
271,17932,9,1.42828568570857,4.0,2.0,3.0,41.0,3.2,1.0
271,17932,10,1.469693845669907,4.0,2.0,3.0,41.0,3.4,1.0
272,10824,1,0.5830951894845302,1.0,2.0,3.0,36.0,3.1,1.0
272,10824,2,0.7071067811865476,1.0,2.0,3.0,36.0,3.3,1.0
272,10824,3,1.0295630140987002,1.0,2.0,3.0,36.0,3.7,1.0
272,10824,4,1.039230484541327,1.0,2.0,4.0,35.7,3.0,1.0
272,10824,5,1.118033988749895,1.0,1.0,3.0,36.0,2.8,1.0
272,10824,6,1.118033988749895,2.0,2.0,3.0,35.0,2.8,1.0
272,10824,7,1.1224972160321824,2.0,2.0,3.0,36.0,2.9,1.0
272,10824,8,1.1224972160321824,1.0,1.0,3.0,36.0,2.9,1.0
272,10824,9,1.1575836902790226,2.0,2.0,3.0,36.0,3.1,1.0
272,10824,10,1.1575836902790226,1.0,1.0,3.0,36.0,3.1,1.0
273,10108,1,0.5385164807134505,1.0,1.0,4.0,35.5,3.1,1.0
273,10108,2,0.8000000000000003,1.0,1.0,4.0,36.0,3.7,1.0
273,10108,3,1.0,1.0,1.0,3.0,36.0,2.9,1.0
273,10108,4,1.004987562112089,1.0,1.0,3.0,36.0,2.8,1.0
273,10108,5,1.004987562112089,2.0,1.0,4.0,36.0,2.8,1.0
273,10108,6,1.019803902718557,1.0,1.0,3.0,36.0,3.1,1.0
273,10108,7,1.044030650891055,1.0,1.0,3.0,36.0,3.2,1.0
273,10108,8,1.044030650891055,2.0,1.0,4.0,36.0,3.2,1.0
273,10108,9,1.0488088481701507,1.0,2.0,4.0,35.7,3.0,1.0
273,10108,10,1.1661903789690602,1.0,2.0,4.0,36.0,3.5,1.0
274,7655,1,1.4866068747318506,5.0,3.0,3.0,24.0,3.5,1.0
274,7655,2,1.676305461424021,4.0,3.0,3.0,26.0,3.3,1.0
274,7655,3,1.7578395831246947,5.0,4.0,2.0,26.0,2.7,1.0
274,7655,4,2.118962010041709,4.0,4.0,4.0,24.0,3.1,1.0
274,7655,5,2.3853720883753127,5.0,3.0,1.0,25.0,3.7,1.0
274,7655,6,2.3958297101421877,3.0,2.0,3.0,25.5,3.1,1.0
274,7655,7,2.5,4.0,2.0,3.0,23.0,2.9,1.0
274,7655,8,2.5,3.0,3.0,3.0,25.5,3.4,2.0
274,7655,9,2.5079872407968904,6.0,5.0,2.0,25.5,2.6,1.0
274,7655,10,2.5377155080899043,5.0,4.0,3.0,27.0,3.6,1.0
275,17458,1,1.4177446878757827,2.0,1.0,1.0,20.0,2.9,1.0
275,17458,2,2.2715633383201093,1.0,1.0,3.0,20.0,3.4,1.0
275,17458,3,2.6095976701399777,2.0,1.0,2.0,21.0,3.9,1.0
275,17458,4,3.0,2.0,1.0,3.0,21.0,3.0,1.0
275,17458,5,3.176476034853718,2.0,3.0,3.0,20.0,3.3,1.0
275,17458,6,3.176476034853718,3.0,3.0,2.0,20.0,2.7,1.0
275,17458,7,3.201562118716424,3.0,2.0,2.0,20.7,2.4,2.0
275,17458,8,3.2619012860600183,1.0,1.0,2.0,22.0,3.8,1.0
275,17458,9,3.8845849199110063,3.0,4.0,1.0,20.0,3.3,2.0
275,17458,10,4.127953488110059,1.0,1.0,2.0,23.0,3.2,1.0
276,1308,1,1.1357816691600546,2.0,2.0,3.0,25.5,3.3,1.0
276,1308,2,1.1575836902790224,1.0,2.0,4.0,26.5,3.2,1.0
276,1308,3,1.4594519519326425,2.0,3.0,3.0,26.3,3.7,1.0
276,1308,4,1.5362291495737217,2.0,2.0,3.0,25.0,2.9,1.0
276,1308,5,1.624807680927192,2.0,2.0,2.0,26.0,2.7,1.0
276,1308,6,1.624807680927192,1.0,1.0,3.0,27.0,2.7,1.0
276,1308,7,1.7435595774162693,1.0,1.0,4.0,27.0,3.7,1.0
276,1308,8,1.7916472867168918,2.0,2.0,3.0,25.0,2.4,1.0
276,1308,9,1.8027756377319946,2.0,3.0,2.0,25.7,3.1,1.0
276,1308,10,1.8330302779823362,1.0,1.0,2.0,27.0,2.9,1.0
277,2260,1,0.19999999999999973,8.0,9.0,4.0,42.0,3.2,1.0
277,2260,2,1.0,8.0,9.0,4.0,41.0,3.4,1.0
277,2260,3,1.004987562112089,8.0,9.0,4.0,41.0,3.5,1.0
277,2260,4,1.019803902718557,8.0,8.0,4.0,42.0,3.6,1.0
277,2260,5,1.019803902718557,8.0,8.0,4.0,42.0,3.6,1.0
277,2260,6,1.019803902718557,8.0,9.0,5.0,42.0,3.6,1.0
277,2260,7,1.0440306508910548,8.0,8.0,4.0,42.0,3.1,1.0
277,2260,8,1.0440306508910548,9.0,9.0,4.0,42.0,3.1,1.0
277,2260,9,1.0440306508910548,8.0,8.0,4.0,42.0,3.1,1.0
277,2260,10,1.044030650891055,8.0,8.0,4.0,42.0,3.7,1.0
278,17970,1,1.0440306508910548,1.0,1.0,3.0,27.0,2.7,1.0
278,17970,2,1.1661903789690602,2.0,1.0,4.0,27.0,3.6,1.0
278,17970,3,1.4142135623730951,3.0,1.0,2.0,27.0,3.0,1.0
278,17970,4,1.4177446878757827,1.0,1.0,2.0,27.0,2.9,1.0
278,17970,5,1.4177446878757827,3.0,1.0,2.0,27.0,3.1,1.0
278,17970,6,1.42828568570857,1.0,1.0,3.0,28.0,2.8,1.0
278,17970,7,1.469693845669907,1.0,1.0,2.0,27.0,2.6,1.0
278,17970,8,1.5132745950421556,2.0,2.0,4.0,27.5,2.8,1.0
278,17970,9,1.57797338380595,1.0,1.0,4.0,27.0,3.7,1.0
278,17970,10,1.6431676725154991,2.0,1.0,4.0,28.3,2.9,1.0
279,17389,1,1.0,2.0,2.0,4.0,36.0,3.0,1.0
279,17389,2,1.0,2.0,2.0,4.0,36.0,3.0,1.0
279,17389,3,1.0,2.0,3.0,4.0,35.0,3.0,1.0
279,17389,4,1.004987562112089,3.0,3.0,4.0,36.0,3.1,1.0
279,17389,5,1.004987562112089,2.0,2.0,4.0,36.0,2.9,1.0
279,17389,6,1.004987562112089,3.0,3.0,4.0,36.0,2.9,1.0
279,17389,7,1.004987562112089,2.0,2.0,4.0,36.0,3.1,1.0
279,17389,8,1.019803902718557,2.0,2.0,4.0,36.0,3.2,1.0
279,17389,9,1.019803902718557,2.0,2.0,4.0,36.0,3.2,1.0
279,17389,10,1.0440306508910548,2.0,2.0,4.0,36.0,2.7,1.0
280,14878,1,0.10000000000000009,1.0,1.0,3.0,34.0,3.2,1.0
280,14878,2,0.10000000000000009,1.0,1.0,3.0,34.0,3.2,1.0
280,14878,3,0.19999999999999973,1.0,1.0,3.0,34.0,3.3,1.0
280,14878,4,1.0770329614269007,1.0,1.0,3.0,33.0,3.5,1.0
280,14878,5,1.1575836902790224,2.0,1.0,3.0,34.5,3.4,1.0
280,14878,6,1.22065556157337,2.0,1.0,3.0,34.0,3.8,1.0
280,14878,7,1.4177446878757827,1.0,1.0,2.0,35.0,3.0,1.0
280,14878,8,1.42828568570857,2.0,1.0,3.0,35.0,3.3,1.0
280,14878,9,1.469693845669907,2.0,1.0,3.0,33.0,2.7,1.0
280,14878,10,1.469693845669907,2.0,1.0,3.0,35.0,3.5,1.0
281,19613,1,1.0440306508910548,1.0,1.0,3.0,36.0,2.8,1.0
281,19613,2,1.0770329614269007,1.0,1.0,3.0,36.0,2.9,1.0
281,19613,3,1.0770329614269007,1.0,1.0,1.0,36.0,2.9,1.0
281,19613,4,1.118033988749895,1.0,1.0,2.0,35.0,3.0,1.0
281,19613,5,1.1357816691600546,1.0,1.0,1.0,35.5,2.7,1.0
281,19613,6,1.1661903789690602,1.0,1.0,3.0,36.0,3.1,1.0
281,19613,7,1.2206555615733703,1.0,1.0,2.0,37.0,3.2,1.0
281,19613,8,1.2206555615733703,1.0,1.0,3.0,36.0,3.2,1.0
281,19613,9,1.4142135623730951,1.0,1.0,1.0,36.0,3.5,1.0
281,19613,10,1.4142135623730951,1.0,1.0,2.0,37.0,3.5,1.0
282,10335,1,0.30000000000000027,1.0,1.0,3.0,34.0,3.2,1.0
282,10335,2,0.30000000000000027,1.0,1.0,3.0,34.0,3.2,1.0
282,10335,3,0.3999999999999999,1.0,1.0,3.0,34.0,3.3,1.0
282,10335,4,1.1661903789690602,1.0,1.0,3.0,33.0,3.5,1.0
282,10335,5,1.224744871391589,2.0,1.0,3.0,34.5,3.4,1.0
282,10335,6,1.345362404707371,2.0,1.0,3.0,34.0,3.8,1.0
282,10335,7,1.4177446878757827,1.0,1.0,2.0,35.0,3.0,1.0
282,10335,8,1.42828568570857,2.0,1.0,3.0,33.0,2.7,1.0
282,10335,9,1.469693845669907,2.0,1.0,3.0,35.0,3.3,1.0
282,10335,10,1.5362291495737217,2.0,1.0,3.0,35.0,3.5,1.0
283,7606,1,1.2688577540449522,4.0,2.0,4.0,30.5,3.0,2.0
283,7606,2,1.57797338380595,3.0,1.0,4.0,30.0,3.1,1.0
283,7606,3,1.6062378404209012,5.0,2.0,4.0,29.7,3.1,2.0
283,7606,4,1.6278820596099701,4.0,2.0,3.0,30.7,2.8,2.0
283,7606,5,1.6552945357246849,5.0,1.0,4.0,29.5,3.1,1.0
283,7606,6,1.7578395831246947,5.0,2.0,4.0,30.0,2.7,1.0
283,7606,7,1.7776388834631178,4.0,2.0,4.0,31.0,2.8,1.0
283,7606,8,1.7916472867168918,4.0,2.0,4.0,30.0,3.5,1.0
283,7606,9,1.8681541692269406,4.0,2.0,4.0,31.0,3.1,1.0
283,7606,10,1.9078784028338915,3.0,1.0,4.0,31.0,3.2,1.0
284,1624,1,1.019803902718557,3.0,4.0,3.0,35.0,3.7,1.0
284,1624,2,1.019803902718557,2.0,4.0,4.0,35.0,3.3,1.0
284,1624,3,1.0440306508910548,2.0,3.0,3.0,35.0,3.2,1.0
284,1624,4,1.0440306508910548,2.0,4.0,4.0,35.0,3.2,1.0
284,1624,5,1.0440306508910548,2.0,4.0,3.0,36.0,3.2,1.0
284,1624,6,1.1224972160321824,2.0,4.0,4.0,35.5,3.4,1.0
284,1624,7,1.2000000000000002,2.0,4.0,3.0,35.0,2.3,1.0
284,1624,8,1.2206555615733703,3.0,4.0,3.0,35.0,2.8,1.0
284,1624,9,1.4142135623730951,2.0,3.0,4.0,35.0,3.5,1.0
284,1624,10,1.4142135623730951,3.0,4.0,3.0,34.0,3.5,1.0
285,16532,1,1.118033988749895,1.0,1.0,3.0,33.0,3.5,1.0
285,16532,2,1.42828568570857,1.0,1.0,3.0,34.0,3.2,1.0
285,16532,3,1.42828568570857,1.0,1.0,3.0,34.0,3.2,1.0
285,16532,4,1.445683229480096,2.0,1.0,3.0,33.0,2.7,1.0
285,16532,5,1.445683229480096,1.0,1.0,3.0,34.0,3.3,1.0
285,16532,6,1.5,1.0,1.0,3.0,32.0,3.5,1.0
285,16532,7,1.5362291495737217,1.0,1.0,3.0,32.0,3.6,1.0
285,16532,8,1.7435595774162693,2.0,2.0,2.0,32.0,2.8,1.0
285,16532,9,1.7776388834631178,2.0,2.0,3.0,33.0,3.4,1.0
285,16532,10,1.8027756377319946,1.0,2.0,2.0,31.5,3.0,1.0
286,2033,1,1.004987562112089,1.0,1.0,3.0,32.0,3.5,1.0
286,2033,2,1.0198039027185568,2.0,2.0,3.0,32.0,3.2,1.0
286,2033,3,1.019803902718557,1.0,1.0,3.0,32.0,3.6,1.0
286,2033,4,1.0770329614269007,1.0,2.0,3.0,31.0,3.0,1.0
286,2033,5,1.1224972160321824,2.0,2.0,3.0,32.5,3.3,1.0
286,2033,6,1.1661903789690602,1.0,2.0,3.0,31.0,2.8,1.0
286,2033,7,1.1874342087037917,1.0,2.0,4.0,31.5,3.0,1.0
286,2033,8,1.1874342087037917,1.0,2.0,2.0,31.5,3.0,1.0
286,2033,9,1.2845232578665124,1.0,1.0,3.0,31.3,3.0,1.0
286,2033,10,1.4142135623730951,1.0,1.0,3.0,31.0,3.4,1.0
287,16399,1,0.20000000000000018,2.0,2.0,3.0,32.0,3.2,1.0
287,16399,2,0.58309518948453,2.0,2.0,3.0,32.5,3.3,1.0
287,16399,3,0.6000000000000001,2.0,2.0,3.0,32.0,2.4,1.0
287,16399,4,1.004987562112089,2.0,2.0,4.0,32.0,2.9,1.0
287,16399,5,1.004987562112089,2.0,3.0,3.0,32.0,3.1,1.0
287,16399,6,1.004987562112089,2.0,2.0,4.0,32.0,2.9,1.0
287,16399,7,1.019803902718557,2.0,2.0,2.0,32.0,2.8,1.0
287,16399,8,1.0770329614269007,2.0,2.0,3.0,33.0,3.4,1.0
287,16399,9,1.0770329614269007,2.0,2.0,3.0,31.0,2.6,1.0
287,16399,10,1.0862780491200208,2.0,2.0,3.0,32.3,2.7,2.0
288,5942,1,0.5099019513592785,2.0,1.0,4.0,30.5,3.1,1.0
288,5942,2,1.0,3.0,1.0,4.0,31.0,3.2,1.0
288,5942,3,1.004987562112089,1.0,1.0,4.0,31.0,3.1,1.0
288,5942,4,1.044030650891055,2.0,1.0,4.0,30.0,2.9,1.0
288,5942,5,1.044030650891055,2.0,1.0,4.0,32.0,2.9,1.0
288,5942,6,1.077032961426901,2.0,1.0,4.0,32.0,2.8,1.0
288,5942,7,1.1661903789690602,2.0,1.0,4.0,32.0,2.6,1.0
288,5942,8,1.1661903789690602,2.0,1.0,4.0,32.0,2.6,1.0
288,5942,9,1.28062484748657,1.0,1.0,4.0,31.0,2.4,1.0
288,5942,10,1.4177446878757824,3.0,2.0,4.0,31.0,3.3,1.0
289,356,1,0.2999999999999998,3.0,2.0,4.0,36.0,3.2,1.0
289,356,2,0.5,3.0,2.0,4.0,36.0,3.0,1.0
289,356,3,0.8999999999999999,3.0,2.0,4.0,36.0,2.6,1.0
289,356,4,1.004987562112089,3.0,2.0,3.0,36.0,3.6,1.0
289,356,5,1.004987562112089,3.0,3.0,4.0,36.0,3.6,1.0
289,356,6,1.004987562112089,3.0,3.0,4.0,36.0,3.4,1.0
289,356,7,1.004987562112089,3.0,2.0,4.0,37.0,3.6,1.0
289,356,8,1.019803902718557,4.0,2.0,4.0,36.0,3.3,1.0
289,356,9,1.019803902718557,2.0,2.0,4.0,36.0,3.7,1.0
289,356,10,1.019803902718557,4.0,2.0,4.0,36.0,3.3,1.0
290,14575,1,1.0,1.0,1.0,4.0,37.0,3.7,1.0
290,14575,2,1.0,1.0,1.0,4.0,37.0,3.7,1.0
290,14575,3,1.019803902718557,1.0,1.0,5.0,37.0,2.5,1.0
290,14575,4,1.0770329614269007,2.0,1.0,4.0,37.0,3.1,1.0
290,14575,5,1.22065556157337,1.0,2.0,4.0,37.0,3.4,1.0
290,14575,6,1.4142135623730951,1.0,1.0,4.0,38.0,3.7,1.0
290,14575,7,1.4142135623730951,1.0,1.0,4.0,36.0,3.7,1.0
290,14575,8,1.4177446878757824,1.0,1.0,3.0,36.0,2.8,1.0
290,14575,9,1.4177446878757824,1.0,1.0,3.0,38.0,2.8,1.0
290,14575,10,1.4177446878757824,2.0,1.0,4.0,36.0,2.8,1.0
291,5433,1,1.16619037896906,1.0,1.0,3.0,27.0,2.7,1.0
291,5433,2,1.469693845669907,1.0,1.0,4.0,27.0,3.7,1.0
291,5433,3,1.469693845669907,1.0,1.0,2.0,27.0,2.9,1.0
291,5433,4,1.5,2.0,2.0,3.0,25.5,3.3,1.0
291,5433,5,1.5033296378372907,1.0,2.0,4.0,26.5,3.2,1.0
291,5433,6,1.57797338380595,1.0,1.0,2.0,27.0,2.6,1.0
291,5433,7,1.7578395831246947,2.0,1.0,4.0,27.0,3.6,1.0
291,5433,8,1.7776388834631178,2.0,2.0,3.0,25.0,2.9,1.0
291,5433,9,1.8330302779823358,2.0,2.0,2.0,26.0,2.7,1.0
291,5433,10,1.9519221295943134,2.0,2.0,3.0,25.0,2.4,1.0
292,6681,1,0.5,1.0,1.0,3.0,27.0,2.7,1.0
292,6681,2,1.044030650891055,1.0,1.0,2.0,27.0,2.9,1.0
292,6681,3,1.077032961426901,1.0,1.0,3.0,28.0,2.8,1.0
292,6681,4,1.118033988749895,1.0,1.0,4.0,27.0,3.7,1.0
292,6681,5,1.1661903789690602,1.0,1.0,2.0,27.0,2.6,1.0
292,6681,6,1.42828568570857,1.0,1.0,4.0,28.0,3.0,1.0
292,6681,7,1.469693845669907,2.0,1.0,4.0,27.0,3.6,1.0
292,6681,8,1.5,1.0,2.0,4.0,26.5,3.2,1.0
292,6681,9,1.57797338380595,1.0,1.0,3.0,28.0,2.5,2.0
292,6681,10,1.8466185312619388,2.0,2.0,4.0,27.5,2.8,1.0
293,10052,1,1.0,2.0,2.0,4.0,32.0,2.9,1.0
293,10052,2,1.0,2.0,2.0,4.0,32.0,2.9,1.0
293,10052,3,1.0,1.0,2.0,4.0,31.0,2.9,1.0
293,10052,4,1.0440306508910548,2.0,2.0,3.0,31.0,2.6,1.0
293,10052,5,1.0770329614269007,3.0,2.0,4.0,31.0,3.3,1.0
293,10052,6,1.1224972160321824,1.0,2.0,4.0,31.5,3.0,1.0
293,10052,7,1.1357816691600546,2.0,1.0,4.0,30.5,3.1,1.0
293,10052,8,1.1661903789690602,1.0,2.0,4.0,31.0,3.5,1.0
293,10052,9,1.1661903789690602,2.0,2.0,3.0,31.0,3.5,1.0
293,10052,10,1.2206555615733703,2.0,2.0,3.0,31.0,3.6,1.0
294,14349,1,0.4242640687119289,1.0,1.0,3.0,31.3,3.0,1.0
294,14349,2,0.6999999999999997,1.0,1.0,3.0,31.0,3.4,1.0
294,14349,3,1.004987562112089,1.0,2.0,3.0,31.0,2.8,1.0
294,14349,4,1.0440306508910548,1.0,2.0,3.0,31.0,3.0,1.0
294,14349,5,1.044030650891055,1.0,1.0,4.0,31.0,2.4,1.0
294,14349,6,1.0770329614269007,1.0,1.0,4.0,31.0,3.1,1.0
294,14349,7,1.2806248474865696,1.0,1.0,3.0,30.0,3.5,1.0
294,14349,8,1.2806248474865696,1.0,1.0,3.0,32.0,3.5,1.0
294,14349,9,1.345362404707371,1.0,1.0,3.0,32.0,3.6,1.0
294,14349,10,1.4177446878757824,1.0,1.0,2.0,30.0,2.8,1.0
295,20233,1,1.0,5.0,5.0,3.0,23.0,2.3,1.0
295,20233,2,1.9078784028338915,4.0,4.0,4.0,24.0,3.1,1.0
295,20233,3,2.193171219946131,6.0,6.0,3.0,24.0,3.2,1.0
295,20233,4,2.3958297101421877,7.0,5.0,4.0,23.7,2.8,2.0
295,20233,5,2.5317977802344327,6.0,7.0,3.0,23.5,2.7,1.0
295,20233,6,2.727636339397171,5.0,3.0,3.0,24.0,3.5,1.0
295,20233,7,2.7946377224964243,3.0,6.0,5.0,24.0,3.2,1.0
295,20233,8,3.0413812651491097,6.0,5.0,3.0,25.0,3.8,2.0
295,20233,9,3.059411708155671,3.0,3.0,3.0,23.0,2.9,1.0
295,20233,10,3.2015621187164243,5.0,3.0,2.0,22.0,2.8,2.0
296,10793,1,1.0198039027185568,4.0,3.0,5.0,27.0,2.6,1.0
296,10793,2,1.7578395831246945,3.0,4.0,4.0,26.0,2.5,1.0
296,10793,3,2.0223748416156684,3.0,2.0,4.0,27.0,3.1,1.0
296,10793,4,2.0615528128088303,4.0,3.0,3.0,26.0,3.3,1.0
296,10793,5,2.0615528128088303,3.0,2.0,4.0,27.0,3.3,1.0
296,10793,6,2.083266665599966,5.0,2.0,5.0,27.5,3.1,1.0
296,10793,7,2.1,5.0,3.0,4.0,27.5,2.4,1.0
296,10793,8,2.4103941586387903,4.0,3.0,3.0,27.0,3.7,1.0
296,10793,9,2.449489742783178,5.0,3.0,4.0,28.0,2.8,1.0
296,10793,10,2.4515301344262523,2.0,4.0,4.0,26.0,2.9,1.0
297,14986,1,1.676305461424021,2.0,2.0,1.0,33.0,2.2,1.0
297,14986,2,1.7776388834631178,2.0,2.0,1.0,34.0,3.5,1.0
297,14986,3,1.8027756377319946,2.0,2.0,1.0,34.0,3.6,1.0
297,14986,4,1.8138357147217055,1.0,2.0,1.0,31.5,2.9,1.0
297,14986,5,2.0,1.0,1.0,1.0,31.0,3.1,1.0
297,14986,6,2.009975124224178,1.0,1.0,1.0,35.0,2.9,1.0
297,14986,7,2.0223748416156684,2.0,2.0,2.0,32.0,2.8,1.0
297,14986,8,2.039607805437114,1.0,1.0,3.0,33.0,3.5,1.0
297,14986,9,2.0639767440550294,1.0,2.0,2.0,31.5,3.0,1.0
297,14986,10,2.238302928559939,1.0,1.0,3.0,34.0,3.2,1.0
298,15776,1,0.10000000000000009,5.0,7.0,4.0,37.0,3.0,1.0
298,15776,2,1.0,5.0,6.0,4.0,37.0,3.1,1.0
298,15776,3,1.004987562112089,5.0,6.0,4.0,37.0,3.2,1.0
298,15776,4,1.004987562112089,6.0,7.0,4.0,37.0,3.2,1.0
298,15776,5,1.0198039027185568,5.0,6.0,4.0,37.0,3.3,1.0
298,15776,6,1.019803902718557,6.0,7.0,4.0,37.0,2.9,1.0
298,15776,7,1.019803902718557,5.0,8.0,4.0,37.0,2.9,1.0
298,15776,8,1.1357816691600546,5.0,7.0,3.0,36.5,2.9,1.0
298,15776,9,1.1661903789690602,5.0,7.0,4.0,36.0,3.7,1.0
298,15776,10,1.4177446878757827,5.0,8.0,4.0,36.0,3.2,1.0
299,14704,1,0.5,3.0,2.0,3.0,25.5,3.1,1.0
299,14704,2,1.0198039027185568,3.0,2.0,3.0,24.0,3.3,1.0
299,14704,3,1.019803902718557,2.0,2.0,3.0,25.0,2.9,1.0
299,14704,4,1.1357816691600546,2.0,2.0,3.0,25.5,3.3,1.0
299,14704,5,1.2206555615733703,2.0,2.0,3.0,25.0,2.4,1.0
299,14704,6,1.5297058540778354,3.0,3.0,3.0,25.5,3.4,2.0
299,14704,7,1.7435595774162693,4.0,3.0,3.0,26.0,3.3,1.0
299,14704,8,1.7776388834631178,2.0,2.0,2.0,26.0,2.7,1.0
299,14704,9,1.86815416922694,2.0,3.0,2.0,25.7,3.1,1.0
299,14704,10,2.0124611797498115,2.0,3.0,3.0,26.3,3.7,1.0
300,932,1,0.20000000000000018,1.0,1.0,4.0,38.0,3.7,1.0
300,932,2,1.0,1.0,1.0,4.0,39.0,3.5,1.0
300,932,3,1.019803902718557,1.0,1.0,4.0,37.0,3.7,1.0
300,932,4,1.019803902718557,1.0,1.0,4.0,37.0,3.7,1.0
300,932,5,1.0440306508910548,2.0,1.0,4.0,38.0,3.2,1.0
300,932,6,1.0440306508910548,1.0,1.0,3.0,38.0,3.8,1.0
300,932,7,1.0440306508910548,1.0,1.0,3.0,38.0,3.2,1.0
300,932,8,1.1224972160321824,2.0,1.0,4.0,38.5,3.4,1.0
300,932,9,1.1661903789690602,1.0,2.0,4.0,38.0,2.9,1.0
300,932,10,1.1661903789690602,1.0,1.0,5.0,38.0,2.9,1.0
301,13868,1,1.118033988749895,1.0,1.0,2.0,23.0,3.2,1.0
301,13868,2,1.1224972160321824,1.0,1.0,4.0,23.5,2.8,1.0
301,13868,3,1.42828568570857,1.0,1.0,4.0,24.0,2.5,1.0
301,13868,4,1.7029386365926402,2.0,2.0,3.0,22.7,3.6,1.0
301,13868,5,1.7435595774162693,1.0,2.0,2.0,24.0,2.9,1.0
301,13868,6,1.7916472867168916,1.0,1.0,2.0,22.0,3.8,1.0
301,13868,7,2.2561028345356955,2.0,1.0,3.0,21.0,3.0,1.0
301,13868,8,2.4515301344262523,1.0,3.0,2.0,24.0,2.6,1.0
301,13868,9,2.4576411454889016,2.0,2.0,3.0,25.0,2.9,1.0
301,13868,10,2.467792535850613,2.0,2.0,3.0,25.0,2.4,1.0
302,5549,1,1.16619037896906,1.0,1.0,1.0,39.0,2.8,1.0
302,5549,2,1.7320508075688772,1.0,1.0,2.0,41.0,3.2,1.0
302,5549,3,1.7916472867168916,1.0,2.0,2.0,40.0,3.3,1.0
302,5549,4,1.9078784028338913,2.0,1.0,2.0,39.0,3.0,1.0
302,5549,5,2.051828452868319,2.0,2.0,2.0,40.0,3.3,1.0
302,5549,6,2.135415650406262,1.0,1.0,2.0,39.0,3.8,1.0
302,5549,7,2.1931712199461306,2.0,2.0,2.0,39.0,3.1,1.0
302,5549,8,2.211334438749598,1.0,1.0,2.0,41.0,3.9,1.0
302,5549,9,2.491987158875422,1.0,1.0,2.0,38.0,3.3,1.0
302,5549,10,2.521904042583698,2.0,1.0,3.0,39.0,2.8,1.0
303,19938,1,0.7810249675906655,1.0,1.0,4.0,35.5,3.1,1.0
303,19938,2,1.0440306508910548,2.0,1.0,4.0,36.0,2.8,1.0
303,19938,3,1.0440306508910548,1.0,1.0,3.0,36.0,2.8,1.0
303,19938,4,1.0770329614269007,1.0,1.0,3.0,36.0,2.9,1.0
303,19938,5,1.1575836902790217,1.0,2.0,4.0,35.7,3.0,1.0
303,19938,6,1.1661903789690602,1.0,1.0,3.0,36.0,3.1,1.0
303,19938,7,1.2000000000000002,1.0,1.0,4.0,36.0,3.7,1.0
303,19938,8,1.2206555615733703,1.0,1.0,3.0,36.0,3.2,1.0
303,19938,9,1.2206555615733703,2.0,1.0,4.0,36.0,3.2,1.0
303,19938,10,1.4142135623730951,1.0,2.0,4.0,36.0,3.5,1.0
304,4273,1,1.004987562112089,5.0,4.0,3.0,34.0,3.2,1.0
304,4273,2,1.118033988749895,5.0,4.0,3.0,33.5,3.3,1.0
304,4273,3,1.1224972160321824,5.0,4.0,3.0,33.5,3.2,1.0
304,4273,4,1.4142135623730951,5.0,5.0,3.0,34.0,3.3,1.0
304,4273,5,1.4142135623730951,5.0,4.0,3.0,35.0,3.3,1.0
304,4273,6,1.4142135623730951,5.0,4.0,3.0,35.0,3.3,1.0
304,4273,7,1.4177446878757824,4.0,4.0,3.0,34.0,3.2,1.0
304,4273,8,1.4177446878757824,5.0,4.0,4.0,34.0,3.4,1.0
304,4273,9,1.4177446878757824,6.0,4.0,3.0,34.0,3.4,1.0
304,4273,10,1.4177446878757824,5.0,5.0,3.0,34.0,3.2,1.0
305,10191,1,0.10000000000000009,1.0,1.0,3.0,28.0,2.8,1.0
305,10191,2,1.004987562112089,1.0,1.0,4.0,28.0,3.0,1.0
305,10191,3,1.0198039027185568,1.0,1.0,3.0,27.0,2.7,1.0
305,10191,4,1.0770329614269007,1.0,1.0,3.0,28.0,2.5,2.0
305,10191,5,1.4142135623730951,1.0,1.0,2.0,27.0,2.9,1.0
305,10191,6,1.4177446878757827,1.0,2.0,3.0,29.0,2.8,1.0
305,10191,7,1.4177446878757827,1.0,2.0,3.0,29.0,3.0,1.0
305,10191,8,1.445683229480096,1.0,1.0,2.0,27.0,2.6,1.0
305,10191,9,1.445683229480096,2.0,1.0,4.0,28.3,2.9,1.0
305,10191,10,1.445683229480096,1.0,1.0,4.0,29.0,3.2,1.0
306,6981,1,1.2369316876852976,1.0,1.0,3.0,20.0,3.4,1.0
306,6981,2,1.6062378404209008,2.0,1.0,1.0,20.0,2.9,1.0
306,6981,3,2.0928449536456344,2.0,1.0,2.0,21.0,3.9,1.0
306,6981,4,2.220360331117451,2.0,1.0,3.0,21.0,3.0,1.0
306,6981,5,2.5495097567963922,2.0,3.0,3.0,20.0,3.3,1.0
306,6981,6,2.7658633371878656,1.0,1.0,2.0,22.0,3.8,1.0
306,6981,7,2.9325756597230352,3.0,2.0,2.0,20.7,2.4,2.0
306,6981,8,2.956349099818896,3.0,3.0,2.0,20.0,2.7,1.0
306,6981,9,3.6999999999999993,1.0,1.0,2.0,23.0,3.2,1.0
306,6981,10,3.8366652186501744,2.0,2.0,3.0,22.7,3.6,1.0
307,3822,1,0.20000000000000018,5.0,3.0,3.0,41.0,3.5,1.0
307,3822,2,0.40000000000000036,5.0,3.0,3.0,41.0,3.7,1.0
307,3822,3,1.0,4.0,3.0,3.0,41.0,3.3,1.0
307,3822,4,1.004987562112089,5.0,4.0,3.0,41.0,3.2,1.0
307,3822,5,1.0198039027185568,5.0,4.0,3.0,41.0,3.1,1.0
307,3822,6,1.019803902718557,6.0,3.0,3.0,41.0,3.5,1.0
307,3822,7,1.044030650891055,5.0,3.0,3.0,40.0,3.6,1.0
307,3822,8,1.044030650891055,5.0,3.0,3.0,42.0,3.6,1.0
307,3822,9,1.0770329614269007,5.0,3.0,3.0,42.0,2.9,1.0
307,3822,10,1.0770329614269007,4.0,3.0,3.0,41.0,2.9,1.0
